year,state,question,category,group,value
2019,Alabama,Frequent mental distress among adults,Age,Age 18-44,21.0
2019,Arkansas,Depression among adults,Age,Age 18-44,27.8
2019,Guam,Depression among adults,Race/Ethnicity,"Multiracial, non-Hispanic",13.0
2019,Idaho,Depression among adults,Age,Age 45-64,22.3
2019,Idaho,Frequent mental distress among adults,Sex,Male,11.5
2019,Illinois,Depression among adults,Age,Age >=65,13.7
2019,Indiana,Depression among adults,Sex,Female,26.7
2019,Iowa,Depression among adults,Sex,Male,11.4
2019,Maryland,Average mentally unhealthy days among adults,Age,Age 18-44,4.7
2019,Michigan,Depression among adults,Age,Age 18-44,23.4
2019,Michigan,Average mentally unhealthy days among adults,Overall,Overall,3.2
2019,Michigan,Frequent mental distress among adults,Sex,Female,19.7
2019,Mississippi,Depression among adults,Overall,Overall,20.6
2019,Mississippi,Average mentally unhealthy days among adults,Sex,Female,2.3
2019,Missouri,Depression among adults,Sex,Male,16.3
2019,Missouri,Frequent mental distress among adults,Race/Ethnicity,Hispanic,18.6
2019,Nebraska,Frequent mental distress among adults,Sex,Male,8.6
2019,New Mexico,Depression among adults,Sex,Female,20.6
2019,New York,Frequent mental distress among adults,Race/Ethnicity,"White, non-Hispanic",12.1
2019,North Carolina,Frequent mental distress among adults,Age,Age 45-64,13.3
2019,North Dakota,Frequent mental distress among adults,Age,Age 45-64,8.5
2019,Tennessee,Depression among adults,Sex,Male,18.5
2019,Vermont,Frequent mental distress among adults,Sex,Male,13.1
2019,Virginia,Frequent mental distress among adults,Sex,Female,15.4
2020,Alabama,Depression among adults,Sex,Male,16.1
2020,Alabama,Frequent mental distress among adults,Sex,Female,21.0
2020,Arkansas,Average mentally unhealthy days among adults,Age,Age 45-64,2.7
2020,California,Depression among adults,Overall,Overall,14.1
2020,Delaware,Frequent mental distress among adults,Race/Ethnicity,"White, non-Hispanic",12.6
2020,Guam,Depression among adults,Age,Age 18-44,7.9
2020,Hawaii,Frequent mental distress among adults,Age,Age 45-64,10.4
2020,Hawaii,Frequent mental distress among adults,Race/Ethnicity,"Asian, non-Hispanic",7.7
2020,Kentucky,Depression among adults,Sex,Female,30.7
2020,Maryland,Frequent mental distress among adults,Race/Ethnicity,"Asian, non-Hispanic",10.9
2020,Minnesota,Depression among adults,Race/Ethnicity,"White, non-Hispanic",20.8
2020,Missouri,Frequent mental distress among adults,Age,Age 18-44,19.2
2020,New Mexico,Depression among adults,Sex,Male,12.5
2020,New Mexico,Average mentally unhealthy days among adults,Sex,Female,3.2
2020,Oklahoma,Frequent mental distress among adults,Age,Age 45-64,17.2
2020,Puerto Rico,Frequent mental distress among adults,Sex,Female,13.1
2020,Rhode Island,Depression among adults,Age,Age 18-44,23.4
2020,Washington,Frequent mental distress among adults,Race/Ethnicity,Hispanic,13.8
2020,Wisconsin,Depression among adults,Sex,Female,26.5
2021,Alabama,Depression among adults,Overall,Overall,23.0
2021,Colorado,Frequent mental distress among adults,Sex,Male,11.3
2021,Hawaii,Depression among adults,Race/Ethnicity,"Multiracial, non-Hispanic",12.8
2021,Maryland,Frequent mental distress among adults,Race/Ethnicity,"White, non-Hispanic",15.6
2021,Massachusetts,Depression among adults,Age,Age 18-44,22.0
2021,Massachusetts,Frequent mental distress among adults,Sex,Male,10.2
2021,Minnesota,Frequent mental distress among adults,Sex,Female,15.1
2021,Mississippi,Depression among adults,Sex,Male,13.7
2021,Missouri,Frequent mental distress among adults,Overall,Overall,16.2
2021,Missouri,Frequent mental distress among adults,Sex,Male,12.9
2021,Montana,Average mentally unhealthy days among adults,Sex,Female,3.0
2021,Nebraska,Frequent mental distress among adults,Sex,Male,10.7
2021,New Jersey,Depression among adults,Sex,Male,14.6
2021,New Mexico,Frequent mental distress among adults,Age,Age >=65,9.4
2021,New York,Depression among adults,Sex,Male,13.7
2021,Ohio,Depression among adults,Sex,Male,16.3
2021,Oregon,Depression among adults,Race/Ethnicity,"Multiracial, non-Hispanic",34.8
2021,Pennsylvania,Frequent mental distress among adults,Race/Ethnicity,Hispanic,14.9
2021,South Carolina,Current poor mental health among high school students,Grade,Grade 9,21.0
2021,South Carolina,Frequent mental distress among adults,Sex,Male,13.4
2021,Vermont,Depression among adults,Age,Age 45-64,22.7
2021,Virginia,Frequent mental distress among adults,Sex,Female,18.3
2021,West Virginia,Frequent mental distress among adults,Sex,Female,25.3
2022,Alabama,Frequent mental distress among adults,Sex,Male,15.0
2022,Alaska,Depression among adults,Race/Ethnicity,"Black, non-Hispanic",20.5
2022,Arizona,Depression among adults,Sex,Male,15.9
2022,California,Frequent mental distress among adults,Race/Ethnicity,Hispanic,14.7
2022,Guam,Depression among adults,Sex,Male,10.4
2022,Hawaii,Frequent mental distress among adults,Sex,Male,10.2
2022,Idaho,Frequent mental distress among adults,Sex,Female,18.7
2022,Kansas,Average mentally unhealthy days among adults,Age,Age 18-44,6.8
2022,Massachusetts,Depression among adults,Sex,Female,28.0
2022,New Mexico,Frequent mental distress among adults,Race/Ethnicity,Hispanic,15.9
2022,Oklahoma,Average mentally unhealthy days among adults,Age,Age 45-64,5.1
2022,Puerto Rico,Depression among adults,Age,Age >=65,19.3
2022,Puerto Rico,Frequent mental distress among adults,Overall,Overall,14.1
2022,South Carolina,Frequent mental distress among adults,Race/Ethnicity,"White, non-Hispanic",14.8
2022,South Dakota,Frequent mental distress among adults,Sex,Female,14.9
2022,Tennessee,Depression among adults,Age,Age 18-44,33.9
2022,Vermont,Depression among adults,Sex,Male,19.3
2022,Wyoming,Frequent mental distress among adults,Age,Age >=65,8.7
2019,Alabama,Frequent mental distress among adults,Sex,Female,20.3
2019,Alabama,Depression among adults,Age,Age 45-64,25.9
2019,Alabama,Frequent mental distress among adults,Race/Ethnicity,"White, non-Hispanic",18.1
2019,Arizona,Average mentally unhealthy days among adults,Overall,Overall,3.2
2019,Arizona,Frequent mental distress among adults,Race/Ethnicity,"White, non-Hispanic",14.6
2019,Arizona,Frequent mental distress among adults,Race/Ethnicity,"Black, non-Hispanic",18.2
2019,Alaska,Frequent mental distress among adults,Race/Ethnicity,"White, non-Hispanic",11.0
2019,Alabama,Frequent mental distress among adults,Age,Age 45-64,18.2
2019,Alabama,Frequent mental distress among adults,Sex,Male,15.3
2019,Alabama,Depression among adults,Sex,Female,28.4
2019,Alabama,Postpartum depressive symptoms among women with a recent live birth,Race/Ethnicity,"White, non-Hispanic",20.7
2019,Alaska,Frequent mental distress among adults,Age,Age >=65,6.7
2019,Arkansas,Average mentally unhealthy days among adults,Race/Ethnicity,"White, non-Hispanic",2.6
2019,Alaska,Average mentally unhealthy days among adults,Age,Age 18-44,3.9
2019,Alaska,Average mentally unhealthy days among adults,Sex,Female,4.2
2019,Arizona,Depression among adults,Race/Ethnicity,"White, non-Hispanic",19.6
2019,Arkansas,Depression among adults,Race/Ethnicity,"Multiracial, non-Hispanic",30.8
2019,Alabama,Average mentally unhealthy days among adults,Race/Ethnicity,"Black, non-Hispanic",2.5
2019,Alabama,Depression among adults,Race/Ethnicity,"Black, non-Hispanic",17.0
2019,Arizona,Frequent mental distress among adults,Overall,Overall,15.0
2019,Arizona,Depression among adults,Age,Age 45-64,18.7
2019,Arkansas,Frequent mental distress among adults,Overall,Overall,18.5
2019,Arizona,Average mentally unhealthy days among adults,Race/Ethnicity,Hispanic,2.9
2019,Alaska,Depression among adults,Race/Ethnicity,"White, non-Hispanic",18.5
2019,Arizona,Frequent mental distress among adults,Age,Age 18-44,18.3
2019,Arizona,Depression among adults,Race/Ethnicity,"American Indian or Alaska Native, non-Hispanic",15.9
2019,Alaska,Depression among adults,Age,Age 45-64,17.4
2019,Arizona,Average mentally unhealthy days among adults,Age,Age >=65,3.4
2019,Arkansas,Frequent mental distress among adults,Sex,Female,21.8
2019,Arkansas,Average mentally unhealthy days among adults,Age,Age 45-64,1.9
2019,Arizona,Frequent mental distress among adults,Sex,Male,13.6
2019,Arizona,Average mentally unhealthy days among adults,Race/Ethnicity,"White, non-Hispanic",3.6
2019,Arizona,Depression among adults,Race/Ethnicity,"Black, non-Hispanic",11.6
2019,Arizona,Average mentally unhealthy days among adults,Sex,Female,3.5
2019,Alabama,Frequent mental distress among adults,Race/Ethnicity,Hispanic,13.6
2019,Alaska,Postpartum depressive symptoms among women with a recent live birth,Overall,Overall,12.2
2019,Alabama,Frequent mental distress among adults,Sex,Female,19.5
2019,Alabama,Depression among adults,Race/Ethnicity,"Multiracial, non-Hispanic",43.5
2019,Arizona,Depression among adults,Sex,Female,21.0
2019,Alaska,Postpartum depressive symptoms among women with a recent live birth,Race/Ethnicity,Hispanic,16.4
2019,Alabama,Average mentally unhealthy days among adults,Overall,Overall,2.4
2019,Arkansas,Average mentally unhealthy days among adults,Sex,Male,2.8
2019,Alabama,Average mentally unhealthy days among adults,Overall,Overall,2.2
2019,Arkansas,Depression among adults,Sex,Male,17.8
2019,Alaska,Frequent mental distress among adults,Overall,Overall,12.0
2019,Arkansas,Postpartum depressive symptoms among women with a recent live birth,Race/Ethnicity,"Black, non-Hispanic",16.1
2019,Alabama,Average mentally unhealthy days among adults,Sex,Male,2.1
2019,Alaska,Frequent mental distress among adults,Sex,Male,10.2
2019,Alabama,Depression among adults,Overall,Overall,24.1
2019,Alabama,Depression among adults,Sex,Female,29.1
2019,Alaska,Average mentally unhealthy days among adults,Sex,Female,4.1
2019,Alaska,Frequent mental distress among adults,Age,Age 18-44,14.1
2019,Arkansas,Depression among adults,Overall,Overall,25.6
2019,Alaska,Frequent mental distress among adults,Race/Ethnicity,"American Indian or Alaska Native, non-Hispanic",12.4
2019,Arizona,Depression among adults,Race/Ethnicity,"Multiracial, non-Hispanic",27.8
2019,Arizona,Frequent mental distress among adults,Race/Ethnicity,"Black, non-Hispanic",17.7
2019,Arkansas,Depression among adults,Race/Ethnicity,"Black, non-Hispanic",19.3
2019,Arkansas,Frequent mental distress among adults,Race/Ethnicity,"Black, non-Hispanic",19.1
2019,Alabama,Average mentally unhealthy days among adults,Sex,Female,2.3
2019,Arkansas,Average mentally unhealthy days among adults,Sex,Female,2.2
2019,Arkansas,Depression among adults,Sex,Female,31.9
2019,Alabama,Frequent mental distress among adults,Sex,Male,15.9
2019,Alabama,Depression among adults,Race/Ethnicity,"American Indian or Alaska Native, non-Hispanic",22.9
2019,Alabama,Postpartum depressive symptoms among women with a recent live birth,Overall,Overall,23.5
2019,Arizona,Frequent mental distress among adults,Race/Ethnicity,"American Indian or Alaska Native, non-Hispanic",17.1
2019,Alabama,Frequent mental distress among adults,Race/Ethnicity,"American Indian or Alaska Native, non-Hispanic",20.2
2019,Arizona,Depression among adults,Age,Age 18-44,18.1
2019,Arkansas,Depression among adults,Age,Age >=65,16.5
2019,Alaska,Depression among adults,Race/Ethnicity,"Multiracial, non-Hispanic",18.8
2019,Arkansas,Average mentally unhealthy days among adults,Age,Age 18-44,3.0
2019,Arkansas,Frequent mental distress among adults,Race/Ethnicity,Hispanic,12.2
2019,Arizona,Frequent mental distress among adults,Race/Ethnicity,"Multiracial, non-Hispanic",28.1
2019,Arizona,Frequent mental distress among adults,Race/Ethnicity,"White, non-Hispanic",16.7
2019,Alaska,Average mentally unhealthy days among adults,Overall,Overall,3.7
2019,Arkansas,Depression among adults,Race/Ethnicity,"Multiracial, non-Hispanic",33.3
2019,Alabama,Frequent mental distress among adults,Race/Ethnicity,"Black, non-Hispanic",16.0
2019,Alabama,Depression among adults,Race/Ethnicity,"Multiracial, non-Hispanic",46.6
2019,Arizona,Average mentally unhealthy days among adults,Race/Ethnicity,Hispanic,3.3
2019,Alaska,Depression among adults,Sex,Female,23.3
2019,Alaska,Depression among adults,Overall,Overall,17.4
2019,Alabama,Average mentally unhealthy days among adults,Race/Ethnicity,"White, non-Hispanic",2.2
2019,Arkansas,Depression among adults,Sex,Male,17.7
2019,Arizona,Depression among adults,Sex,Male,12.7
2019,Arizona,Frequent mental distress among adults,Age,Age >=65,7.7
2019,Arizona,Depression among adults,Race/Ethnicity,"American Indian or Alaska Native, non-Hispanic",15.8
2019,Arkansas,Frequent mental distress among adults,Sex,Female,22.9
2019,Alabama,Average mentally unhealthy days among adults,Age,Age >=65,1.6
2019,Alaska,Average mentally unhealthy days among adults,Age,Age >=65,2.1
2019,Arkansas,Frequent mental distress among adults,Age,Age >=65,10.3
2019,Alaska,Depression among adults,Sex,Male,12.1
2019,Arizona,Frequent mental distress among adults,Sex,Male,13.2
2019,Arkansas,Depression among adults,Race/Ethnicity,"American Indian or Alaska Native, non-Hispanic",34.7
2019,Arizona,Depression among adults,Race/Ethnicity,"Multiracial, non-Hispanic",37.1
2019,Alaska,Average mentally unhealthy days among adults,Race/Ethnicity,"Black, non-Hispanic",0.0
2019,Arkansas,Depression among adults,Race/Ethnicity,"Black, non-Hispanic",19.2
2019,Alaska,Frequent mental distress among adults,Race/Ethnicity,"American Indian or Alaska Native, non-Hispanic",11.9
2019,Arizona,Frequent mental distress among adults,Race/Ethnicity,"American Indian or Alaska Native, non-Hispanic",17.7
2019,Arkansas,Frequent mental distress among adults,Race/Ethnicity,"American Indian or Alaska Native, non-Hispanic",34.5
2019,Alaska,Depression among adults,Race/Ethnicity,"American Indian or Alaska Native, non-Hispanic",15.0
2019,Arizona,Average mentally unhealthy days among adults,Race/Ethnicity,"White, non-Hispanic",3.5
2019,Arizona,Depression among adults,Race/Ethnicity,"Black, non-Hispanic",11.5
2019,Arizona,Average mentally unhealthy days among adults,Age,Age 18-44,2.9
2019,Alaska,Frequent mental distress among adults,Race/Ethnicity,"White, non-Hispanic",11.0
2019,Arkansas,Frequent mental distress among adults,Race/Ethnicity,"Multiracial, non-Hispanic",30.3
2019,Arizona,Average mentally unhealthy days among adults,Sex,Female,3.5
2019,Alabama,Frequent mental distress among adults,Race/Ethnicity,"Multiracial, non-Hispanic",22.8
2019,Arizona,Depression among adults,Age,Age >=65,11.8
2019,Arkansas,Depression among adults,Sex,Female,33.2
2019,Arkansas,Average mentally unhealthy days among adults,Overall,Overall,2.5
2019,Arkansas,Depression among adults,Race/Ethnicity,Hispanic,15.8
2019,Alaska,Frequent mental distress among adults,Sex,Male,10.3
2019,Arkansas,Frequent mental distress among adults,Race/Ethnicity,"Black, non-Hispanic",19.5
2019,Arkansas,Depression among adults,Overall,Overall,25.0
2019,Arizona,Depression among adults,Race/Ethnicity,Hispanic,13.2
2019,Alabama,Depression among adults,Race/Ethnicity,Hispanic,24.7
2019,Arkansas,Depression among adults,Race/Ethnicity,"White, non-Hispanic",28.0
2019,Arkansas,Average mentally unhealthy days among adults,Age,Age >=65,2.4
2019,Alaska,Depression among adults,Sex,Male,11.9
2019,Alabama,Postpartum depressive symptoms among women with a recent live birth,Race/Ethnicity,"Black, non-Hispanic",30.5
2019,Alabama,Postpartum depressive symptoms among women with a recent live birth,Race/Ethnicity,Hispanic,14.7
2019,Arkansas,Frequent mental distress among adults,Race/Ethnicity,Hispanic,10.4
2019,Alabama,Frequent mental distress among adults,Overall,Overall,18.2
2019,Alabama,Frequent mental distress among adults,Race/Ethnicity,"American Indian or Alaska Native, non-Hispanic",18.1
2019,Alabama,Depression among adults,Race/Ethnicity,"American Indian or Alaska Native, non-Hispanic",25.7
2019,Arkansas,Average mentally unhealthy days among adults,Sex,Female,2.3
2019,Arizona,Frequent mental distress among adults,Race/Ethnicity,"Multiracial, non-Hispanic",29.4
2019,Arkansas,Average mentally unhealthy days among adults,Sex,Male,2.8
2019,Arizona,Average mentally unhealthy days among adults,Sex,Male,2.9
2019,Alaska,Average mentally unhealthy days among adults,Overall,Overall,3.7
2019,Alabama,Depression among adults,Age,Age >=65,18.0
2019,Alaska,Postpartum depressive symptoms among women with a recent live birth,Race/Ethnicity,"Asian, non-Hispanic",20.9
2019,Alaska,Average mentally unhealthy days among adults,Race/Ethnicity,"White, non-Hispanic",3.5
2019,Alaska,Frequent mental distress among adults,Race/Ethnicity,"Multiracial, non-Hispanic",15.3
2019,Alabama,Average mentally unhealthy days among adults,Age,Age 18-44,2.9
2019,Alabama,Depression among adults,Sex,Male,19.3
2019,Alabama,Frequent mental distress among adults,Race/Ethnicity,"Black, non-Hispanic",16.0
2019,Arkansas,Postpartum depressive symptoms among women with a recent live birth,Race/Ethnicity,Hispanic,26.1
2019,Alabama,Frequent mental distress among adults,Age,Age >=65,9.4
2019,Alaska,Average mentally unhealthy days among adults,Race/Ethnicity,"Black, non-Hispanic",0.0
2019,Arkansas,Frequent mental distress among adults,Age,Age 18-44,21.9
2019,Alaska,Average mentally unhealthy days among adults,Sex,Male,3.4
2019,Arizona,Frequent mental distress among adults,Race/Ethnicity,Hispanic,14.3
2019,Alaska,Depression among adults,Race/Ethnicity,"American Indian or Alaska Native, non-Hispanic",15.5
2019,Alaska,Depression among adults,Race/Ethnicity,"Multiracial, non-Hispanic",19.7
2019,Arizona,Frequent mental distress among adults,Overall,Overall,14.5
2019,Alabama,Frequent mental distress among adults,Race/Ethnicity,"Multiracial, non-Hispanic",23.2
2019,Alaska,Postpartum depressive symptoms among women with a recent live birth,Race/Ethnicity,"White, non-Hispanic",10.0
2019,Alaska,Depression among adults,Age,Age >=65,14.5
2019,Arizona,Depression among adults,Sex,Male,12.5
2019,Alaska,Frequent mental distress among adults,Sex,Female,13.8
2019,Arkansas,Frequent mental distress among adults,Race/Ethnicity,"Multiracial, non-Hispanic",29.8
2019,Arkansas,Frequent mental distress among adults,Sex,Male,13.6
2019,Alaska,Frequent mental distress among adults,Age,Age 45-64,11.4
2019,Arkansas,Postpartum depressive symptoms among women with a recent live birth,Overall,Overall,19.1
2019,Arizona,Depression among adults,Overall,Overall,16.8
2019,Arkansas,Depression among adults,Race/Ethnicity,"American Indian or Alaska Native, non-Hispanic",29.8
2019,Alabama,Average mentally unhealthy days among adults,Race/Ethnicity,"White, non-Hispanic",2.4
2019,Alabama,Depression among adults,Race/Ethnicity,"White, non-Hispanic",27.9
2019,Arizona,Average mentally unhealthy days among adults,Age,Age 45-64,3.5
2019,Alabama,Average mentally unhealthy days among adults,Race/Ethnicity,"Black, non-Hispanic",2.4
2019,Alabama,Frequent mental distress among adults,Race/Ethnicity,"White, non-Hispanic",19.6
2019,Alabama,Depression among adults,Age,Age 18-44,25.8
2019,Alaska,Frequent mental distress among adults,Race/Ethnicity,"Multiracial, non-Hispanic",14.2
2019,Alaska,Average mentally unhealthy days among adults,Age,Age 45-64,4.4
2019,Alaska,Postpartum depressive symptoms among women with a recent live birth,Race/Ethnicity,"American Indian or Alaska Native, non-Hispanic",14.2
2019,Arizona,Depression among adults,Race/Ethnicity,Hispanic,13.6
2019,Alabama,Depression among adults,Race/Ethnicity,Hispanic,23.7
2019,Alabama,Depression among adults,Overall,Overall,24.5
2019,Alaska,Depression among adults,Race/Ethnicity,Hispanic,20.7
2019,Arkansas,Postpartum depressive symptoms among women with a recent live birth,Race/Ethnicity,"White, non-Hispanic",19.7
2019,Alabama,Frequent mental distress among adults,Overall,Overall,17.5
2019,Arkansas,Average mentally unhealthy days among adults,Race/Ethnicity,"White, non-Hispanic",2.7
2019,Arizona,Average mentally unhealthy days among adults,Overall,Overall,3.2
2019,Arizona,Frequent mental distress among adults,Sex,Female,15.7
2019,Arkansas,Frequent mental distress among adults,Race/Ethnicity,"White, non-Hispanic",17.6
2019,Arizona,Average mentally unhealthy days among adults,Sex,Male,2.9
2019,Arkansas,Depression among adults,Race/Ethnicity,Hispanic,14.0
2019,Alaska,Average mentally unhealthy days among adults,Race/Ethnicity,"White, non-Hispanic",3.5
2019,Alabama,Depression among adults,Race/Ethnicity,"Black, non-Hispanic",16.9
2019,Arizona,Depression among adults,Race/Ethnicity,"White, non-Hispanic",21.6
2019,Alaska,Depression among adults,Overall,Overall,17.2
2019,Alaska,Depression among adults,Sex,Female,23.1
2019,Arkansas,Average mentally unhealthy days among adults,Overall,Overall,2.5
2019,Alabama,Average mentally unhealthy days among adults,Sex,Male,2.2
2019,Arkansas,Frequent mental distress among adults,Race/Ethnicity,"White, non-Hispanic",18.9
2019,Arizona,Depression among adults,Sex,Female,21.7
2019,Arkansas,Depression among adults,Race/Ethnicity,"White, non-Hispanic",26.6
2019,Arizona,Frequent mental distress among adults,Age,Age 45-64,13.8
2019,Arkansas,Frequent mental distress among adults,Sex,Male,13.8
2019,Alabama,Depression among adults,Sex,Male,19.6
2019,Arizona,Frequent mental distress among adults,Sex,Female,16.4
2019,Alaska,Average mentally unhealthy days among adults,Sex,Male,3.2
2019,Arkansas,Frequent mental distress among adults,Age,Age 45-64,17.3
2019,Arkansas,Frequent mental distress among adults,Overall,Overall,17.8
2019,Arkansas,Depression among adults,Age,Age 45-64,27.0
2019,Alabama,Average mentally unhealthy days among adults,Sex,Female,2.5
2019,Alaska,Frequent mental distress among adults,Sex,Female,13.9
2019,Arizona,Frequent mental distress among adults,Race/Ethnicity,Hispanic,13.4
2019,Arizona,Depression among adults,Overall,Overall,17.2
2019,Alabama,Average mentally unhealthy days among adults,Age,Age 45-64,1.8
2019,Alaska,Postpartum depressive symptoms among women with a recent live birth,Race/Ethnicity,"Multiracial, non-Hispanic",14.8
2019,Alaska,Depression among adults,Age,Age 18-44,18.4
2019,Alaska,Frequent mental distress among adults,Overall,Overall,11.9
2019,Alabama,Depression among adults,Race/Ethnicity,"White, non-Hispanic",26.7
2019,Alaska,Depression among adults,Race/Ethnicity,"White, non-Hispanic",18.6
2019,Oklahoma,Depression among adults,Overall,Overall,23.3
2019,North Carolina,Depression among adults,Sex,Male,15.2
2019,Florida,Average mentally unhealthy days among adults,Race/Ethnicity,Hispanic,2.2
2019,Hawaii,Frequent mental distress among adults,Race/Ethnicity,"Hawaiian or Pacific Islander, non-Hispanic",14.4
2019,Georgia,Postpartum depressive symptoms among women with a recent live birth,Race/Ethnicity,"Black, non-Hispanic",16.1
2019,Guam,Frequent mental distress among adults,Sex,Female,14.5
2019,Delaware,Frequent mental distress among adults,Race/Ethnicity,Hispanic,10.2
2019,California,Frequent mental distress among adults,Sex,Female,13.5
2019,Hawaii,Depression among adults,Race/Ethnicity,"Multiracial, non-Hispanic",15.5
2019,Georgia,Frequent mental distress among adults,Sex,Female,16.8
2019,Florida,Postpartum depressive symptoms among women with a recent live birth,Overall,Overall,13.0
2019,Florida,Depression among adults,Race/Ethnicity,"Multiracial, non-Hispanic",29.3
2019,Colorado,Depression among adults,Overall,Overall,17.2
2019,District of Columbia,Depression among adults,Race/Ethnicity,Hispanic,18.3
2019,District of Columbia,Depression among adults,Overall,Overall,19.8
2019,Connecticut,Depression among adults,Sex,Male,10.8
2019,Guam,Depression among adults,Race/Ethnicity,"Asian, non-Hispanic",8.0
2019,Colorado,Frequent mental distress among adults,Age,Age 18-44,15.0
2019,Georgia,Depression among adults,Race/Ethnicity,"Black, non-Hispanic",11.9
2019,Delaware,Average mentally unhealthy days among adults,Age,Age 18-44,3.0
2019,Georgia,Frequent mental distress among adults,Overall,Overall,15.4
2019,District of Columbia,Frequent mental distress among adults,Sex,Male,9.1
2019,Hawaii,Average mentally unhealthy days among adults,Race/Ethnicity,"White, non-Hispanic",4.2
2019,District of Columbia,Postpartum depressive symptoms among women with a recent live birth,Race/Ethnicity,"Black, non-Hispanic",20.3
2019,District of Columbia,Average mentally unhealthy days among adults,Race/Ethnicity,"Black, non-Hispanic",2.9
2019,Delaware,Average mentally unhealthy days among adults,Race/Ethnicity,"White, non-Hispanic",3.2
2019,California,Average mentally unhealthy days among adults,Overall,Overall,3.7
2019,District of Columbia,Frequent mental distress among adults,Overall,Overall,11.0
2019,Colorado,Average mentally unhealthy days among adults,Race/Ethnicity,Hispanic,3.3
2019,Hawaii,Frequent mental distress among adults,Sex,Male,10.7
2019,Delaware,Average mentally unhealthy days among adults,Age,Age >=65,2.2
2019,Delaware,Frequent mental distress among adults,Race/Ethnicity,"White, non-Hispanic",14.7
2019,Colorado,Frequent mental distress among adults,Sex,Male,11.3
2019,Florida,Frequent mental distress among adults,Race/Ethnicity,"White, non-Hispanic",16.6
2019,Guam,Frequent mental distress among adults,Race/Ethnicity,"Multiracial, non-Hispanic",15.1
2019,Hawaii,Frequent mental distress among adults,Race/Ethnicity,"Asian, non-Hispanic",8.4
2019,Hawaii,Depression among adults,Race/Ethnicity,"Hawaiian or Pacific Islander, non-Hispanic",13.8
2019,Guam,Depression among adults,Sex,Male,12.0
2019,Georgia,Average mentally unhealthy days among adults,Race/Ethnicity,"Black, non-Hispanic",2.0
2019,Florida,Postpartum depressive symptoms among women with a recent live birth,Race/Ethnicity,Hispanic,9.2
2019,Delaware,Frequent mental distress among adults,Race/Ethnicity,"Black, non-Hispanic",11.3
2019,Connecticut,Frequent mental distress among adults,Race/Ethnicity,"White, non-Hispanic",12.0
2019,District of Columbia,Depression among adults,Race/Ethnicity,"Black, non-Hispanic",20.3
2019,Georgia,Frequent mental distress among adults,Race/Ethnicity,"Multiracial, non-Hispanic",21.0
2019,Connecticut,Depression among adults,Race/Ethnicity,"White, non-Hispanic",16.2
2019,Georgia,Postpartum depressive symptoms among women with a recent live birth,Race/Ethnicity,"White, non-Hispanic",13.8
2019,Connecticut,Average mentally unhealthy days among adults,Age,Age 45-64,3.7
2019,District of Columbia,Average mentally unhealthy days among adults,Sex,Male,3.9
2019,District of Columbia,Average mentally unhealthy days among adults,Overall,Overall,4.3
2019,Hawaii,Frequent mental distress among adults,Race/Ethnicity,"Multiracial, non-Hispanic",13.6
2019,Delaware,Average mentally unhealthy days among adults,Overall,Overall,3.2
2019,District of Columbia,Frequent mental distress among adults,Race/Ethnicity,"White, non-Hispanic",8.8
2019,Connecticut,Depression among adults,Age,Age 18-44,15.5
2019,Guam,Frequent mental distress among adults,Race/Ethnicity,"Hawaiian or Pacific Islander, non-Hispanic",17.3
2019,District of Columbia,Frequent mental distress among adults,Race/Ethnicity,Hispanic,12.3
2019,Colorado,Depression among adults,Sex,Female,20.7
2019,Guam,Depression among adults,Overall,Overall,10.6
2019,Florida,Average mentally unhealthy days among adults,Race/Ethnicity,"White, non-Hispanic",3.4
2019,District of Columbia,Postpartum depressive symptoms among women with a recent live birth,Race/Ethnicity,"White, non-Hispanic",4.4
2019,Hawaii,Average mentally unhealthy days among adults,Age,Age 45-64,3.1
2019,Delaware,Depression among adults,Age,Age 45-64,17.8
2019,California,Depression among adults,Race/Ethnicity,"Asian, non-Hispanic",6.2
2019,Hawaii,Depression among adults,Age,Age 18-44,14.0
2019,California,Depression among adults,Sex,Female,18.5
2019,Florida,Frequent mental distress among adults,Age,Age 18-44,15.5
2019,Florida,Depression among adults,Race/Ethnicity,Hispanic,14.8
2019,Colorado,Frequent mental distress among adults,Race/Ethnicity,"White, non-Hispanic",12.5
2019,Delaware,Frequent mental distress among adults,Sex,Male,11.0
2019,Colorado,Depression among adults,Race/Ethnicity,"Black, non-Hispanic",20.5
2019,Hawaii,Average mentally unhealthy days among adults,Race/Ethnicity,Hispanic,2.8
2019,Georgia,Depression among adults,Race/Ethnicity,Hispanic,12.1
2019,Connecticut,Average mentally unhealthy days among adults,Sex,Male,4.6
2019,Guam,Frequent mental distress among adults,Age,Age 18-44,13.0
2019,District of Columbia,Average mentally unhealthy days among adults,Sex,Female,4.6
2019,Florida,Depression among adults,Race/Ethnicity,"Black, non-Hispanic",11.9
2019,Florida,Depression among adults,Overall,Overall,17.9
2019,Guam,Average mentally unhealthy days among adults,Sex,Female,2.5
2019,Hawaii,Frequent mental distress among adults,Race/Ethnicity,"White, non-Hispanic",10.7
2019,Connecticut,Postpartum depressive symptoms among women with a recent live birth,Race/Ethnicity,"White, non-Hispanic",8.5
2019,Georgia,Depression among adults,Age,Age 45-64,16.8
2019,Connecticut,Frequent mental distress among adults,Sex,Female,12.3
2019,Connecticut,Frequent mental distress among adults,Race/Ethnicity,Hispanic,11.6
2019,California,Frequent mental distress among adults,Race/Ethnicity,"Multiracial, non-Hispanic",17.0
2019,Florida,Average mentally unhealthy days among adults,Age,Age >=65,2.1
2019,Hawaii,Average mentally unhealthy days among adults,Overall,Overall,3.4
2019,Georgia,Average mentally unhealthy days among adults,Overall,Overall,3.4
2019,Hawaii,Frequent mental distress among adults,Race/Ethnicity,"Hawaiian or Pacific Islander, non-Hispanic",14.6
2019,District of Columbia,Average mentally unhealthy days among adults,Age,Age >=65,2.9
2019,Delaware,Frequent mental distress among adults,Race/Ethnicity,"Black, non-Hispanic",10.6
2019,Delaware,Depression among adults,Sex,Male,13.1
2019,Hawaii,Depression among adults,Age,Age 45-64,12.5
2019,District of Columbia,Frequent mental distress among adults,Race/Ethnicity,"Black, non-Hispanic",14.0
2019,Delaware,Depression among adults,Age,Age >=65,12.8
2019,Guam,Depression among adults,Age,Age >=65,10.0
2019,California,Depression among adults,Overall,Overall,14.6
2019,California,Average mentally unhealthy days among adults,Sex,Female,3.8
2019,Florida,Average mentally unhealthy days among adults,Sex,Male,3.2
2019,Hawaii,Postpartum depressive symptoms among women with a recent live birth,Race/Ethnicity,"Multiracial, non-Hispanic",5.9
2019,California,Depression among adults,Race/Ethnicity,"Asian, non-Hispanic",6.0
2019,Colorado,Frequent mental distress among adults,Race/Ethnicity,Hispanic,10.3
2019,Connecticut,Frequent mental distress among adults,Overall,Overall,11.3
2019,Connecticut,Depression among adults,Race/Ethnicity,Hispanic,12.2
2019,Guam,Average mentally unhealthy days among adults,Age,Age 45-64,3.0
2019,Florida,Frequent mental distress among adults,Race/Ethnicity,Hispanic,12.4
2019,Georgia,Depression among adults,Race/Ethnicity,"White, non-Hispanic",22.7
2019,Delaware,Frequent mental distress among adults,Race/Ethnicity,"White, non-Hispanic",16.3
2019,Colorado,Average mentally unhealthy days among adults,Sex,Female,5.4
2019,Guam,Frequent mental distress among adults,Race/Ethnicity,"Multiracial, non-Hispanic",15.2
2019,Georgia,Average mentally unhealthy days among adults,Race/Ethnicity,"White, non-Hispanic",4.3
2019,Colorado,Depression among adults,Race/Ethnicity,"Multiracial, non-Hispanic",21.2
2019,District of Columbia,Average mentally unhealthy days among adults,Sex,Male,3.9
2019,Guam,Depression among adults,Race/Ethnicity,"Hawaiian or Pacific Islander, non-Hispanic",10.0
2019,Hawaii,Frequent mental distress among adults,Age,Age >=65,6.9
2019,Florida,Average mentally unhealthy days among adults,Overall,Overall,2.8
2019,Guam,Depression among adults,Sex,Female,9.5
2019,California,Frequent mental distress among adults,Sex,Female,13.2
2019,Connecticut,Postpartum depressive symptoms among women with a recent live birth,Race/Ethnicity,"Asian, non-Hispanic",19.4
2019,Florida,Depression among adults,Sex,Female,22.1
2019,Guam,Frequent mental distress among adults,Sex,Male,11.7
2019,Hawaii,Depression among adults,Sex,Male,10.1
2019,Hawaii,Average mentally unhealthy days among adults,Race/Ethnicity,"Asian, non-Hispanic",3.2
2019,Colorado,Average mentally unhealthy days among adults,Age,Age 45-64,3.9
2019,Delaware,Depression among adults,Race/Ethnicity,"White, non-Hispanic",22.3
2019,Colorado,Depression among adults,Age,Age 18-44,18.8
2019,Guam,Average mentally unhealthy days among adults,Race/Ethnicity,"Hawaiian or Pacific Islander, non-Hispanic",2.5
2019,Delaware,Average mentally unhealthy days among adults,Sex,Male,2.8
2019,District of Columbia,Depression among adults,Sex,Male,17.0
2019,Colorado,Average mentally unhealthy days among adults,Race/Ethnicity,"White, non-Hispanic",4.9
2019,Hawaii,Depression among adults,Race/Ethnicity,"Asian, non-Hispanic",7.6
2019,Florida,Frequent mental distress among adults,Race/Ethnicity,"Black, non-Hispanic",12.3
2019,Connecticut,Average mentally unhealthy days among adults,Race/Ethnicity,Hispanic,3.2
2019,Connecticut,Depression among adults,Race/Ethnicity,"Multiracial, non-Hispanic",21.4
2019,California,Average mentally unhealthy days among adults,Race/Ethnicity,"Asian, non-Hispanic",4.6
2019,District of Columbia,Depression among adults,Race/Ethnicity,"White, non-Hispanic",21.3
2019,Georgia,Frequent mental distress among adults,Sex,Male,14.2
2019,Florida,Average mentally unhealthy days among adults,Age,Age 18-44,3.1
2019,California,Average mentally unhealthy days among adults,Age,Age 45-64,3.4
2019,Florida,Depression among adults,Race/Ethnicity,"White, non-Hispanic",21.5
2019,District of Columbia,Depression among adults,Race/Ethnicity,Hispanic,14.1
2019,Guam,Depression among adults,Race/Ethnicity,"White, non-Hispanic",16.5
2019,Connecticut,Postpartum depressive symptoms among women with a recent live birth,Overall,Overall,11.1
2019,Hawaii,Frequent mental distress among adults,Overall,Overall,11.1
2019,Georgia,Frequent mental distress among adults,Overall,Overall,15.5
2019,Colorado,Depression among adults,Sex,Female,20.7
2019,District of Columbia,Postpartum depressive symptoms among women with a recent live birth,Overall,Overall,12.3
2019,Guam,Average mentally unhealthy days among adults,Sex,Male,3.5
2019,Florida,Depression among adults,Sex,Male,13.5
2019,Delaware,Depression among adults,Race/Ethnicity,Hispanic,9.2
2019,Colorado,Depression among adults,Race/Ethnicity,"American Indian or Alaska Native, non-Hispanic",18.9
2019,District of Columbia,Frequent mental distress among adults,Age,Age 18-44,12.3
2019,Georgia,Average mentally unhealthy days among adults,Age,Age >=65,2.8
2019,Hawaii,Average mentally unhealthy days among adults,Race/Ethnicity,"Hawaiian or Pacific Islander, non-Hispanic",3.3
2019,California,Depression among adults,Sex,Male,10.6
2019,California,Frequent mental distress among adults,Sex,Male,10.5
2019,Delaware,Frequent mental distress among adults,Sex,Female,15.7
2019,Hawaii,Depression among adults,Race/Ethnicity,"Hawaiian or Pacific Islander, non-Hispanic",13.3
2019,California,Depression among adults,Race/Ethnicity,"Multiracial, non-Hispanic",20.5
2019,District of Columbia,Frequent mental distress among adults,Sex,Female,13.7
2019,Florida,Depression among adults,Age,Age >=65,14.4
2019,District of Columbia,Depression among adults,Race/Ethnicity,"Black, non-Hispanic",20.7
2019,Hawaii,Frequent mental distress among adults,Sex,Male,10.4
2019,Connecticut,Frequent mental distress among adults,Sex,Female,12.5
2019,Florida,Average mentally unhealthy days among adults,Race/Ethnicity,"White, non-Hispanic",3.1
2019,Colorado,Postpartum depressive symptoms among women with a recent live birth,Race/Ethnicity,"Asian, non-Hispanic",18.8
2019,Colorado,Frequent mental distress among adults,Sex,Female,13.3
2019,Connecticut,Average mentally unhealthy days among adults,Overall,Overall,3.8
2019,California,Frequent mental distress among adults,Age,Age 18-44,14.1
2019,Colorado,Frequent mental distress among adults,Age,Age 45-64,11.4
2019,Connecticut,Frequent mental distress among adults,Age,Age 45-64,11.5
2019,Florida,Average mentally unhealthy days among adults,Race/Ethnicity,Hispanic,2.2
2019,Connecticut,Depression among adults,Age,Age 45-64,15.1
2019,Hawaii,Average mentally unhealthy days among adults,Age,Age 18-44,3.9
2019,Colorado,Depression among adults,Race/Ethnicity,"Multiracial, non-Hispanic",21.2
2019,California,Average mentally unhealthy days among adults,Sex,Female,3.8
2019,Connecticut,Average mentally unhealthy days among adults,Sex,Female,3.2
2019,District of Columbia,Average mentally unhealthy days among adults,Race/Ethnicity,"Multiracial, non-Hispanic",0.0
2019,California,Depression among adults,Overall,Overall,14.6
2019,Hawaii,Depression among adults,Age,Age >=65,10.8
2019,Connecticut,Frequent mental distress among adults,Race/Ethnicity,"White, non-Hispanic",11.0
2019,Hawaii,Postpartum depressive symptoms among women with a recent live birth,Race/Ethnicity,Hispanic,13.8
2019,Delaware,Postpartum depressive symptoms among women with a recent live birth,Race/Ethnicity,Hispanic,4.0
2019,Florida,Frequent mental distress among adults,Age,Age >=65,9.7
2019,Hawaii,Average mentally unhealthy days among adults,Race/Ethnicity,"Multiracial, non-Hispanic",4.1
2019,Colorado,Frequent mental distress among adults,Overall,Overall,12.4
2019,Florida,Frequent mental distress among adults,Race/Ethnicity,"White, non-Hispanic",15.0
2019,Georgia,Depression among adults,Race/Ethnicity,Hispanic,10.4
2019,Colorado,Frequent mental distress among adults,Sex,Male,11.3
2019,Guam,Depression among adults,Sex,Male,11.7
2019,Florida,Frequent mental distress among adults,Sex,Male,11.4
2019,Hawaii,Depression among adults,Race/Ethnicity,"Multiracial, non-Hispanic",15.5
2019,Georgia,Frequent mental distress among adults,Race/Ethnicity,"Black, non-Hispanic",14.1
2019,California,Frequent mental distress among adults,Age,Age >=65,8.5
2019,District of Columbia,Depression among adults,Sex,Female,23.2
2019,Florida,Average mentally unhealthy days among adults,Sex,Male,3.0
2019,Colorado,Frequent mental distress among adults,Race/Ethnicity,"Multiracial, non-Hispanic",12.5
2019,Florida,Frequent mental distress among adults,Race/Ethnicity,"Black, non-Hispanic",12.1
2019,Hawaii,Depression among adults,Race/Ethnicity,"Asian, non-Hispanic",7.5
2019,District of Columbia,Depression among adults,Age,Age 45-64,20.8
2019,Guam,Average mentally unhealthy days among adults,Age,Age 18-44,2.8
2019,Connecticut,Average mentally unhealthy days among adults,Sex,Male,4.5
2019,Hawaii,Average mentally unhealthy days among adults,Sex,Female,2.7
2019,Delaware,Frequent mental distress among adults,Race/Ethnicity,"Multiracial, non-Hispanic",15.3
2019,Delaware,Depression among adults,Sex,Female,25.7
2019,Georgia,Frequent mental distress among adults,Age,Age 18-44,18.8
2019,Guam,Frequent mental distress among adults,Race/Ethnicity,"White, non-Hispanic",10.6
2019,Georgia,Postpartum depressive symptoms among women with a recent live birth,Overall,Overall,14.5
2019,Hawaii,Depression among adults,Race/Ethnicity,"White, non-Hispanic",16.9
2019,Connecticut,Postpartum depressive symptoms among women with a recent live birth,Race/Ethnicity,"Multiracial, non-Hispanic",13.1
2019,Guam,Frequent mental distress among adults,Race/Ethnicity,"Asian, non-Hispanic",7.2
2019,Connecticut,Frequent mental distress among adults,Race/Ethnicity,Hispanic,11.1
2019,Hawaii,Average mentally unhealthy days among adults,Overall,Overall,3.5
2019,District of Columbia,Average mentally unhealthy days among adults,Overall,Overall,4.3
2019,Georgia,Depression among adults,Race/Ethnicity,"White, non-Hispanic",21.5
2019,Georgia,Frequent mental distress among adults,Race/Ethnicity,Hispanic,16.3
2019,Colorado,Average mentally unhealthy days among adults,Sex,Male,3.4
2019,Georgia,Average mentally unhealthy days among adults,Race/Ethnicity,"Black, non-Hispanic",1.9
2019,Hawaii,Depression among adults,Overall,Overall,12.8
2019,Delaware,Average mentally unhealthy days among adults,Sex,Male,2.8
2019,Georgia,Depression among adults,Overall,Overall,17.1
2019,Georgia,Frequent mental distress among adults,Race/Ethnicity,"White, non-Hispanic",16.4
2019,California,Frequent mental distress among adults,Race/Ethnicity,"Multiracial, non-Hispanic",16.7
2019,Hawaii,Frequent mental distress among adults,Age,Age 18-44,13.6
2019,Connecticut,Depression among adults,Sex,Female,17.8
2019,Florida,Depression among adults,Sex,Male,13.1
2019,District of Columbia,Depression among adults,Race/Ethnicity,"White, non-Hispanic",21.2
2019,Hawaii,Frequent mental distress among adults,Race/Ethnicity,Hispanic,17.3
2019,Florida,Frequent mental distress among adults,Race/Ethnicity,Hispanic,12.5
2019,Connecticut,Average mentally unhealthy days among adults,Race/Ethnicity,"White, non-Hispanic",4.3
2019,District of Columbia,Average mentally unhealthy days among adults,Race/Ethnicity,"White, non-Hispanic",5.4
2019,Delaware,Depression among adults,Race/Ethnicity,"Multiracial, non-Hispanic",33.4
2019,Colorado,Depression among adults,Age,Age >=65,13.6
2019,Georgia,Average mentally unhealthy days among adults,Sex,Female,3.7
2019,Delaware,Frequent mental distress among adults,Age,Age 45-64,11.3
2019,Guam,Average mentally unhealthy days among adults,Race/Ethnicity,"Hawaiian or Pacific Islander, non-Hispanic",2.3
2019,Guam,Depression among adults,Age,Age 18-44,9.8
2019,California,Depression among adults,Race/Ethnicity,"White, non-Hispanic",20.7
2019,Georgia,Average mentally unhealthy days among adults,Overall,Overall,3.4
2019,Colorado,Frequent mental distress among adults,Race/Ethnicity,"Black, non-Hispanic",17.9
2019,Hawaii,Postpartum depressive symptoms among women with a recent live birth,Overall,Overall,11.1
2019,Connecticut,Frequent mental distress among adults,Race/Ethnicity,"Black, non-Hispanic",12.7
2019,Colorado,Average mentally unhealthy days among adults,Age,Age 18-44,5.5
2019,Guam,Frequent mental distress among adults,Age,Age 45-64,16.6
2019,California,Depression among adults,Race/Ethnicity,"Multiracial, non-Hispanic",20.2
2019,Hawaii,Frequent mental distress among adults,Race/Ethnicity,"White, non-Hispanic",11.5
2019,Delaware,Average mentally unhealthy days among adults,Race/Ethnicity,"White, non-Hispanic",3.3
2019,Florida,Depression among adults,Overall,Overall,17.7
2019,Georgia,Depression among adults,Race/Ethnicity,"Multiracial, non-Hispanic",11.8
2019,Connecticut,Depression among adults,Overall,Overall,14.4
2019,Guam,Depression among adults,Race/Ethnicity,"White, non-Hispanic",17.1
2019,Georgia,Frequent mental distress among adults,Age,Age >=65,9.0
2019,Colorado,Depression among adults,Sex,Male,13.7
2019,District of Columbia,Frequent mental distress among adults,Sex,Female,13.1
2019,District of Columbia,Postpartum depressive symptoms among women with a recent live birth,Race/Ethnicity,Hispanic,5.1
2019,Colorado,Average mentally unhealthy days among adults,Overall,Overall,4.3
2019,Hawaii,Frequent mental distress among adults,Sex,Female,11.8
2019,California,Depression among adults,Race/Ethnicity,"Black, non-Hispanic",12.8
2019,District of Columbia,Frequent mental distress among adults,Age,Age 45-64,11.7
2019,Hawaii,Average mentally unhealthy days among adults,Race/Ethnicity,"Hawaiian or Pacific Islander, non-Hispanic",3.4
2019,Colorado,Frequent mental distress among adults,Race/Ethnicity,"Multiracial, non-Hispanic",12.8
2019,California,Depression among adults,Age,Age >=65,14.1
2019,Connecticut,Frequent mental distress among adults,Age,Age 18-44,13.5
2019,California,Average mentally unhealthy days among adults,Race/Ethnicity,"Asian, non-Hispanic",4.4
2019,Florida,Frequent mental distress among adults,Overall,Overall,14.3
2019,Florida,Frequent mental distress among adults,Sex,Male,11.9
2019,Guam,Average mentally unhealthy days among adults,Sex,Male,3.3
2019,Connecticut,Average mentally unhealthy days among adults,Sex,Female,3.2
2019,Florida,Depression among adults,Age,Age 18-44,17.9
2019,Georgia,Frequent mental distress among adults,Sex,Male,14.3
2019,Delaware,Depression among adults,Race/Ethnicity,Hispanic,10.4
2019,California,Frequent mental distress among adults,Race/Ethnicity,"Asian, non-Hispanic",10.0
2019,Connecticut,Frequent mental distress among adults,Sex,Male,10.6
2019,Connecticut,Average mentally unhealthy days among adults,Overall,Overall,3.9
2019,Colorado,Depression among adults,Age,Age 45-64,16.7
2019,Florida,Average mentally unhealthy days among adults,Age,Age 45-64,3.0
2019,Hawaii,Depression among adults,Sex,Female,15.9
2019,California,Frequent mental distress among adults,Sex,Male,10.6
2019,Georgia,Depression among adults,Age,Age >=65,13.2
2019,Delaware,Depression among adults,Sex,Female,24.0
2019,Hawaii,Average mentally unhealthy days among adults,Age,Age >=65,3.0
2019,Delaware,Average mentally unhealthy days among adults,Sex,Female,3.6
2019,Georgia,Frequent mental distress among adults,Race/Ethnicity,"Black, non-Hispanic",14.2
2019,Hawaii,Average mentally unhealthy days among adults,Race/Ethnicity,"Multiracial, non-Hispanic",3.9
2019,California,Average mentally unhealthy days among adults,Race/Ethnicity,Hispanic,2.5
2019,California,Depression among adults,Sex,Male,10.6
2019,Florida,Frequent mental distress among adults,Race/Ethnicity,"Multiracial, non-Hispanic",15.6
2019,Guam,Average mentally unhealthy days among adults,Overall,Overall,2.9
2019,Colorado,Frequent mental distress among adults,Sex,Female,13.5
2019,Delaware,Frequent mental distress among adults,Sex,Female,17.1
2019,Delaware,Depression among adults,Race/Ethnicity,"Black, non-Hispanic",12.8
2019,California,Frequent mental distress among adults,Race/Ethnicity,"White, non-Hispanic",13.1
2019,California,Average mentally unhealthy days among adults,Race/Ethnicity,"White, non-Hispanic",5.0
2019,Florida,Postpartum depressive symptoms among women with a recent live birth,Race/Ethnicity,"Black, non-Hispanic",20.5
2019,Hawaii,Depression among adults,Race/Ethnicity,Hispanic,20.4
2019,Connecticut,Postpartum depressive symptoms among women with a recent live birth,Race/Ethnicity,Hispanic,11.1
2019,Colorado,Depression among adults,Race/Ethnicity,Hispanic,13.0
2019,Connecticut,Frequent mental distress among adults,Race/Ethnicity,"Multiracial, non-Hispanic",20.1
2019,Georgia,Average mentally unhealthy days among adults,Age,Age 18-44,3.5
2019,California,Frequent mental distress among adults,Age,Age 45-64,10.6
2019,Colorado,Frequent mental distress among adults,Overall,Overall,12.3
2019,Colorado,Average mentally unhealthy days among adults,Age,Age >=65,2.2
2019,Hawaii,Average mentally unhealthy days among adults,Sex,Female,2.6
2019,Delaware,Postpartum depressive symptoms among women with a recent live birth,Overall,Overall,10.4
2019,Delaware,Depression among adults,Overall,Overall,18.8
2019,Delaware,Postpartum depressive symptoms among women with a recent live birth,Race/Ethnicity,"Asian, non-Hispanic",9.8
2019,Georgia,Frequent mental distress among adults,Race/Ethnicity,Hispanic,14.1
2019,Delaware,Frequent mental distress among adults,Age,Age 18-44,18.2
2019,Guam,Depression among adults,Age,Age 45-64,12.4
2019,California,Average mentally unhealthy days among adults,Age,Age 18-44,4.2
2019,Florida,Average mentally unhealthy days among adults,Sex,Female,2.5
2019,California,Depression among adults,Race/Ethnicity,"White, non-Hispanic",19.7
2019,Florida,Frequent mental distress among adults,Race/Ethnicity,"Multiracial, non-Hispanic",15.8
2019,District of Columbia,Depression among adults,Race/Ethnicity,"Multiracial, non-Hispanic",29.9
2019,Colorado,Average mentally unhealthy days among adults,Sex,Male,3.3
2019,District of Columbia,Average mentally unhealthy days among adults,Race/Ethnicity,"White, non-Hispanic",5.7
2019,Connecticut,Average mentally unhealthy days among adults,Age,Age 18-44,4.7
2019,Georgia,Average mentally unhealthy days among adults,Sex,Female,3.7
2019,Hawaii,Depression among adults,Sex,Female,15.5
2019,Colorado,Depression among adults,Race/Ethnicity,"Black, non-Hispanic",20.7
2019,Hawaii,Frequent mental distress among adults,Age,Age 45-64,10.7
2019,Florida,Depression among adults,Race/Ethnicity,Hispanic,14.7
2019,California,Frequent mental distress among adults,Race/Ethnicity,Hispanic,10.7
2019,Colorado,Frequent mental distress among adults,Race/Ethnicity,"Black, non-Hispanic",18.2
2019,District of Columbia,Depression among adults,Age,Age 18-44,22.0
2019,Hawaii,Frequent mental distress among adults,Race/Ethnicity,Hispanic,16.5
2019,District of Columbia,Average mentally unhealthy days among adults,Age,Age 45-64,4.7
2019,Georgia,Frequent mental distress among adults,Age,Age 45-64,14.0
2019,California,Depression among adults,Race/Ethnicity,Hispanic,13.4
2019,Delaware,Frequent mental distress among adults,Overall,Overall,13.5
2019,California,Depression among adults,Age,Age 18-44,14.7
2019,Hawaii,Depression among adults,Overall,Overall,13.0
2019,California,Average mentally unhealthy days among adults,Sex,Male,3.5
2019,Georgia,Depression among adults,Sex,Female,21.4
2019,Connecticut,Frequent mental distress among adults,Race/Ethnicity,"Black, non-Hispanic",13.0
2019,Guam,Frequent mental distress among adults,Overall,Overall,13.4
2019,Delaware,Frequent mental distress among adults,Race/Ethnicity,"Multiracial, non-Hispanic",20.1
2019,Guam,Frequent mental distress among adults,Race/Ethnicity,"White, non-Hispanic",10.8
2019,California,Frequent mental distress among adults,Overall,Overall,12.0
2019,Georgia,Depression among adults,Sex,Male,12.3
2019,District of Columbia,Frequent mental distress among adults,Race/Ethnicity,"Multiracial, non-Hispanic",15.0
2019,Guam,Frequent mental distress among adults,Overall,Overall,12.9
2019,Connecticut,Depression among adults,Race/Ethnicity,"Black, non-Hispanic",9.0
2019,Hawaii,Frequent mental distress among adults,Sex,Female,12.5
2019,Florida,Depression among adults,Race/Ethnicity,"American Indian or Alaska Native, non-Hispanic",31.5
2019,Georgia,Depression among adults,Overall,Overall,17.0
2019,Georgia,Frequent mental distress among adults,Race/Ethnicity,"White, non-Hispanic",17.3
2019,Florida,Depression among adults,Race/Ethnicity,"White, non-Hispanic",20.0
2019,Delaware,Depression among adults,Race/Ethnicity,"Black, non-Hispanic",13.2
2019,California,Frequent mental distress among adults,Race/Ethnicity,"Black, non-Hispanic",12.9
2019,Colorado,Depression among adults,Race/Ethnicity,"American Indian or Alaska Native, non-Hispanic",19.2
2019,Connecticut,Depression among adults,Age,Age >=65,11.4
2019,Connecticut,Depression among adults,Sex,Female,18.1
2019,Delaware,Depression among adults,Race/Ethnicity,"Multiracial, non-Hispanic",32.3
2019,California,Frequent mental distress among adults,Race/Ethnicity,"Asian, non-Hispanic",10.5
2019,Colorado,Depression among adults,Overall,Overall,17.2
2019,District of Columbia,Frequent mental distress among adults,Overall,Overall,11.5
2019,Delaware,Postpartum depressive symptoms among women with a recent live birth,Race/Ethnicity,"White, non-Hispanic",10.6
2019,Florida,Frequent mental distress among adults,Age,Age 45-64,14.9
2019,Florida,Frequent mental distress among adults,Sex,Female,16.6
2019,Hawaii,Depression among adults,Sex,Male,10.3
2019,Guam,Depression among adults,Race/Ethnicity,"Asian, non-Hispanic",8.0
2019,Georgia,Depression among adults,Sex,Female,21.6
2019,Delaware,Average mentally unhealthy days among adults,Age,Age 45-64,4.2
2019,Georgia,Depression among adults,Race/Ethnicity,"Black, non-Hispanic",11.8
2019,District of Columbia,Frequent mental distress among adults,Sex,Male,8.7
2019,Hawaii,Average mentally unhealthy days among adults,Race/Ethnicity,"White, non-Hispanic",4.1
2019,Florida,Frequent mental distress among adults,Sex,Female,16.1
2019,Georgia,Frequent mental distress among adults,Sex,Female,16.5
2019,Colorado,Average mentally unhealthy days among adults,Race/Ethnicity,Hispanic,3.1
2019,Hawaii,Average mentally unhealthy days among adults,Sex,Male,4.3
2019,Connecticut,Average mentally unhealthy days among adults,Race/Ethnicity,"Black, non-Hispanic",3.0
2019,Connecticut,Frequent mental distress among adults,Sex,Male,10.3
2019,Colorado,Postpartum depressive symptoms among women with a recent live birth,Overall,Overall,11.9
2019,District of Columbia,Depression among adults,Overall,Overall,20.5
2019,Connecticut,Depression among adults,Sex,Male,10.6
2019,Connecticut,Average mentally unhealthy days among adults,Race/Ethnicity,Hispanic,3.2
2019,Guam,Depression among adults,Race/Ethnicity,"Multiracial, non-Hispanic",13.4
2019,Colorado,Frequent mental distress among adults,Race/Ethnicity,"White, non-Hispanic",13.1
2019,Colorado,Frequent mental distress among adults,Age,Age >=65,7.0
2019,Colorado,Depression among adults,Race/Ethnicity,"White, non-Hispanic",19.1
2019,District of Columbia,Depression among adults,Sex,Female,22.3
2019,Hawaii,Frequent mental distress among adults,Race/Ethnicity,"Asian, non-Hispanic",7.6
2019,Connecticut,Depression among adults,Overall,Overall,14.4
2019,Georgia,Depression among adults,Race/Ethnicity,"Multiracial, non-Hispanic",13.7
2019,Georgia,Average mentally unhealthy days among adults,Sex,Male,3.0
2019,Georgia,Average mentally unhealthy days among adults,Race/Ethnicity,"White, non-Hispanic",4.1
2019,District of Columbia,Average mentally unhealthy days among adults,Race/Ethnicity,"Black, non-Hispanic",3.0
2019,Connecticut,Average mentally unhealthy days among adults,Race/Ethnicity,"White, non-Hispanic",4.6
2019,Connecticut,Frequent mental distress among adults,Race/Ethnicity,"Multiracial, non-Hispanic",19.9
2019,California,Average mentally unhealthy days among adults,Race/Ethnicity,Hispanic,2.6
2019,Hawaii,Average mentally unhealthy days among adults,Race/Ethnicity,Hispanic,3.0
2019,District of Columbia,Average mentally unhealthy days among adults,Sex,Female,4.6
2019,Delaware,Average mentally unhealthy days among adults,Overall,Overall,3.3
2019,Guam,Frequent mental distress among adults,Race/Ethnicity,"Asian, non-Hispanic",7.6
2019,District of Columbia,Frequent mental distress among adults,Race/Ethnicity,"White, non-Hispanic",8.0
2019,District of Columbia,Frequent mental distress among adults,Race/Ethnicity,Hispanic,11.4
2019,Connecticut,Depression among adults,Race/Ethnicity,"White, non-Hispanic",17.2
2019,Delaware,Average mentally unhealthy days among adults,Sex,Female,3.7
2019,Hawaii,Depression among adults,Race/Ethnicity,"White, non-Hispanic",17.4
2019,Florida,Depression among adults,Race/Ethnicity,"Multiracial, non-Hispanic",29.1
2019,Georgia,Frequent mental distress among adults,Race/Ethnicity,"Multiracial, non-Hispanic",18.4
2019,California,Depression among adults,Race/Ethnicity,"Black, non-Hispanic",12.3
2019,Florida,Depression among adults,Race/Ethnicity,"Black, non-Hispanic",11.7
2019,Connecticut,Average mentally unhealthy days among adults,Race/Ethnicity,"Black, non-Hispanic",2.9
2019,Connecticut,Frequent mental distress among adults,Age,Age >=65,6.9
2019,Guam,Average mentally unhealthy days among adults,Overall,Overall,2.9
2019,Delaware,Depression among adults,Race/Ethnicity,"White, non-Hispanic",24.9
2019,California,Frequent mental distress among adults,Race/Ethnicity,"White, non-Hispanic",14.6
2019,Delaware,Depression among adults,Overall,Overall,19.7
2019,Guam,Depression among adults,Overall,Overall,10.6
2019,Hawaii,Postpartum depressive symptoms among women with a recent live birth,Race/Ethnicity,"White, non-Hispanic",8.4
2019,Delaware,Depression among adults,Age,Age 18-44,23.0
2019,Colorado,Depression among adults,Race/Ethnicity,Hispanic,12.9
2019,California,Depression among adults,Sex,Female,18.6
2019,Guam,Frequent mental distress among adults,Sex,Male,11.4
2019,Georgia,Average mentally unhealthy days among adults,Age,Age 45-64,3.6
2019,Delaware,Frequent mental distress among adults,Sex,Male,11.3
2019,Connecticut,Frequent mental distress among adults,Overall,Overall,11.6
2019,Hawaii,Depression among adults,Race/Ethnicity,Hispanic,19.8
2019,Guam,Frequent mental distress among adults,Race/Ethnicity,"Hawaiian or Pacific Islander, non-Hispanic",16.0
2019,District of Columbia,Frequent mental distress among adults,Race/Ethnicity,"Black, non-Hispanic",13.8
2019,Delaware,Frequent mental distress among adults,Age,Age >=65,8.0
2019,California,Average mentally unhealthy days among adults,Age,Age >=65,2.8
2019,Florida,Average mentally unhealthy days among adults,Sex,Female,2.6
2019,Georgia,Depression among adults,Age,Age 18-44,18.8
2019,California,Average mentally unhealthy days among adults,Sex,Male,3.5
2019,California,Depression among adults,Race/Ethnicity,Hispanic,13.1
2019,California,Frequent mental distress among adults,Race/Ethnicity,Hispanic,11.0
2019,Florida,Postpartum depressive symptoms among women with a recent live birth,Race/Ethnicity,"White, non-Hispanic",11.8
2019,Connecticut,Depression among adults,Race/Ethnicity,"Multiracial, non-Hispanic",20.9
2019,Georgia,Postpartum depressive symptoms among women with a recent live birth,Race/Ethnicity,Hispanic,12.3
2019,Connecticut,Depression among adults,Race/Ethnicity,Hispanic,12.0
2019,Florida,Depression among adults,Sex,Female,21.9
2019,Hawaii,Frequent mental distress among adults,Race/Ethnicity,"Multiracial, non-Hispanic",13.6
2019,District of Columbia,Average mentally unhealthy days among adults,Race/Ethnicity,"Multiracial, non-Hispanic",0.0
2019,Delaware,Frequent mental distress among adults,Overall,Overall,14.3
2019,Delaware,Depression among adults,Sex,Male,13.4
2019,Guam,Average mentally unhealthy days among adults,Sex,Female,2.3
2019,California,Depression among adults,Age,Age 45-64,15.0
2019,Colorado,Average mentally unhealthy days among adults,Overall,Overall,4.5
2019,District of Columbia,Average mentally unhealthy days among adults,Age,Age 18-44,4.5
2019,Guam,Depression among adults,Race/Ethnicity,"Hawaiian or Pacific Islander, non-Hispanic",10.1
2019,California,Frequent mental distress among adults,Overall,Overall,11.9
2019,Connecticut,Postpartum depressive symptoms among women with a recent live birth,Race/Ethnicity,"Black, non-Hispanic",18.6
2019,Hawaii,Postpartum depressive symptoms among women with a recent live birth,Race/Ethnicity,"Asian, non-Hispanic",19.9
2019,Colorado,Postpartum depressive symptoms among women with a recent live birth,Race/Ethnicity,Hispanic,12.2
2019,Hawaii,Average mentally unhealthy days among adults,Race/Ethnicity,"Asian, non-Hispanic",3.1
2019,Guam,Frequent mental distress among adults,Age,Age >=65,5.6
2019,Colorado,Postpartum depressive symptoms among women with a recent live birth,Race/Ethnicity,"White, non-Hispanic",11.0
2019,Florida,Frequent mental distress among adults,Overall,Overall,13.8
2019,Delaware,Postpartum depressive symptoms among women with a recent live birth,Race/Ethnicity,"Black, non-Hispanic",11.8
2019,Florida,Depression among adults,Age,Age 45-64,20.2
2019,District of Columbia,Depression among adults,Sex,Male,17.3
2019,California,Average mentally unhealthy days among adults,Race/Ethnicity,"White, non-Hispanic",4.6
2019,Hawaii,Frequent mental distress among adults,Overall,Overall,11.5
2019,California,Frequent mental distress among adults,Race/Ethnicity,"Black, non-Hispanic",13.3
2019,Florida,Average mentally unhealthy days among adults,Overall,Overall,2.9
2019,Colorado,Average mentally unhealthy days among adults,Race/Ethnicity,"White, non-Hispanic",5.2
2019,Colorado,Frequent mental distress among adults,Race/Ethnicity,Hispanic,10.8
2019,Guam,Depression among adults,Sex,Female,9.3
2019,Colorado,Average mentally unhealthy days among adults,Sex,Female,5.6
2019,District of Columbia,Depression among adults,Age,Age >=65,14.0
2019,California,Average mentally unhealthy days among adults,Overall,Overall,3.7
2019,Delaware,Frequent mental distress among adults,Race/Ethnicity,Hispanic,10.6
2019,Hawaii,Average mentally unhealthy days among adults,Sex,Male,4.2
2019,District of Columbia,Depression among adults,Race/Ethnicity,"Multiracial, non-Hispanic",27.8
2019,Guam,Frequent mental distress among adults,Sex,Female,15.2
2019,Colorado,Depression among adults,Sex,Male,13.6
2019,Georgia,Average mentally unhealthy days among adults,Sex,Male,3.1
2019,Georgia,Depression among adults,Sex,Male,12.3
2019,Connecticut,Depression among adults,Race/Ethnicity,"Black, non-Hispanic",8.8
2019,District of Columbia,Frequent mental distress among adults,Age,Age >=65,8.4
2019,Colorado,Depression among adults,Race/Ethnicity,"White, non-Hispanic",18.6
2019,Connecticut,Average mentally unhealthy days among adults,Age,Age >=65,2.3
2019,Kansas,Depression among adults,Race/Ethnicity,"American Indian or Alaska Native, non-Hispanic",26.1
2019,Kansas,Frequent mental distress among adults,Race/Ethnicity,"American Indian or Alaska Native, non-Hispanic",26.3
2019,Maine,Average mentally unhealthy days among adults,Sex,Male,3.2
2019,Indiana,Frequent mental distress among adults,Race/Ethnicity,"White, non-Hispanic",14.5
2019,Illinois,Postpartum depressive symptoms among women with a recent live birth,Race/Ethnicity,"White, non-Hispanic",10.1
2019,Kentucky,Frequent mental distress among adults,Race/Ethnicity,"American Indian or Alaska Native, non-Hispanic",34.6
2019,Maine,Postpartum depressive symptoms among women with a recent live birth,Race/Ethnicity,"White, non-Hispanic",8.1
2019,Illinois,Frequent mental distress among adults,Sex,Male,10.6
2019,Maine,Frequent mental distress among adults,Race/Ethnicity,"Multiracial, non-Hispanic",21.6
2019,Iowa,Depression among adults,Race/Ethnicity,"Multiracial, non-Hispanic",31.0
2019,Kentucky,Frequent mental distress among adults,Sex,Male,14.1
2019,Kentucky,Depression among adults,Race/Ethnicity,"Multiracial, non-Hispanic",34.7
2019,Indiana,Frequent mental distress among adults,Race/Ethnicity,"Multiracial, non-Hispanic",25.7
2019,Kentucky,Depression among adults,Overall,Overall,25.7
2019,Maine,Depression among adults,Sex,Female,28.5
2019,Iowa,Depression among adults,Age,Age >=65,10.0
2019,Kansas,Depression among adults,Race/Ethnicity,"Black, non-Hispanic",15.1
2019,Illinois,Postpartum depressive symptoms among women with a recent live birth,Race/Ethnicity,"Black, non-Hispanic",13.6
2019,Louisiana,Depression among adults,Race/Ethnicity,Hispanic,29.3
2019,Illinois,Frequent mental distress among adults,Overall,Overall,12.4
2019,Kentucky,Postpartum depressive symptoms among women with a recent live birth,Race/Ethnicity,"Multiracial, non-Hispanic",26.1
2019,Maine,Frequent mental distress among adults,Overall,Overall,14.2
2019,Louisiana,Average mentally unhealthy days among adults,Race/Ethnicity,"Black, non-Hispanic",3.5
2019,Iowa,Frequent mental distress among adults,Sex,Male,9.8
2019,Kansas,Depression among adults,Age,Age 18-44,24.3
2019,Idaho,Depression among adults,Race/Ethnicity,"White, non-Hispanic",22.3
2019,Idaho,Depression among adults,Race/Ethnicity,"American Indian or Alaska Native, non-Hispanic",36.1
2019,Indiana,Depression among adults,Age,Age 18-44,22.7
2019,Kansas,Frequent mental distress among adults,Race/Ethnicity,"Black, non-Hispanic",17.5
2019,Indiana,Depression among adults,Race/Ethnicity,"American Indian or Alaska Native, non-Hispanic",32.8
2019,Louisiana,Average mentally unhealthy days among adults,Sex,Female,4.0
2019,Illinois,Depression among adults,Race/Ethnicity,"Asian, non-Hispanic",7.5
2019,Kansas,Frequent mental distress among adults,Age,Age 18-44,18.4
2019,Iowa,Frequent mental distress among adults,Race/Ethnicity,"Black, non-Hispanic",18.1
2019,Louisiana,Frequent mental distress among adults,Race/Ethnicity,"White, non-Hispanic",18.3
2019,Kansas,Average mentally unhealthy days among adults,Age,Age 45-64,4.1
2019,Idaho,Average mentally unhealthy days among adults,Sex,Female,4.0
2019,Kentucky,Average mentally unhealthy days among adults,Race/Ethnicity,"White, non-Hispanic",3.1
2019,Illinois,Depression among adults,Sex,Male,14.5
2019,Iowa,Average mentally unhealthy days among adults,Sex,Male,2.7
2019,Maine,Frequent mental distress among adults,Sex,Female,17.5
2019,Louisiana,Average mentally unhealthy days among adults,Age,Age 45-64,2.8
2019,Indiana,Average mentally unhealthy days among adults,Race/Ethnicity,"Black, non-Hispanic",3.0
2019,Indiana,Frequent mental distress among adults,Race/Ethnicity,"American Indian or Alaska Native, non-Hispanic",36.5
2019,Iowa,Average mentally unhealthy days among adults,Age,Age 18-44,3.9
2019,Maine,Depression among adults,Race/Ethnicity,"Black, non-Hispanic",23.2
2019,Illinois,Frequent mental distress among adults,Race/Ethnicity,"Asian, non-Hispanic",8.4
2019,Kansas,Postpartum depressive symptoms among women with a recent live birth,Overall,Overall,13.5
2019,Kansas,Depression among adults,Sex,Female,25.3
2019,Kentucky,Average mentally unhealthy days among adults,Sex,Female,3.4
2019,Kansas,Average mentally unhealthy days among adults,Sex,Female,5.2
2019,Kansas,Average mentally unhealthy days among adults,Overall,Overall,4.1
2019,Indiana,Frequent mental distress among adults,Age,Age >=65,8.1
2019,Kentucky,Frequent mental distress among adults,Race/Ethnicity,Hispanic,16.6
2019,Louisiana,Frequent mental distress among adults,Overall,Overall,18.5
2019,Illinois,Average mentally unhealthy days among adults,Age,Age 18-44,4.2
2019,Louisiana,Frequent mental distress among adults,Age,Age >=65,10.3
2019,Indiana,Average mentally unhealthy days among adults,Age,Age 45-64,3.2
2019,Illinois,Depression among adults,Sex,Female,22.2
2019,Iowa,Postpartum depressive symptoms among women with a recent live birth,Race/Ethnicity,"Black, non-Hispanic",16.6
2019,Idaho,Frequent mental distress among adults,Age,Age >=65,8.0
2019,Indiana,Depression among adults,Race/Ethnicity,"Multiracial, non-Hispanic",18.9
2019,Louisiana,Depression among adults,Sex,Male,16.9
2019,Maine,Depression among adults,Race/Ethnicity,"American Indian or Alaska Native, non-Hispanic",42.2
2019,Idaho,Depression among adults,Race/Ethnicity,"Multiracial, non-Hispanic",44.4
2019,Idaho,Average mentally unhealthy days among adults,Age,Age 45-64,5.0
2019,Kansas,Frequent mental distress among adults,Race/Ethnicity,"Multiracial, non-Hispanic",24.5
2019,Illinois,Average mentally unhealthy days among adults,Sex,Female,4.0
2019,Iowa,Postpartum depressive symptoms among women with a recent live birth,Race/Ethnicity,Hispanic,12.0
2019,Iowa,Depression among adults,Race/Ethnicity,"Black, non-Hispanic",10.7
2019,Louisiana,Depression among adults,Age,Age >=65,17.7
2019,Kentucky,Postpartum depressive symptoms among women with a recent live birth,Overall,Overall,13.9
2019,Louisiana,Depression among adults,Race/Ethnicity,"White, non-Hispanic",26.8
2019,Illinois,Frequent mental distress among adults,Race/Ethnicity,"Black, non-Hispanic",15.6
2019,Iowa,Frequent mental distress among adults,Sex,Female,14.8
2019,Iowa,Frequent mental distress among adults,Race/Ethnicity,"Multiracial, non-Hispanic",32.2
2019,Louisiana,Frequent mental distress among adults,Race/Ethnicity,"Black, non-Hispanic",19.1
2019,Maine,Average mentally unhealthy days among adults,Age,Age 45-64,3.3
2019,Maine,Average mentally unhealthy days among adults,Race/Ethnicity,"White, non-Hispanic",3.3
2019,Indiana,Frequent mental distress among adults,Sex,Male,10.9
2019,Kansas,Frequent mental distress among adults,Age,Age 45-64,12.1
2019,Kentucky,Frequent mental distress among adults,Race/Ethnicity,"White, non-Hispanic",18.1
2019,Kentucky,Frequent mental distress among adults,Age,Age 18-44,21.6
2019,Kansas,Depression among adults,Age,Age 45-64,18.4
2019,Kansas,Frequent mental distress among adults,Sex,Female,16.3
2019,Kansas,Depression among adults,Race/Ethnicity,"Black, non-Hispanic",15.1
2019,Indiana,Average mentally unhealthy days among adults,Sex,Female,3.4
2019,Illinois,Frequent mental distress among adults,Race/Ethnicity,"White, non-Hispanic",13.2
2019,Louisiana,Frequent mental distress among adults,Race/Ethnicity,"Multiracial, non-Hispanic",27.3
2019,Idaho,Frequent mental distress among adults,Overall,Overall,13.5
2019,Maine,Depression among adults,Race/Ethnicity,"Multiracial, non-Hispanic",37.0
2019,Iowa,Depression among adults,Sex,Female,20.9
2019,Louisiana,Depression among adults,Race/Ethnicity,"American Indian or Alaska Native, non-Hispanic",21.9
2019,Iowa,Frequent mental distress among adults,Age,Age 18-44,16.4
2019,Idaho,Depression among adults,Sex,Male,16.7
2019,Kansas,Depression among adults,Race/Ethnicity,Hispanic,21.6
2019,Illinois,Depression among adults,Race/Ethnicity,Hispanic,13.9
2019,Iowa,Frequent mental distress among adults,Age,Age >=65,5.9
2019,Illinois,Frequent mental distress among adults,Age,Age >=65,6.4
2019,Illinois,Frequent mental distress among adults,Race/Ethnicity,"Asian, non-Hispanic",6.3
2019,Maine,Depression among adults,Age,Age 18-44,27.9
2019,Kentucky,Depression among adults,Sex,Female,32.6
2019,Kentucky,Depression among adults,Race/Ethnicity,"Black, non-Hispanic",15.2
2019,Kentucky,Average mentally unhealthy days among adults,Age,Age 18-44,3.1
2019,Idaho,Frequent mental distress among adults,Race/Ethnicity,"White, non-Hispanic",13.7
2019,Illinois,Depression among adults,Overall,Overall,18.3
2019,Iowa,Average mentally unhealthy days among adults,Age,Age 45-64,3.6
2019,Kansas,Postpartum depressive symptoms among women with a recent live birth,Race/Ethnicity,"Black, non-Hispanic",22.0
2019,Kentucky,Frequent mental distress among adults,Sex,Female,20.1
2019,Louisiana,Postpartum depressive symptoms among women with a recent live birth,Race/Ethnicity,Hispanic,14.1
2019,Maine,Depression among adults,Sex,Female,30.5
2019,Indiana,Frequent mental distress among adults,Sex,Male,11.1
2019,Maine,Average mentally unhealthy days among adults,Sex,Female,3.2
2019,Kentucky,Depression among adults,Sex,Female,34.1
2019,Kansas,Frequent mental distress among adults,Race/Ethnicity,"White, non-Hispanic",13.7
2019,Maine,Frequent mental distress among adults,Race/Ethnicity,"White, non-Hispanic",15.1
2019,Iowa,Depression among adults,Race/Ethnicity,"Multiracial, non-Hispanic",28.8
2019,Illinois,Frequent mental distress among adults,Race/Ethnicity,"White, non-Hispanic",12.5
2019,Kentucky,Frequent mental distress among adults,Race/Ethnicity,"American Indian or Alaska Native, non-Hispanic",32.9
2019,Louisiana,Average mentally unhealthy days among adults,Overall,Overall,3.0
2019,Iowa,Frequent mental distress among adults,Sex,Male,10.1
2019,Kentucky,Depression among adults,Race/Ethnicity,"Multiracial, non-Hispanic",33.3
2019,Iowa,Depression among adults,Age,Age 18-44,19.6
2019,Indiana,Average mentally unhealthy days among adults,Age,Age >=65,2.8
2019,Indiana,Frequent mental distress among adults,Race/Ethnicity,"Black, non-Hispanic",13.4
2019,Idaho,Frequent mental distress among adults,Race/Ethnicity,Hispanic,13.4
2019,Iowa,Average mentally unhealthy days among adults,Sex,Female,3.9
2019,Louisiana,Frequent mental distress among adults,Age,Age 45-64,18.6
2019,Illinois,Depression among adults,Race/Ethnicity,"Asian, non-Hispanic",7.4
2019,Idaho,Average mentally unhealthy days among adults,Age,Age >=65,3.3
2019,Indiana,Frequent mental distress among adults,Overall,Overall,14.3
2019,Illinois,Postpartum depressive symptoms among women with a recent live birth,Overall,Overall,10.8
2019,Indiana,Depression among adults,Age,Age >=65,15.4
2019,Kentucky,Frequent mental distress among adults,Race/Ethnicity,"Black, non-Hispanic",13.6
2019,Maine,Frequent mental distress among adults,Overall,Overall,15.5
2019,Indiana,Depression among adults,Sex,Female,27.3
2019,Louisiana,Average mentally unhealthy days among adults,Sex,Female,3.7
2019,Idaho,Depression among adults,Sex,Female,28.6
2019,Kansas,Frequent mental distress among adults,Age,Age >=65,6.7
2019,Kentucky,Depression among adults,Age,Age >=65,16.5
2019,Kentucky,Frequent mental distress among adults,Overall,Overall,17.2
2019,Indiana,Depression among adults,Overall,Overall,21.0
2019,Kansas,Depression among adults,Sex,Male,14.3
2019,Illinois,Average mentally unhealthy days among adults,Race/Ethnicity,"Black, non-Hispanic",3.8
2019,Illinois,Frequent mental distress among adults,Race/Ethnicity,Hispanic,9.8
2019,Idaho,Depression among adults,Race/Ethnicity,Hispanic,20.2
2019,Indiana,Depression among adults,Race/Ethnicity,"American Indian or Alaska Native, non-Hispanic",32.7
2019,Louisiana,Depression among adults,Race/Ethnicity,Hispanic,29.5
2019,Kansas,Frequent mental distress among adults,Race/Ethnicity,Hispanic,14.9
2019,Indiana,Frequent mental distress among adults,Race/Ethnicity,"Multiracial, non-Hispanic",27.3
2019,Iowa,Frequent mental distress among adults,Sex,Female,15.6
2019,Idaho,Average mentally unhealthy days among adults,Sex,Male,3.7
2019,Louisiana,Depression among adults,Race/Ethnicity,"American Indian or Alaska Native, non-Hispanic",19.9
2019,Iowa,Frequent mental distress among adults,Race/Ethnicity,Hispanic,9.8
2019,Louisiana,Postpartum depressive symptoms among women with a recent live birth,Overall,Overall,19.3
2019,Kentucky,Frequent mental distress among adults,Race/Ethnicity,"Multiracial, non-Hispanic",27.9
2019,Kansas,Average mentally unhealthy days among adults,Sex,Female,5.0
2019,Illinois,Depression among adults,Overall,Overall,18.5
2019,Maine,Depression among adults,Age,Age >=65,16.2
2019,Louisiana,Frequent mental distress among adults,Age,Age 18-44,21.9
2019,Illinois,Average mentally unhealthy days among adults,Overall,Overall,3.6
2019,Illinois,Average mentally unhealthy days among adults,Sex,Female,4.2
2019,Illinois,Frequent mental distress among adults,Race/Ethnicity,Hispanic,9.5
2019,Louisiana,Depression among adults,Age,Age 18-44,25.3
2019,Illinois,Depression among adults,Race/Ethnicity,"White, non-Hispanic",21.0
2019,Maine,Frequent mental distress among adults,Race/Ethnicity,"Black, non-Hispanic",21.8
2019,Louisiana,Frequent mental distress among adults,Race/Ethnicity,"Multiracial, non-Hispanic",25.1
2019,Illinois,Postpartum depressive symptoms among women with a recent live birth,Race/Ethnicity,Hispanic,11.1
2019,Iowa,Average mentally unhealthy days among adults,Race/Ethnicity,"White, non-Hispanic",3.4
2019,Kentucky,Depression among adults,Age,Age 18-44,28.9
2019,Iowa,Frequent mental distress among adults,Overall,Overall,12.8
2019,Indiana,Depression among adults,Race/Ethnicity,"Multiracial, non-Hispanic",19.2
2019,Kansas,Depression among adults,Race/Ethnicity,"White, non-Hispanic",19.9
2019,Illinois,Depression among adults,Race/Ethnicity,Hispanic,14.0
2019,Indiana,Frequent mental distress among adults,Age,Age 18-44,18.1
2019,Kentucky,Average mentally unhealthy days among adults,Sex,Male,2.7
2019,Indiana,Average mentally unhealthy days among adults,Sex,Female,3.5
2019,Louisiana,Frequent mental distress among adults,Sex,Male,16.2
2019,Kentucky,Postpartum depressive symptoms among women with a recent live birth,Race/Ethnicity,Hispanic,8.9
2019,Idaho,Frequent mental distress among adults,Sex,Female,15.5
2019,Kansas,Postpartum depressive symptoms among women with a recent live birth,Race/Ethnicity,"White, non-Hispanic",12.3
2019,Maine,Depression among adults,Race/Ethnicity,"Multiracial, non-Hispanic",39.9
2019,Iowa,Depression among adults,Sex,Female,21.8
2019,Maine,Average mentally unhealthy days among adults,Age,Age 18-44,3.6
2019,Maine,Depression among adults,Overall,Overall,23.5
2019,Idaho,Frequent mental distress among adults,Overall,Overall,13.8
2019,Maine,Frequent mental distress among adults,Sex,Male,12.7
2019,Louisiana,Depression among adults,Race/Ethnicity,"White, non-Hispanic",26.0
2019,Iowa,Depression among adults,Overall,Overall,16.2
2019,Indiana,Average mentally unhealthy days among adults,Overall,Overall,3.4
2019,Idaho,Depression among adults,Age,Age 18-44,26.2
2019,Kansas,Depression among adults,Race/Ethnicity,"Multiracial, non-Hispanic",28.0
2019,Kentucky,Average mentally unhealthy days among adults,Age,Age 45-64,3.3
2019,Kentucky,Frequent mental distress among adults,Age,Age 45-64,17.3
2019,Illinois,Frequent mental distress among adults,Age,Age 18-44,14.8
2019,Kansas,Depression among adults,Race/Ethnicity,"American Indian or Alaska Native, non-Hispanic",25.0
2019,Louisiana,Depression among adults,Overall,Overall,23.9
2019,Iowa,Depression among adults,Age,Age 45-64,15.9
2019,Idaho,Frequent mental distress among adults,Age,Age 45-64,12.3
2019,Illinois,Frequent mental distress among adults,Age,Age 45-64,12.9
2019,Maine,Depression among adults,Overall,Overall,24.6
2019,Illinois,Depression among adults,Sex,Female,21.9
2019,Kentucky,Depression among adults,Race/Ethnicity,"Black, non-Hispanic",15.3
2019,Kansas,Frequent mental distress among adults,Sex,Female,17.0
2019,Illinois,Average mentally unhealthy days among adults,Race/Ethnicity,Hispanic,3.0
2019,Indiana,Depression among adults,Race/Ethnicity,"White, non-Hispanic",22.8
2019,Idaho,Depression among adults,Sex,Female,29.5
2019,Louisiana,Average mentally unhealthy days among adults,Overall,Overall,3.1
2019,Maine,Frequent mental distress among adults,Race/Ethnicity,"White, non-Hispanic",13.7
2019,Iowa,Average mentally unhealthy days among adults,Overall,Overall,3.5
2019,Maine,Average mentally unhealthy days among adults,Overall,Overall,3.3
2019,Kansas,Frequent mental distress among adults,Overall,Overall,14.3
2019,Indiana,Average mentally unhealthy days among adults,Sex,Male,3.5
2019,Indiana,Frequent mental distress among adults,Sex,Female,18.3
2019,Louisiana,Frequent mental distress among adults,Race/Ethnicity,"Black, non-Hispanic",18.7
2019,Maine,Depression among adults,Race/Ethnicity,Hispanic,27.2
2019,Idaho,Frequent mental distress among adults,Race/Ethnicity,"White, non-Hispanic",14.3
2019,Iowa,Depression among adults,Race/Ethnicity,"White, non-Hispanic",17.3
2019,Louisiana,Frequent mental distress among adults,Sex,Male,16.2
2019,Kentucky,Frequent mental distress among adults,Sex,Female,21.6
2019,Illinois,Average mentally unhealthy days among adults,Race/Ethnicity,"Black, non-Hispanic",3.8
2019,Illinois,Average mentally unhealthy days among adults,Sex,Male,3.2
2019,Kansas,Average mentally unhealthy days among adults,Race/Ethnicity,"White, non-Hispanic",4.2
2019,Idaho,Average mentally unhealthy days among adults,Sex,Male,3.8
2019,Illinois,Frequent mental distress among adults,Race/Ethnicity,"Multiracial, non-Hispanic",21.4
2019,Illinois,Depression among adults,Race/Ethnicity,"Black, non-Hispanic",15.0
2019,Louisiana,Depression among adults,Race/Ethnicity,"Black, non-Hispanic",19.5
2019,Kansas,Frequent mental distress among adults,Race/Ethnicity,"White, non-Hispanic",12.9
2019,Kentucky,Average mentally unhealthy days among adults,Age,Age >=65,2.7
2019,Maine,Postpartum depressive symptoms among women with a recent live birth,Overall,Overall,9.2
2019,Idaho,Average mentally unhealthy days among adults,Age,Age 18-44,3.3
2019,Indiana,Frequent mental distress among adults,Overall,Overall,14.7
2019,Louisiana,Average mentally unhealthy days among adults,Age,Age >=65,1.8
2019,Maine,Frequent mental distress among adults,Age,Age 18-44,19.6
2019,Indiana,Depression among adults,Overall,Overall,21.2
2019,Kentucky,Postpartum depressive symptoms among women with a recent live birth,Race/Ethnicity,"Black, non-Hispanic",21.4
2019,Idaho,Depression among adults,Overall,Overall,22.7
2019,New Mexico,Frequent mental distress among adults,Race/Ethnicity,Hispanic,15.4
2019,Kentucky,Frequent mental distress among adults,Race/Ethnicity,"Black, non-Hispanic",14.2
2019,Louisiana,Frequent mental distress among adults,Race/Ethnicity,Hispanic,22.3
2019,Idaho,Frequent mental distress among adults,Race/Ethnicity,Hispanic,11.6
2019,Illinois,Frequent mental distress among adults,Sex,Female,14.2
2019,Kentucky,Frequent mental distress among adults,Overall,Overall,17.9
2019,Kentucky,Depression among adults,Race/Ethnicity,Hispanic,23.3
2019,Kentucky,Depression among adults,Age,Age 45-64,27.4
2019,Iowa,Frequent mental distress among adults,Overall,Overall,12.3
2019,Maine,Depression among adults,Sex,Male,18.6
2019,Kansas,Depression among adults,Race/Ethnicity,"Multiracial, non-Hispanic",27.6
2019,Idaho,Depression among adults,Race/Ethnicity,Hispanic,19.5
2019,Idaho,Average mentally unhealthy days among adults,Overall,Overall,3.9
2019,Maine,Frequent mental distress among adults,Race/Ethnicity,"American Indian or Alaska Native, non-Hispanic",40.7
2019,Kansas,Frequent mental distress among adults,Race/Ethnicity,Hispanic,16.7
2019,Kentucky,Depression among adults,Race/Ethnicity,"White, non-Hispanic",26.7
2019,Idaho,Frequent mental distress among adults,Sex,Female,16.0
2019,Kentucky,Frequent mental distress among adults,Race/Ethnicity,"Multiracial, non-Hispanic",26.8
2019,Maine,Frequent mental distress among adults,Age,Age >=65,7.0
2019,Kansas,Depression among adults,Overall,Overall,20.4
2019,Kentucky,Average mentally unhealthy days among adults,Sex,Male,2.7
2019,Illinois,Depression among adults,Age,Age 45-64,19.2
2019,Iowa,Frequent mental distress among adults,Race/Ethnicity,Hispanic,8.7
2019,Illinois,Average mentally unhealthy days among adults,Overall,Overall,3.7
2019,Kansas,Average mentally unhealthy days among adults,Sex,Male,3.3
2019,Indiana,Depression among adults,Race/Ethnicity,"Black, non-Hispanic",14.6
2019,Indiana,Frequent mental distress among adults,Race/Ethnicity,"White, non-Hispanic",15.4
2019,Louisiana,Frequent mental distress among adults,Race/Ethnicity,"White, non-Hispanic",17.4
2019,Illinois,Average mentally unhealthy days among adults,Race/Ethnicity,Hispanic,3.1
2019,Maine,Depression among adults,Race/Ethnicity,"White, non-Hispanic",24.7
2019,Idaho,Depression among adults,Age,Age >=65,15.9
2019,Louisiana,Depression among adults,Sex,Female,30.8
2019,Idaho,Depression among adults,Race/Ethnicity,"White, non-Hispanic",22.9
2019,Maine,Frequent mental distress among adults,Sex,Male,13.5
2019,Kentucky,Depression among adults,Sex,Male,18.5
2019,Iowa,Postpartum depressive symptoms among women with a recent live birth,Race/Ethnicity,"White, non-Hispanic",9.1
2019,Louisiana,Depression among adults,Sex,Female,30.1
2019,Louisiana,Depression among adults,Age,Age 45-64,25.8
2019,Illinois,Average mentally unhealthy days among adults,Race/Ethnicity,"White, non-Hispanic",4.2
2019,Iowa,Depression among adults,Overall,Overall,16.7
2019,Iowa,Frequent mental distress among adults,Race/Ethnicity,"White, non-Hispanic",11.8
2019,Kansas,Depression among adults,Sex,Male,14.4
2019,Iowa,Average mentally unhealthy days among adults,Race/Ethnicity,"White, non-Hispanic",3.6
2019,Maine,Average mentally unhealthy days among adults,Age,Age >=65,2.2
2019,Iowa,Depression among adults,Race/Ethnicity,Hispanic,14.0
2019,Maine,Average mentally unhealthy days among adults,Sex,Female,3.3
2019,Kentucky,Average mentally unhealthy days among adults,Race/Ethnicity,"White, non-Hispanic",3.2
2019,Kentucky,Average mentally unhealthy days among adults,Overall,Overall,3.1
2019,Iowa,Average mentally unhealthy days among adults,Overall,Overall,3.3
2019,Kansas,Frequent mental distress among adults,Sex,Male,11.7
2019,Louisiana,Average mentally unhealthy days among adults,Sex,Male,2.2
2019,Louisiana,Frequent mental distress among adults,Race/Ethnicity,"American Indian or Alaska Native, non-Hispanic",21.3
2019,Indiana,Average mentally unhealthy days among adults,Race/Ethnicity,"White, non-Hispanic",3.6
2019,Indiana,Average mentally unhealthy days among adults,Overall,Overall,3.5
2019,Illinois,Depression among adults,Race/Ethnicity,"White, non-Hispanic",21.6
2019,Illinois,Frequent mental distress among adults,Sex,Male,10.6
2019,Indiana,Depression among adults,Race/Ethnicity,Hispanic,11.1
2019,Kansas,Average mentally unhealthy days among adults,Age,Age >=65,2.2
2019,Louisiana,Frequent mental distress among adults,Sex,Female,21.4
2019,Indiana,Frequent mental distress among adults,Race/Ethnicity,Hispanic,8.2
2019,Maine,Depression among adults,Race/Ethnicity,Hispanic,27.4
2019,Illinois,Average mentally unhealthy days among adults,Age,Age >=65,2.7
2019,Iowa,Depression among adults,Race/Ethnicity,"White, non-Hispanic",16.5
2019,Illinois,Frequent mental distress among adults,Sex,Female,14.6
2019,Indiana,Depression among adults,Age,Age 45-64,22.1
2019,Kansas,Depression among adults,Race/Ethnicity,"Asian, non-Hispanic",8.8
2019,Kentucky,Depression among adults,Overall,Overall,26.4
2019,Kansas,Frequent mental distress among adults,Race/Ethnicity,"American Indian or Alaska Native, non-Hispanic",25.3
2019,Indiana,Average mentally unhealthy days among adults,Sex,Male,3.6
2019,Idaho,Depression among adults,Sex,Male,17.1
2019,Louisiana,Depression among adults,Race/Ethnicity,"Black, non-Hispanic",19.4
2019,Louisiana,Depression among adults,Race/Ethnicity,"Multiracial, non-Hispanic",26.5
2019,Idaho,Depression among adults,Overall,Overall,23.3
2019,Kansas,Depression among adults,Race/Ethnicity,Hispanic,20.5
2019,Louisiana,Average mentally unhealthy days among adults,Race/Ethnicity,"White, non-Hispanic",2.7
2019,Iowa,Average mentally unhealthy days among adults,Sex,Male,2.8
2019,Kentucky,Postpartum depressive symptoms among women with a recent live birth,Race/Ethnicity,"White, non-Hispanic",13.4
2019,Illinois,Depression among adults,Race/Ethnicity,"Black, non-Hispanic",14.9
2019,Iowa,Average mentally unhealthy days among adults,Age,Age >=65,2.0
2019,Kentucky,Frequent mental distress among adults,Sex,Male,14.3
2019,Kansas,Postpartum depressive symptoms among women with a recent live birth,Race/Ethnicity,Hispanic,13.6
2019,Indiana,Frequent mental distress among adults,Race/Ethnicity,Hispanic,7.9
2019,Kansas,Average mentally unhealthy days among adults,Race/Ethnicity,Hispanic,4.5
2019,Idaho,Frequent mental distress among adults,Age,Age 18-44,16.9
2019,Illinois,Depression among adults,Sex,Male,14.6
2019,Indiana,Frequent mental distress among adults,Sex,Female,17.6
2019,Indiana,Depression among adults,Race/Ethnicity,"White, non-Hispanic",23.5
2019,Louisiana,Average mentally unhealthy days among adults,Age,Age 18-44,3.7
2019,Idaho,Average mentally unhealthy days among adults,Race/Ethnicity,"White, non-Hispanic",4.2
2019,Illinois,Frequent mental distress among adults,Race/Ethnicity,"Black, non-Hispanic",15.9
2019,Kentucky,Depression among adults,Race/Ethnicity,Hispanic,18.8
2019,Maine,Frequent mental distress among adults,Age,Age 45-64,13.7
2019,Indiana,Depression among adults,Sex,Male,14.9
2019,Kansas,Depression among adults,Race/Ethnicity,"White, non-Hispanic",21.0
2019,Maine,Frequent mental distress among adults,Sex,Female,15.7
2019,Illinois,Frequent mental distress among adults,Overall,Overall,12.6
2019,Kansas,Frequent mental distress among adults,Race/Ethnicity,"Multiracial, non-Hispanic",24.6
2019,Indiana,Frequent mental distress among adults,Age,Age 45-64,13.1
2019,Iowa,Frequent mental distress among adults,Race/Ethnicity,"Black, non-Hispanic",17.6
2019,Louisiana,Frequent mental distress among adults,Sex,Female,20.6
2019,Louisiana,Postpartum depressive symptoms among women with a recent live birth,Race/Ethnicity,"White, non-Hispanic",19.5
2019,Kansas,Average mentally unhealthy days among adults,Age,Age 18-44,5.0
2019,Kansas,Average mentally unhealthy days among adults,Race/Ethnicity,"White, non-Hispanic",4.4
2019,Iowa,Depression among adults,Sex,Male,11.8
2019,Idaho,Average mentally unhealthy days among adults,Sex,Female,3.9
2019,Illinois,Postpartum depressive symptoms among women with a recent live birth,Race/Ethnicity,"Asian, non-Hispanic",7.4
2019,Maine,Average mentally unhealthy days among adults,Sex,Male,3.1
2019,Indiana,Depression among adults,Sex,Male,14.9
2019,Illinois,Average mentally unhealthy days among adults,Race/Ethnicity,"White, non-Hispanic",3.9
2019,Kansas,Average mentally unhealthy days among adults,Sex,Male,3.2
2019,Iowa,Depression among adults,Race/Ethnicity,"Black, non-Hispanic",10.5
2019,Kentucky,Depression among adults,Race/Ethnicity,"White, non-Hispanic",27.7
2019,Indiana,Depression among adults,Race/Ethnicity,"Black, non-Hispanic",14.3
2019,Louisiana,Depression among adults,Race/Ethnicity,"Multiracial, non-Hispanic",26.0
2019,Louisiana,Frequent mental distress among adults,Race/Ethnicity,Hispanic,26.0
2019,Maine,Frequent mental distress among adults,Race/Ethnicity,"American Indian or Alaska Native, non-Hispanic",44.4
2019,Illinois,Average mentally unhealthy days among adults,Sex,Male,3.2
2019,Kentucky,Average mentally unhealthy days among adults,Overall,Overall,3.1
2019,Kentucky,Frequent mental distress among adults,Age,Age >=65,8.1
2019,Indiana,Average mentally unhealthy days among adults,Race/Ethnicity,"White, non-Hispanic",3.7
2019,Louisiana,Postpartum depressive symptoms among women with a recent live birth,Race/Ethnicity,"Black, non-Hispanic",20.3
2019,Indiana,Frequent mental distress among adults,Race/Ethnicity,"American Indian or Alaska Native, non-Hispanic",36.1
2019,Idaho,Average mentally unhealthy days among adults,Race/Ethnicity,"White, non-Hispanic",4.2
2019,Iowa,Postpartum depressive symptoms among women with a recent live birth,Overall,Overall,10.2
2019,Kansas,Average mentally unhealthy days among adults,Overall,Overall,4.2
2019,Maine,Depression among adults,Sex,Male,18.1
2019,Maine,Depression among adults,Race/Ethnicity,"American Indian or Alaska Native, non-Hispanic",42.8
2019,Kentucky,Frequent mental distress among adults,Race/Ethnicity,Hispanic,13.5
2019,Maine,Average mentally unhealthy days among adults,Race/Ethnicity,"White, non-Hispanic",3.1
2019,Louisiana,Average mentally unhealthy days among adults,Sex,Male,2.2
2019,Illinois,Average mentally unhealthy days among adults,Age,Age 45-64,3.3
2019,Indiana,Average mentally unhealthy days among adults,Age,Age 18-44,3.9
2019,Kentucky,Depression among adults,Sex,Male,18.3
2019,Maine,Frequent mental distress among adults,Race/Ethnicity,"Multiracial, non-Hispanic",25.3
2019,Idaho,Depression among adults,Race/Ethnicity,"American Indian or Alaska Native, non-Hispanic",38.1
2019,Illinois,Depression among adults,Race/Ethnicity,"Multiracial, non-Hispanic",34.8
2019,Indiana,Depression among adults,Race/Ethnicity,Hispanic,11.5
2019,Idaho,Frequent mental distress among adults,Race/Ethnicity,"American Indian or Alaska Native, non-Hispanic",22.3
2019,Louisiana,Average mentally unhealthy days among adults,Race/Ethnicity,"White, non-Hispanic",2.9
2019,Kansas,Depression among adults,Sex,Female,26.5
2019,Kansas,Depression among adults,Overall,Overall,19.9
2019,Iowa,Average mentally unhealthy days among adults,Sex,Female,4.2
2019,Iowa,Frequent mental distress among adults,Age,Age 45-64,11.1
2019,Illinois,Frequent mental distress among adults,Race/Ethnicity,"Multiracial, non-Hispanic",19.5
2019,Kansas,Frequent mental distress among adults,Race/Ethnicity,"Black, non-Hispanic",16.9
2019,Kentucky,Average mentally unhealthy days among adults,Sex,Female,3.6
2019,Illinois,Depression among adults,Race/Ethnicity,"Multiracial, non-Hispanic",29.9
2019,Idaho,Depression among adults,Race/Ethnicity,"Multiracial, non-Hispanic",43.9
2019,Louisiana,Average mentally unhealthy days among adults,Race/Ethnicity,"Black, non-Hispanic",3.4
2019,Kansas,Depression among adults,Age,Age >=65,12.3
2019,Louisiana,Frequent mental distress among adults,Overall,Overall,18.8
2019,Idaho,Frequent mental distress among adults,Sex,Male,11.6
2019,Iowa,Frequent mental distress among adults,Race/Ethnicity,"White, non-Hispanic",12.6
2019,Indiana,Frequent mental distress among adults,Race/Ethnicity,"Black, non-Hispanic",13.5
2019,Iowa,Frequent mental distress among adults,Race/Ethnicity,"Multiracial, non-Hispanic",27.7
2019,Maine,Depression among adults,Race/Ethnicity,"White, non-Hispanic",23.3
2019,Maine,Average mentally unhealthy days among adults,Overall,Overall,3.2
2019,Louisiana,Depression among adults,Sex,Male,17.1
2019,Iowa,Depression among adults,Race/Ethnicity,Hispanic,12.7
2019,Kentucky,Frequent mental distress among adults,Race/Ethnicity,"White, non-Hispanic",17.1
2019,Kansas,Frequent mental distress among adults,Overall,Overall,13.9
2019,Illinois,Depression among adults,Age,Age 18-44,19.8
2019,Louisiana,Depression among adults,Overall,Overall,24.1
2019,Maine,Depression among adults,Age,Age 45-64,23.9
2019,Idaho,Average mentally unhealthy days among adults,Overall,Overall,3.9
2019,Kansas,Frequent mental distress among adults,Sex,Male,11.5
2019,Missouri,Postpartum depressive symptoms among women with a recent live birth,Race/Ethnicity,"Multiracial, non-Hispanic",32.7
2019,Montana,Average mentally unhealthy days among adults,Overall,Overall,3.5
2019,Massachusetts,Average mentally unhealthy days among adults,Race/Ethnicity,"White, non-Hispanic",4.2
2019,Minnesota,Average mentally unhealthy days among adults,Race/Ethnicity,"White, non-Hispanic",4.7
2019,Michigan,Postpartum depressive symptoms among women with a recent live birth,Race/Ethnicity,"White, non-Hispanic",13.5
2019,Nebraska,Depression among adults,Sex,Male,10.6
2019,Massachusetts,Depression among adults,Race/Ethnicity,Hispanic,21.1
2019,Maryland,Depression among adults,Race/Ethnicity,Hispanic,11.8
2019,Nebraska,Average mentally unhealthy days among adults,Race/Ethnicity,"White, non-Hispanic",3.9
2019,North Dakota,Depression among adults,Sex,Male,12.5
2019,Michigan,Frequent mental distress among adults,Race/Ethnicity,Hispanic,19.1
2019,Maryland,Depression among adults,Age,Age >=65,12.2
2019,Massachusetts,Depression among adults,Age,Age >=65,13.9
2019,Nebraska,Postpartum depressive symptoms among women with a recent live birth,Race/Ethnicity,"American Indian or Alaska Native, non-Hispanic",21.8
2019,Mississippi,Frequent mental distress among adults,Overall,Overall,17.5
2019,Maryland,Depression among adults,Sex,Female,19.8
2019,Michigan,Average mentally unhealthy days among adults,Race/Ethnicity,"White, non-Hispanic",3.3
2019,Maryland,Frequent mental distress among adults,Sex,Male,10.6
2019,Michigan,Average mentally unhealthy days among adults,Sex,Female,3.4
2019,Montana,Frequent mental distress among adults,Sex,Female,16.1
2019,Nebraska,Depression among adults,Race/Ethnicity,"American Indian or Alaska Native, non-Hispanic",17.1
2019,Montana,Average mentally unhealthy days among adults,Sex,Male,3.5
2019,Minnesota,Depression among adults,Race/Ethnicity,"White, non-Hispanic",21.5
2019,Nevada,Depression among adults,Race/Ethnicity,"Multiracial, non-Hispanic",24.5
2019,Massachusetts,Average mentally unhealthy days among adults,Age,Age 18-44,4.3
2019,Montana,Depression among adults,Sex,Female,32.0
2019,Montana,Frequent mental distress among adults,Race/Ethnicity,"Multiracial, non-Hispanic",26.6
2019,Minnesota,Frequent mental distress among adults,Race/Ethnicity,Hispanic,12.6
2019,Montana,Frequent mental distress among adults,Overall,Overall,13.9
2019,Maryland,Average mentally unhealthy days among adults,Sex,Male,3.2
2019,Maryland,Average mentally unhealthy days among adults,Sex,Female,4.8
2019,Nebraska,Frequent mental distress among adults,Race/Ethnicity,"White, non-Hispanic",11.2
2019,Mississippi,Depression among adults,Race/Ethnicity,"Black, non-Hispanic",13.9
2019,Missouri,Frequent mental distress among adults,Overall,Overall,15.4
2019,Massachusetts,Average mentally unhealthy days among adults,Sex,Male,3.3
2019,Michigan,Depression among adults,Race/Ethnicity,"White, non-Hispanic",22.9
2019,Michigan,Depression among adults,Race/Ethnicity,"White, non-Hispanic",22.2
2019,Minnesota,Depression among adults,Race/Ethnicity,"Asian, non-Hispanic",11.7
2019,Massachusetts,Depression among adults,Race/Ethnicity,"White, non-Hispanic",19.7
2019,Nevada,Frequent mental distress among adults,Age,Age 18-44,17.9
2019,Missouri,Frequent mental distress among adults,Race/Ethnicity,"White, non-Hispanic",14.1
2019,Maryland,Depression among adults,Race/Ethnicity,"Asian, non-Hispanic",5.3
2019,Maryland,Frequent mental distress among adults,Race/Ethnicity,"White, non-Hispanic",12.2
2019,Montana,Depression among adults,Race/Ethnicity,"American Indian or Alaska Native, non-Hispanic",30.8
2019,Michigan,Depression among adults,Overall,Overall,21.4
2019,Massachusetts,Frequent mental distress among adults,Race/Ethnicity,"Black, non-Hispanic",13.1
2019,Nebraska,Frequent mental distress among adults,Age,Age 45-64,10.7
2019,Nebraska,Average mentally unhealthy days among adults,Age,Age 45-64,3.7
2019,Missouri,Depression among adults,Age,Age >=65,15.8
2019,Massachusetts,Postpartum depressive symptoms among women with a recent live birth,Race/Ethnicity,Hispanic,13.8
2019,Nevada,Average mentally unhealthy days among adults,Sex,Female,2.7
2019,Nevada,Frequent mental distress among adults,Race/Ethnicity,"Multiracial, non-Hispanic",20.6
2019,Minnesota,Depression among adults,Sex,Male,14.4
2019,Michigan,Frequent mental distress among adults,Overall,Overall,16.2
2019,Montana,Postpartum depressive symptoms among women with a recent live birth,Overall,Overall,15.6
2019,Minnesota,Frequent mental distress among adults,Race/Ethnicity,"White, non-Hispanic",11.8
2019,Minnesota,Frequent mental distress among adults,Race/Ethnicity,"Asian, non-Hispanic",15.7
2019,Missouri,Postpartum depressive symptoms among women with a recent live birth,Race/Ethnicity,"Asian, non-Hispanic",13.4
2019,Missouri,Depression among adults,Race/Ethnicity,"American Indian or Alaska Native, non-Hispanic",41.0
2019,Maryland,Frequent mental distress among adults,Age,Age 45-64,10.2
2019,Missouri,Average mentally unhealthy days among adults,Age,Age 18-44,3.8
2019,Minnesota,Postpartum depressive symptoms among women with a recent live birth,Race/Ethnicity,"Black, non-Hispanic",16.4
2019,Michigan,Depression among adults,Race/Ethnicity,Hispanic,21.5
2019,Massachusetts,Depression among adults,Overall,Overall,18.9
2019,Nevada,Depression among adults,Age,Age 45-64,17.6
2019,Massachusetts,Frequent mental distress among adults,Overall,Overall,12.9
2019,Nevada,Frequent mental distress among adults,Age,Age 45-64,14.4
2019,Minnesota,Depression among adults,Overall,Overall,20.8
2019,Michigan,Frequent mental distress among adults,Overall,Overall,16.9
2019,Maryland,Average mentally unhealthy days among adults,Race/Ethnicity,"Asian, non-Hispanic",5.4
2019,Mississippi,Frequent mental distress among adults,Overall,Overall,17.3
2019,Missouri,Frequent mental distress among adults,Race/Ethnicity,"Multiracial, non-Hispanic",31.5
2019,Nebraska,Frequent mental distress among adults,Race/Ethnicity,"Multiracial, non-Hispanic",18.6
2019,Michigan,Depression among adults,Sex,Male,16.0
2019,Missouri,Frequent mental distress among adults,Sex,Male,13.0
2019,Nevada,Average mentally unhealthy days among adults,Sex,Female,2.7
2019,Massachusetts,Depression among adults,Race/Ethnicity,"Black, non-Hispanic",13.7
2019,Mississippi,Frequent mental distress among adults,Race/Ethnicity,"White, non-Hispanic",17.3
2019,Minnesota,Depression among adults,Race/Ethnicity,"Black, non-Hispanic",15.3
2019,Minnesota,Frequent mental distress among adults,Overall,Overall,11.6
2019,Minnesota,Frequent mental distress among adults,Sex,Male,9.7
2019,Nebraska,Frequent mental distress among adults,Race/Ethnicity,"American Indian or Alaska Native, non-Hispanic",22.5
2019,Massachusetts,Frequent mental distress among adults,Race/Ethnicity,Hispanic,12.0
2019,Mississippi,Depression among adults,Sex,Male,14.6
2019,Michigan,Postpartum depressive symptoms among women with a recent live birth,Race/Ethnicity,"Black, non-Hispanic",18.9
2019,Missouri,Frequent mental distress among adults,Age,Age >=65,7.1
2019,Montana,Frequent mental distress among adults,Race/Ethnicity,Hispanic,17.1
2019,Nevada,Frequent mental distress among adults,Sex,Female,18.6
2019,Mississippi,Frequent mental distress among adults,Age,Age >=65,10.0
2019,Massachusetts,Postpartum depressive symptoms among women with a recent live birth,Race/Ethnicity,"Asian, non-Hispanic",18.3
2019,Massachusetts,Average mentally unhealthy days among adults,Race/Ethnicity,Hispanic,2.2
2019,Nebraska,Average mentally unhealthy days among adults,Sex,Male,3.1
2019,Missouri,Average mentally unhealthy days among adults,Race/Ethnicity,"White, non-Hispanic",3.3
2019,Minnesota,Average mentally unhealthy days among adults,Sex,Male,3.9
2019,Nebraska,Depression among adults,Race/Ethnicity,"White, non-Hispanic",17.4
2019,Michigan,Frequent mental distress among adults,Race/Ethnicity,"White, non-Hispanic",16.8
2019,Mississippi,Average mentally unhealthy days among adults,Overall,Overall,2.1
2019,Maryland,Depression among adults,Race/Ethnicity,"Multiracial, non-Hispanic",24.8
2019,Missouri,Frequent mental distress among adults,Race/Ethnicity,"Black, non-Hispanic",16.6
2019,Minnesota,Average mentally unhealthy days among adults,Age,Age >=65,3.0
2019,Massachusetts,Average mentally unhealthy days among adults,Sex,Male,3.3
2019,Maryland,Depression among adults,Sex,Female,19.2
2019,Nebraska,Postpartum depressive symptoms among women with a recent live birth,Race/Ethnicity,Hispanic,15.4
2019,Nevada,Average mentally unhealthy days among adults,Age,Age >=65,2.2
2019,Massachusetts,Average mentally unhealthy days among adults,Overall,Overall,3.7
2019,Massachusetts,Frequent mental distress among adults,Sex,Male,10.9
2019,Maryland,Frequent mental distress among adults,Race/Ethnicity,"Black, non-Hispanic",12.6
2019,Missouri,Depression among adults,Race/Ethnicity,"White, non-Hispanic",23.2
2019,Minnesota,Frequent mental distress among adults,Sex,Female,13.5
2019,Montana,Depression among adults,Race/Ethnicity,Hispanic,28.4
2019,Nebraska,Depression among adults,Age,Age 45-64,16.9
2019,Mississippi,Frequent mental distress among adults,Sex,Male,14.9
2019,Michigan,Frequent mental distress among adults,Age,Age >=65,9.0
2019,Mississippi,Depression among adults,Race/Ethnicity,"White, non-Hispanic",24.4
2019,Minnesota,Depression among adults,Race/Ethnicity,"Multiracial, non-Hispanic",29.1
2019,Maryland,Frequent mental distress among adults,Race/Ethnicity,"Black, non-Hispanic",12.5
2019,Minnesota,Frequent mental distress among adults,Race/Ethnicity,"Black, non-Hispanic",11.5
2019,Montana,Average mentally unhealthy days among adults,Race/Ethnicity,"White, non-Hispanic",3.5
2019,Massachusetts,Depression among adults,Sex,Female,23.9
2019,Nevada,Frequent mental distress among adults,Race/Ethnicity,"Black, non-Hispanic",13.7
2019,Minnesota,Average mentally unhealthy days among adults,Race/Ethnicity,"White, non-Hispanic",5.0
2019,Montana,Average mentally unhealthy days among adults,Age,Age >=65,2.6
2019,Minnesota,Depression among adults,Race/Ethnicity,"White, non-Hispanic",22.7
2019,Nevada,Depression among adults,Race/Ethnicity,"White, non-Hispanic",20.8
2019,Massachusetts,Postpartum depressive symptoms among women with a recent live birth,Race/Ethnicity,"Multiracial, non-Hispanic",11.9
2019,Montana,Depression among adults,Race/Ethnicity,"White, non-Hispanic",24.1
2019,Nevada,Frequent mental distress among adults,Race/Ethnicity,"Asian, non-Hispanic",24.1
2019,Nebraska,Postpartum depressive symptoms among women with a recent live birth,Overall,Overall,12.3
2019,Michigan,Depression among adults,Overall,Overall,21.8
2019,Missouri,Average mentally unhealthy days among adults,Overall,Overall,3.3
2019,Maryland,Average mentally unhealthy days among adults,Race/Ethnicity,"White, non-Hispanic",4.3
2019,Montana,Average mentally unhealthy days among adults,Age,Age 45-64,3.6
2019,Maryland,Average mentally unhealthy days among adults,Age,Age 45-64,3.5
2019,Mississippi,Frequent mental distress among adults,Sex,Male,15.0
2019,Nevada,Depression among adults,Race/Ethnicity,"Black, non-Hispanic",18.6
2019,Missouri,Average mentally unhealthy days among adults,Sex,Male,3.7
2019,Minnesota,Frequent mental distress among adults,Age,Age >=65,5.4
2019,Minnesota,Depression among adults,Age,Age 18-44,23.9
2019,Massachusetts,Depression among adults,Race/Ethnicity,"White, non-Hispanic",20.7
2019,Michigan,Average mentally unhealthy days among adults,Race/Ethnicity,"White, non-Hispanic",3.2
2019,Maryland,Depression among adults,Age,Age 18-44,18.5
2019,Montana,Depression among adults,Overall,Overall,24.7
2019,Maryland,Depression among adults,Race/Ethnicity,"Multiracial, non-Hispanic",22.9
2019,Nevada,Frequent mental distress among adults,Race/Ethnicity,"Multiracial, non-Hispanic",21.6
2019,Minnesota,Frequent mental distress among adults,Race/Ethnicity,"Multiracial, non-Hispanic",23.4
2019,Missouri,Frequent mental distress among adults,Race/Ethnicity,Hispanic,16.3
2019,Missouri,Depression among adults,Overall,Overall,22.8
2019,Missouri,Postpartum depressive symptoms among women with a recent live birth,Race/Ethnicity,"White, non-Hispanic",13.6
2019,Maryland,Frequent mental distress among adults,Sex,Female,12.9
2019,Massachusetts,Average mentally unhealthy days among adults,Sex,Female,3.8
2019,Nebraska,Average mentally unhealthy days among adults,Overall,Overall,3.4
2019,Michigan,Average mentally unhealthy days among adults,Age,Age 45-64,3.5
2019,Montana,Average mentally unhealthy days among adults,Sex,Male,3.3
2019,Michigan,Average mentally unhealthy days among adults,Sex,Female,3.3
2019,Massachusetts,Average mentally unhealthy days among adults,Age,Age 45-64,3.6
2019,Nevada,Average mentally unhealthy days among adults,Race/Ethnicity,"White, non-Hispanic",2.8
2019,Minnesota,Depression among adults,Sex,Male,14.5
2019,Maryland,Postpartum depressive symptoms among women with a recent live birth,Race/Ethnicity,Hispanic,12.5
2019,Missouri,Frequent mental distress among adults,Sex,Female,17.0
2019,Nevada,Average mentally unhealthy days among adults,Overall,Overall,2.5
2019,Montana,Depression among adults,Sex,Male,16.5
2019,Nevada,Depression among adults,Sex,Male,12.9
2019,Minnesota,Frequent mental distress among adults,Race/Ethnicity,"Asian, non-Hispanic",16.8
2019,Nebraska,Frequent mental distress among adults,Sex,Female,13.9
2019,Michigan,Depression among adults,Race/Ethnicity,"Multiracial, non-Hispanic",31.7
2019,Minnesota,Average mentally unhealthy days among adults,Sex,Female,5.1
2019,Minnesota,Depression among adults,Race/Ethnicity,"American Indian or Alaska Native, non-Hispanic",30.6
2019,Minnesota,Average mentally unhealthy days among adults,Age,Age 45-64,4.2
2019,Michigan,Frequent mental distress among adults,Race/Ethnicity,Hispanic,18.3
2019,Massachusetts,Depression among adults,Age,Age 18-44,21.7
2019,Montana,Frequent mental distress among adults,Race/Ethnicity,"Multiracial, non-Hispanic",29.9
2019,Nebraska,Depression among adults,Race/Ethnicity,"Black, non-Hispanic",12.6
2019,Montana,Frequent mental distress among adults,Age,Age 45-64,11.7
2019,Nevada,Frequent mental distress among adults,Sex,Female,18.2
2019,Mississippi,Postpartum depressive symptoms among women with a recent live birth,Race/Ethnicity,"Black, non-Hispanic",25.8
2019,Missouri,Postpartum depressive symptoms among women with a recent live birth,Race/Ethnicity,"Black, non-Hispanic",18.0
2019,Maryland,Frequent mental distress among adults,Race/Ethnicity,"Multiracial, non-Hispanic",19.7
2019,Maryland,Frequent mental distress among adults,Age,Age 18-44,14.8
2019,Maryland,Postpartum depressive symptoms among women with a recent live birth,Overall,Overall,15.6
2019,Montana,Frequent mental distress among adults,Sex,Female,17.0
2019,Missouri,Frequent mental distress among adults,Overall,Overall,14.9
2019,Nebraska,Frequent mental distress among adults,Age,Age 18-44,14.0
2019,Michigan,Depression among adults,Sex,Female,26.6
2019,Nebraska,Depression among adults,Overall,Overall,16.2
2019,Nebraska,Average mentally unhealthy days among adults,Race/Ethnicity,"White, non-Hispanic",3.7
2019,Missouri,Average mentally unhealthy days among adults,Sex,Male,3.5
2019,Maryland,Depression among adults,Race/Ethnicity,"American Indian or Alaska Native, non-Hispanic",22.4
2019,Nevada,Depression among adults,Race/Ethnicity,"White, non-Hispanic",18.9
2019,Minnesota,Frequent mental distress among adults,Overall,Overall,12.0
2019,Missouri,Depression among adults,Race/Ethnicity,"Multiracial, non-Hispanic",35.8
2019,Massachusetts,Frequent mental distress among adults,Race/Ethnicity,"White, non-Hispanic",12.8
2019,Nevada,Depression among adults,Overall,Overall,18.1
2019,Mississippi,Average mentally unhealthy days among adults,Race/Ethnicity,"White, non-Hispanic",2.5
2019,Massachusetts,Frequent mental distress among adults,Age,Age 45-64,10.3
2019,Michigan,Average mentally unhealthy days among adults,Race/Ethnicity,"Black, non-Hispanic",3.4
2019,Mississippi,Depression among adults,Race/Ethnicity,"White, non-Hispanic",25.0
2019,Montana,Depression among adults,Race/Ethnicity,Hispanic,29.0
2019,Nebraska,Depression among adults,Race/Ethnicity,"White, non-Hispanic",18.0
2019,Michigan,Frequent mental distress among adults,Race/Ethnicity,"White, non-Hispanic",15.7
2019,Missouri,Depression among adults,Sex,Male,16.3
2019,Michigan,Postpartum depressive symptoms among women with a recent live birth,Overall,Overall,14.8
2019,Nebraska,Depression among adults,Race/Ethnicity,Hispanic,11.0
2019,Montana,Frequent mental distress among adults,Race/Ethnicity,"American Indian or Alaska Native, non-Hispanic",18.9
2019,Massachusetts,Depression among adults,Age,Age 45-64,17.3
2019,Missouri,Depression among adults,Race/Ethnicity,"Black, non-Hispanic",18.6
2019,Minnesota,Postpartum depressive symptoms among women with a recent live birth,Race/Ethnicity,"Asian, non-Hispanic",18.2
2019,Michigan,Frequent mental distress among adults,Race/Ethnicity,"Asian, non-Hispanic",8.1
2019,Massachusetts,Frequent mental distress among adults,Race/Ethnicity,"Multiracial, non-Hispanic",19.0
2019,Nebraska,Average mentally unhealthy days among adults,Sex,Male,3.2
2019,Maryland,Average mentally unhealthy days among adults,Race/Ethnicity,"Asian, non-Hispanic",4.7
2019,Nebraska,Frequent mental distress among adults,Race/Ethnicity,"American Indian or Alaska Native, non-Hispanic",21.6
2019,Nevada,Depression among adults,Race/Ethnicity,Hispanic,11.6
2019,Maryland,Depression among adults,Race/Ethnicity,"Black, non-Hispanic",12.9
2019,Massachusetts,Depression among adults,Race/Ethnicity,"Black, non-Hispanic",13.4
2019,Minnesota,Postpartum depressive symptoms among women with a recent live birth,Race/Ethnicity,"White, non-Hispanic",8.2
2019,Mississippi,Average mentally unhealthy days among adults,Overall,Overall,2.2
2019,Nevada,Average mentally unhealthy days among adults,Sex,Male,2.3
2019,Massachusetts,Frequent mental distress among adults,Race/Ethnicity,"Asian, non-Hispanic",6.0
2019,Massachusetts,Frequent mental distress among adults,Sex,Male,10.7
2019,Missouri,Average mentally unhealthy days among adults,Age,Age >=65,2.2
2019,Mississippi,Average mentally unhealthy days among adults,Sex,Male,1.9
2019,Mississippi,Depression among adults,Age,Age 45-64,24.1
2019,Minnesota,Depression among adults,Race/Ethnicity,"Multiracial, non-Hispanic",28.6
2019,Mississippi,Depression among adults,Sex,Male,14.5
2019,Massachusetts,Depression among adults,Race/Ethnicity,Hispanic,20.5
2019,Missouri,Average mentally unhealthy days among adults,Race/Ethnicity,"White, non-Hispanic",3.6
2019,Massachusetts,Depression among adults,Sex,Female,23.0
2019,Michigan,Frequent mental distress among adults,Sex,Male,14.1
2019,Missouri,Frequent mental distress among adults,Race/Ethnicity,"Black, non-Hispanic",16.3
2019,Massachusetts,Average mentally unhealthy days among adults,Sex,Female,4.0
2019,Montana,Depression among adults,Age,Age 45-64,23.6
2019,Missouri,Depression among adults,Race/Ethnicity,Hispanic,19.2
2019,Montana,Average mentally unhealthy days among adults,Race/Ethnicity,"White, non-Hispanic",3.7
2019,Michigan,Frequent mental distress among adults,Age,Age 18-44,20.4
2019,Nevada,Frequent mental distress among adults,Overall,Overall,15.2
2019,Missouri,Depression among adults,Sex,Female,30.2
2019,Maryland,Frequent mental distress among adults,Race/Ethnicity,"Multiracial, non-Hispanic",18.1
2019,Michigan,Depression among adults,Race/Ethnicity,"American Indian or Alaska Native, non-Hispanic",28.2
2019,Mississippi,Postpartum depressive symptoms among women with a recent live birth,Race/Ethnicity,"White, non-Hispanic",19.5
2019,Mississippi,Depression among adults,Sex,Female,26.4
2019,Nebraska,Average mentally unhealthy days among adults,Age,Age >=65,2.2
2019,Missouri,Depression among adults,Age,Age 45-64,22.0
2019,Nebraska,Frequent mental distress among adults,Race/Ethnicity,Hispanic,9.7
2019,Nevada,Average mentally unhealthy days among adults,Race/Ethnicity,"White, non-Hispanic",2.7
2019,Massachusetts,Average mentally unhealthy days among adults,Overall,Overall,3.5
2019,Nevada,Frequent mental distress among adults,Race/Ethnicity,Hispanic,11.7
2019,Montana,Depression among adults,Race/Ethnicity,"White, non-Hispanic",23.4
2019,Nevada,Frequent mental distress among adults,Race/Ethnicity,"Asian, non-Hispanic",23.4
2019,Missouri,Depression among adults,Overall,Overall,23.3
2019,Minnesota,Frequent mental distress among adults,Race/Ethnicity,"Multiracial, non-Hispanic",21.0
2019,Montana,Frequent mental distress among adults,Race/Ethnicity,"American Indian or Alaska Native, non-Hispanic",19.0
2019,Missouri,Postpartum depressive symptoms among women with a recent live birth,Overall,Overall,14.6
2019,Maryland,Frequent mental distress among adults,Overall,Overall,12.1
2019,Maryland,Average mentally unhealthy days among adults,Race/Ethnicity,"White, non-Hispanic",4.0
2019,Michigan,Depression among adults,Race/Ethnicity,"Multiracial, non-Hispanic",32.7
2019,Montana,Average mentally unhealthy days among adults,Age,Age 18-44,4.0
2019,Missouri,Average mentally unhealthy days among adults,Sex,Female,2.9
2019,Michigan,Depression among adults,Sex,Female,27.3
2019,Michigan,Frequent mental distress among adults,Race/Ethnicity,"Black, non-Hispanic",16.3
2019,Minnesota,Average mentally unhealthy days among adults,Sex,Female,4.9
2019,Minnesota,Depression among adults,Age,Age 45-64,19.6
2019,Michigan,Average mentally unhealthy days among adults,Age,Age 18-44,3.4
2019,Nebraska,Average mentally unhealthy days among adults,Race/Ethnicity,Hispanic,1.7
2019,Massachusetts,Depression among adults,Race/Ethnicity,"Multiracial, non-Hispanic",23.1
2019,Nebraska,Average mentally unhealthy days among adults,Sex,Female,3.7
2019,Minnesota,Average mentally unhealthy days among adults,Overall,Overall,4.6
2019,Massachusetts,Frequent mental distress among adults,Sex,Female,14.7
2019,Michigan,Frequent mental distress among adults,Race/Ethnicity,"Multiracial, non-Hispanic",29.7
2019,Maryland,Depression among adults,Age,Age 45-64,14.4
2019,Michigan,Depression among adults,Race/Ethnicity,"Black, non-Hispanic",18.3
2019,Nebraska,Postpartum depressive symptoms among women with a recent live birth,Race/Ethnicity,"Black, non-Hispanic",21.1
2019,Maryland,Depression among adults,Race/Ethnicity,"White, non-Hispanic",20.6
2019,Nevada,Depression among adults,Sex,Male,12.5
2019,Maryland,Frequent mental distress among adults,Sex,Female,13.4
2019,Montana,Frequent mental distress among adults,Race/Ethnicity,"White, non-Hispanic",13.1
2019,Michigan,Depression among adults,Age,Age >=65,16.4
2019,Nebraska,Frequent mental distress among adults,Overall,Overall,11.3
2019,Minnesota,Average mentally unhealthy days among adults,Race/Ethnicity,Hispanic,2.8
2019,Montana,Frequent mental distress among adults,Age,Age >=65,9.5
2019,Michigan,Average mentally unhealthy days among adults,Sex,Male,3.1
2019,Nebraska,Depression among adults,Overall,Overall,16.3
2019,Minnesota,Postpartum depressive symptoms among women with a recent live birth,Overall,Overall,10.9
2019,Mississippi,Frequent mental distress among adults,Race/Ethnicity,"White, non-Hispanic",18.2
2019,Montana,Frequent mental distress among adults,Race/Ethnicity,"White, non-Hispanic",14.0
2019,Nebraska,Depression among adults,Race/Ethnicity,"Black, non-Hispanic",12.3
2019,Mississippi,Average mentally unhealthy days among adults,Race/Ethnicity,"Black, non-Hispanic",1.8
2019,Maryland,Frequent mental distress among adults,Age,Age >=65,7.7
2019,Nebraska,Frequent mental distress among adults,Sex,Female,14.3
2019,Missouri,Frequent mental distress among adults,Age,Age 18-44,18.8
2019,Maryland,Average mentally unhealthy days among adults,Overall,Overall,4.0
2019,Montana,Postpartum depressive symptoms among women with a recent live birth,Race/Ethnicity,Hispanic,15.1
2019,Nebraska,Depression among adults,Sex,Female,22.2
2019,Minnesota,Frequent mental distress among adults,Age,Age 18-44,15.3
2019,Minnesota,Depression among adults,Race/Ethnicity,"American Indian or Alaska Native, non-Hispanic",30.3
2019,Nevada,Depression among adults,Race/Ethnicity,"Black, non-Hispanic",19.3
2019,Missouri,Frequent mental distress among adults,Sex,Female,17.9
2019,Nevada,Average mentally unhealthy days among adults,Age,Age 45-64,2.8
2019,Nevada,Depression among adults,Sex,Female,23.2
2019,Minnesota,Frequent mental distress among adults,Race/Ethnicity,"American Indian or Alaska Native, non-Hispanic",23.5
2019,Nevada,Frequent mental distress among adults,Sex,Male,11.9
2019,Missouri,Depression among adults,Race/Ethnicity,"Black, non-Hispanic",18.0
2019,Montana,Frequent mental distress among adults,Sex,Male,11.7
2019,Massachusetts,Frequent mental distress among adults,Race/Ethnicity,"Multiracial, non-Hispanic",20.7
2019,Montana,Average mentally unhealthy days among adults,Sex,Female,3.8
2019,Mississippi,Depression among adults,Age,Age 18-44,19.7
2019,Mississippi,Frequent mental distress among adults,Sex,Female,19.4
2019,Montana,Depression among adults,Race/Ethnicity,"Multiracial, non-Hispanic",40.2
2019,Michigan,Frequent mental distress among adults,Age,Age 45-64,15.7
2019,Nebraska,Depression among adults,Age,Age >=65,11.5
2019,Maryland,Frequent mental distress among adults,Race/Ethnicity,"Asian, non-Hispanic",6.4
2019,Michigan,Frequent mental distress among adults,Sex,Male,13.7
2019,Minnesota,Depression among adults,Sex,Female,27.0
2019,Montana,Depression among adults,Age,Age 18-44,27.4
2019,Nebraska,Depression among adults,Race/Ethnicity,Hispanic,10.5
2019,Massachusetts,Postpartum depressive symptoms among women with a recent live birth,Overall,Overall,10.2
2019,Nevada,Depression among adults,Sex,Female,22.8
2019,Nebraska,Depression among adults,Race/Ethnicity,"Multiracial, non-Hispanic",27.4
2019,Massachusetts,Frequent mental distress among adults,Race/Ethnicity,"White, non-Hispanic",14.0
2019,Mississippi,Average mentally unhealthy days among adults,Race/Ethnicity,"White, non-Hispanic",2.8
2019,Michigan,Average mentally unhealthy days among adults,Race/Ethnicity,"Black, non-Hispanic",3.4
2019,Montana,Postpartum depressive symptoms among women with a recent live birth,Race/Ethnicity,"American Indian or Alaska Native, non-Hispanic",22.9
2019,Massachusetts,Frequent mental distress among adults,Age,Age 18-44,16.5
2019,Maryland,Average mentally unhealthy days among adults,Race/Ethnicity,"Black, non-Hispanic",3.8
2019,Mississippi,Average mentally unhealthy days among adults,Age,Age 45-64,1.7
2019,Massachusetts,Depression among adults,Race/Ethnicity,"Asian, non-Hispanic",6.8
2019,Maryland,Depression among adults,Race/Ethnicity,"Black, non-Hispanic",13.1
2019,Missouri,Frequent mental distress among adults,Race/Ethnicity,"American Indian or Alaska Native, non-Hispanic",26.7
2019,Maryland,Depression among adults,Sex,Male,12.1
2019,Nevada,Average mentally unhealthy days among adults,Sex,Male,2.2
2019,Nebraska,Frequent mental distress among adults,Race/Ethnicity,"Black, non-Hispanic",10.2
2019,Missouri,Depression among adults,Race/Ethnicity,"Multiracial, non-Hispanic",33.9
2019,Missouri,Depression among adults,Race/Ethnicity,Hispanic,19.3
2019,Michigan,Depression among adults,Race/Ethnicity,"Black, non-Hispanic",18.3
2019,Minnesota,Depression among adults,Race/Ethnicity,Hispanic,11.4
2019,Nebraska,Average mentally unhealthy days among adults,Overall,Overall,3.5
2019,Nevada,Depression among adults,Race/Ethnicity,Hispanic,12.5
2019,Massachusetts,Postpartum depressive symptoms among women with a recent live birth,Race/Ethnicity,"White, non-Hispanic",6.5
2019,Missouri,Depression among adults,Sex,Female,29.0
2019,Michigan,Postpartum depressive symptoms among women with a recent live birth,Race/Ethnicity,Hispanic,12.3
2019,Montana,Depression among adults,Sex,Male,16.3
2019,Maryland,Frequent mental distress among adults,Sex,Male,10.8
2019,Montana,Depression among adults,Overall,Overall,24.1
2019,Nevada,Frequent mental distress among adults,Race/Ethnicity,"White, non-Hispanic",14.4
2019,Missouri,Average mentally unhealthy days among adults,Overall,Overall,3.2
2019,Mississippi,Average mentally unhealthy days among adults,Sex,Male,1.8
2019,Michigan,Frequent mental distress among adults,Race/Ethnicity,"American Indian or Alaska Native, non-Hispanic",25.0
2019,Nevada,Frequent mental distress among adults,Overall,Overall,14.9
2019,Minnesota,Postpartum depressive symptoms among women with a recent live birth,Race/Ethnicity,"Multiracial, non-Hispanic",22.7
2019,Maryland,Depression among adults,Race/Ethnicity,"American Indian or Alaska Native, non-Hispanic",19.8
2019,Massachusetts,Frequent mental distress among adults,Race/Ethnicity,"Asian, non-Hispanic",8.7
2019,Maryland,Postpartum depressive symptoms among women with a recent live birth,Race/Ethnicity,"Black, non-Hispanic",21.5
2019,Massachusetts,Frequent mental distress among adults,Sex,Female,14.2
2019,Minnesota,Average mentally unhealthy days among adults,Race/Ethnicity,"Asian, non-Hispanic",5.4
2019,Nevada,Frequent mental distress among adults,Race/Ethnicity,Hispanic,11.1
2019,Maryland,Depression among adults,Overall,Overall,16.1
2019,Michigan,Depression among adults,Sex,Male,16.1
2019,Montana,Average mentally unhealthy days among adults,Overall,Overall,3.7
2019,Montana,Frequent mental distress among adults,Race/Ethnicity,Hispanic,15.4
2019,Minnesota,Frequent mental distress among adults,Race/Ethnicity,Hispanic,11.4
2019,Maryland,Average mentally unhealthy days among adults,Sex,Male,3.2
2019,Montana,Frequent mental distress among adults,Overall,Overall,14.5
2019,Montana,Depression among adults,Race/Ethnicity,"American Indian or Alaska Native, non-Hispanic",30.8
2019,Montana,Frequent mental distress among adults,Sex,Male,12.1
2019,Massachusetts,Average mentally unhealthy days among adults,Race/Ethnicity,"White, non-Hispanic",4.6
2019,Mississippi,Average mentally unhealthy days among adults,Age,Age >=65,1.2
2019,Nebraska,Depression among adults,Race/Ethnicity,"American Indian or Alaska Native, non-Hispanic",18.5
2019,Nebraska,Average mentally unhealthy days among adults,Age,Age 18-44,3.8
2019,Nebraska,Frequent mental distress among adults,Overall,Overall,11.4
2019,Mississippi,Frequent mental distress among adults,Race/Ethnicity,"Black, non-Hispanic",16.4
2019,Michigan,Average mentally unhealthy days among adults,Sex,Male,3.2
2019,Massachusetts,Average mentally unhealthy days among adults,Age,Age >=65,1.8
2019,Nevada,Frequent mental distress among adults,Race/Ethnicity,"Black, non-Hispanic",14.1
2019,Montana,Depression among adults,Race/Ethnicity,"Multiracial, non-Hispanic",39.3
2019,Nevada,Depression among adults,Age,Age >=65,11.9
2019,Mississippi,Frequent mental distress among adults,Age,Age 45-64,18.6
2019,Massachusetts,Frequent mental distress among adults,Race/Ethnicity,"Black, non-Hispanic",12.8
2019,Maryland,Postpartum depressive symptoms among women with a recent live birth,Race/Ethnicity,"White, non-Hispanic",12.8
2019,Mississippi,Average mentally unhealthy days among adults,Race/Ethnicity,"Black, non-Hispanic",1.8
2019,Mississippi,Depression among adults,Race/Ethnicity,"Black, non-Hispanic",14.1
2019,Mississippi,Average mentally unhealthy days among adults,Sex,Female,2.5
2019,Minnesota,Postpartum depressive symptoms among women with a recent live birth,Race/Ethnicity,Hispanic,10.7
2019,Maryland,Average mentally unhealthy days among adults,Overall,Overall,3.9
2019,Minnesota,Average mentally unhealthy days among adults,Sex,Male,4.0
2019,Missouri,Depression among adults,Age,Age 18-44,26.9
2019,Nebraska,Frequent mental distress among adults,Race/Ethnicity,Hispanic,9.6
2019,Michigan,Average mentally unhealthy days among adults,Overall,Overall,3.3
2019,Massachusetts,Depression among adults,Race/Ethnicity,"Multiracial, non-Hispanic",19.9
2019,Minnesota,Average mentally unhealthy days among adults,Overall,Overall,4.5
2019,Montana,Depression among adults,Age,Age >=65,19.0
2019,Missouri,Depression among adults,Race/Ethnicity,"American Indian or Alaska Native, non-Hispanic",44.9
2019,Minnesota,Frequent mental distress among adults,Race/Ethnicity,"White, non-Hispanic",10.9
2019,Maryland,Depression among adults,Race/Ethnicity,"White, non-Hispanic",19.3
2019,Maryland,Frequent mental distress among adults,Overall,Overall,11.8
2019,Massachusetts,Depression among adults,Sex,Male,13.6
2019,Missouri,Postpartum depressive symptoms among women with a recent live birth,Race/Ethnicity,Hispanic,14.5
2019,Maryland,Frequent mental distress among adults,Race/Ethnicity,Hispanic,9.2
2019,Missouri,Frequent mental distress among adults,Age,Age 45-64,15.0
2019,Montana,Postpartum depressive symptoms among women with a recent live birth,Race/Ethnicity,"Multiracial, non-Hispanic",20.2
2019,Michigan,Average mentally unhealthy days among adults,Age,Age >=65,2.6
2019,Nebraska,Average mentally unhealthy days among adults,Race/Ethnicity,Hispanic,1.8
2019,Minnesota,Postpartum depressive symptoms among women with a recent live birth,Race/Ethnicity,"American Indian or Alaska Native, non-Hispanic",23.1
2019,Michigan,Frequent mental distress among adults,Race/Ethnicity,"Black, non-Hispanic",16.3
2019,Nebraska,Postpartum depressive symptoms among women with a recent live birth,Race/Ethnicity,"Asian, non-Hispanic",17.5
2019,Missouri,Frequent mental distress among adults,Race/Ethnicity,"White, non-Hispanic",14.8
2019,Missouri,Frequent mental distress among adults,Race/Ethnicity,"American Indian or Alaska Native, non-Hispanic",29.0
2019,Nebraska,Frequent mental distress among adults,Race/Ethnicity,"White, non-Hispanic",11.8
2019,Maryland,Average mentally unhealthy days among adults,Sex,Female,4.6
2019,Maryland,Depression among adults,Race/Ethnicity,Hispanic,12.5
2019,Massachusetts,Frequent mental distress among adults,Age,Age >=65,7.8
2019,Michigan,Depression among adults,Race/Ethnicity,Hispanic,22.1
2019,Nebraska,Postpartum depressive symptoms among women with a recent live birth,Race/Ethnicity,"White, non-Hispanic",10.0
2019,Nebraska,Depression among adults,Sex,Female,21.7
2019,Nevada,Depression among adults,Overall,Overall,17.7
2019,Minnesota,Frequent mental distress among adults,Age,Age 45-64,10.5
2019,Minnesota,Depression among adults,Race/Ethnicity,"Asian, non-Hispanic",12.7
2019,Massachusetts,Depression among adults,Sex,Male,13.6
2019,Michigan,Frequent mental distress among adults,Sex,Female,18.7
2019,Mississippi,Postpartum depressive symptoms among women with a recent live birth,Race/Ethnicity,Hispanic,21.7
2019,Nebraska,Frequent mental distress among adults,Age,Age >=65,6.2
2019,Minnesota,Frequent mental distress among adults,Sex,Male,9.8
2019,Nevada,Frequent mental distress among adults,Sex,Male,11.6
2019,Maryland,Frequent mental distress among adults,Race/Ethnicity,"White, non-Hispanic",13.3
2019,Massachusetts,Postpartum depressive symptoms among women with a recent live birth,Race/Ethnicity,"Black, non-Hispanic",16.9
2019,Massachusetts,Depression among adults,Overall,Overall,18.5
2019,Massachusetts,Frequent mental distress among adults,Race/Ethnicity,Hispanic,11.7
2019,Michigan,Frequent mental distress among adults,Race/Ethnicity,"American Indian or Alaska Native, non-Hispanic",35.8
2019,Montana,Frequent mental distress among adults,Age,Age 18-44,18.0
2019,Maryland,Average mentally unhealthy days among adults,Race/Ethnicity,"Black, non-Hispanic",3.8
2019,Nebraska,Frequent mental distress among adults,Race/Ethnicity,"Multiracial, non-Hispanic",19.4
2019,Massachusetts,Depression among adults,Race/Ethnicity,"Asian, non-Hispanic",7.6
2019,Minnesota,Depression among adults,Sex,Female,26.0
2019,Missouri,Frequent mental distress among adults,Sex,Male,12.7
2019,Maryland,Depression among adults,Race/Ethnicity,"Asian, non-Hispanic",5.4
2019,Minnesota,Depression among adults,Race/Ethnicity,"Black, non-Hispanic",14.5
2019,Maryland,Postpartum depressive symptoms among women with a recent live birth,Race/Ethnicity,"Asian, non-Hispanic",21.5
2019,Nebraska,Postpartum depressive symptoms among women with a recent live birth,Race/Ethnicity,"Multiracial, non-Hispanic",14.0
2019,Nevada,Frequent mental distress among adults,Age,Age >=65,9.1
2019,Minnesota,Frequent mental distress among adults,Race/Ethnicity,"American Indian or Alaska Native, non-Hispanic",25.8
2019,Nebraska,Frequent mental distress among adults,Sex,Male,8.6
2019,Maryland,Frequent mental distress among adults,Race/Ethnicity,Hispanic,9.8
2019,Michigan,Depression among adults,Age,Age 45-64,22.2
2019,Missouri,Frequent mental distress among adults,Race/Ethnicity,"Multiracial, non-Hispanic",29.0
2019,Massachusetts,Frequent mental distress among adults,Overall,Overall,12.5
2019,Mississippi,Depression among adults,Age,Age >=65,17.6
2019,Mississippi,Postpartum depressive symptoms among women with a recent live birth,Overall,Overall,22.1
2019,Minnesota,Depression among adults,Overall,Overall,20.2
2019,Nebraska,Depression among adults,Race/Ethnicity,"Multiracial, non-Hispanic",30.9
2019,Minnesota,Average mentally unhealthy days among adults,Race/Ethnicity,Hispanic,2.4
2019,Maryland,Frequent mental distress among adults,Race/Ethnicity,"Asian, non-Hispanic",6.6
2019,Michigan,Frequent mental distress among adults,Race/Ethnicity,"Multiracial, non-Hispanic",28.7
2019,Mississippi,Frequent mental distress among adults,Race/Ethnicity,"Black, non-Hispanic",16.3
2019,Montana,Postpartum depressive symptoms among women with a recent live birth,Race/Ethnicity,"White, non-Hispanic",14.6
2019,Minnesota,Depression among adults,Age,Age >=65,13.6
2019,Nevada,Frequent mental distress among adults,Race/Ethnicity,"White, non-Hispanic",16.0
2019,Minnesota,Frequent mental distress among adults,Sex,Female,14.1
2019,Nebraska,Depression among adults,Age,Age 18-44,18.0
2019,Nebraska,Average mentally unhealthy days among adults,Sex,Female,3.8
2019,Montana,Average mentally unhealthy days among adults,Sex,Female,3.8
2019,Minnesota,Frequent mental distress among adults,Race/Ethnicity,"Black, non-Hispanic",11.2
2019,Nevada,Depression among adults,Race/Ethnicity,"Multiracial, non-Hispanic",24.3
2019,Mississippi,Average mentally unhealthy days among adults,Age,Age 18-44,2.8
2019,Maryland,Depression among adults,Overall,Overall,15.8
2019,Minnesota,Average mentally unhealthy days among adults,Age,Age 18-44,5.3
2019,Maryland,Depression among adults,Sex,Male,12.3
2019,Montana,Depression among adults,Sex,Female,33.1
2019,Nevada,Average mentally unhealthy days among adults,Age,Age 18-44,2.4
2019,Mississippi,Frequent mental distress among adults,Age,Age 18-44,19.7
2019,Missouri,Average mentally unhealthy days among adults,Age,Age 45-64,3.1
2019,Nevada,Depression among adults,Age,Age 18-44,20.4
2019,Nebraska,Frequent mental distress among adults,Race/Ethnicity,"Black, non-Hispanic",10.4
2019,Missouri,Depression among adults,Race/Ethnicity,"White, non-Hispanic",24.1
2019,Michigan,Depression among adults,Race/Ethnicity,"American Indian or Alaska Native, non-Hispanic",33.2
2019,Minnesota,Depression among adults,Race/Ethnicity,Hispanic,12.5
2019,Mississippi,Frequent mental distress among adults,Sex,Female,19.9
2019,Mississippi,Depression among adults,Sex,Female,26.2
2019,Nebraska,Depression among adults,Sex,Male,10.6
2019,Maryland,Average mentally unhealthy days among adults,Age,Age >=65,2.7
2019,Missouri,Average mentally unhealthy days among adults,Sex,Female,3.0
2019,Nevada,Average mentally unhealthy days among adults,Overall,Overall,2.5
2019,Mississippi,Depression among adults,Overall,Overall,20.7
2019,Oklahoma,Frequent mental distress among adults,Age,Age >=65,9.0
2019,New Hampshire,Frequent mental distress among adults,Age,Age >=65,5.2
2019,New York,Depression among adults,Race/Ethnicity,Hispanic,15.0
2019,New Hampshire,Depression among adults,Sex,Male,14.7
2019,Ohio,Frequent mental distress among adults,Age,Age >=65,8.6
2019,Oklahoma,Frequent mental distress among adults,Overall,Overall,15.6
2019,North Carolina,Frequent mental distress among adults,Sex,Female,15.7
2019,Oklahoma,Depression among adults,Race/Ethnicity,"Black, non-Hispanic",19.0
2019,New York,Frequent mental distress among adults,Age,Age 45-64,11.4
2019,Ohio,Frequent mental distress among adults,Sex,Male,14.5
2019,Ohio,Frequent mental distress among adults,Race/Ethnicity,Hispanic,22.3
2019,Ohio,Average mentally unhealthy days among adults,Overall,Overall,3.5
2019,Ohio,Average mentally unhealthy days among adults,Age,Age 18-44,4.0
2019,Oklahoma,Average mentally unhealthy days among adults,Age,Age >=65,2.2
2019,North Carolina,Depression among adults,Overall,Overall,21.8
2019,New Hampshire,Frequent mental distress among adults,Sex,Male,11.0
2019,North Carolina,Average mentally unhealthy days among adults,Race/Ethnicity,"Black, non-Hispanic",2.8
2019,North Dakota,Depression among adults,Race/Ethnicity,Hispanic,22.4
2019,Ohio,Average mentally unhealthy days among adults,Overall,Overall,3.5
2019,New York,Average mentally unhealthy days among adults,Race/Ethnicity,"White, non-Hispanic",3.8
2019,New York,Average mentally unhealthy days among adults,Overall,Overall,3.5
2019,North Carolina,Depression among adults,Overall,Overall,21.6
2019,New Mexico,Depression among adults,Overall,Overall,17.4
2019,Oklahoma,Average mentally unhealthy days among adults,Sex,Male,2.9
2019,New Hampshire,Average mentally unhealthy days among adults,Sex,Female,4.6
2019,North Carolina,Frequent mental distress among adults,Race/Ethnicity,"American Indian or Alaska Native, non-Hispanic",19.0
2019,Oklahoma,Depression among adults,Race/Ethnicity,Hispanic,19.9
2019,New York,Depression among adults,Race/Ethnicity,"Black, non-Hispanic",12.9
2019,North Carolina,Depression among adults,Race/Ethnicity,"Multiracial, non-Hispanic",31.5
2019,New Jersey,Postpartum depressive symptoms among women with a recent live birth,Race/Ethnicity,"Asian, non-Hispanic",17.2
2019,New Mexico,Average mentally unhealthy days among adults,Race/Ethnicity,"White, non-Hispanic",3.3
2019,New York,Frequent mental distress among adults,Sex,Female,13.1
2019,Ohio,Depression among adults,Race/Ethnicity,"Black, non-Hispanic",18.0
2019,Oklahoma,Depression among adults,Overall,Overall,23.0
2019,Ohio,Frequent mental distress among adults,Race/Ethnicity,"Black, non-Hispanic",15.7
2019,Oklahoma,Frequent mental distress among adults,Sex,Female,18.8
2019,New Mexico,Frequent mental distress among adults,Race/Ethnicity,"American Indian or Alaska Native, non-Hispanic",16.8
2019,North Dakota,Depression among adults,Race/Ethnicity,"White, non-Hispanic",17.8
2019,New Hampshire,Postpartum depressive symptoms among women with a recent live birth,Race/Ethnicity,Hispanic,20.8
2019,Ohio,Depression among adults,Race/Ethnicity,"Multiracial, non-Hispanic",33.3
2019,New Mexico,Depression among adults,Race/Ethnicity,"White, non-Hispanic",18.7
2019,New Hampshire,Frequent mental distress among adults,Race/Ethnicity,"White, non-Hispanic",13.5
2019,New Hampshire,Average mentally unhealthy days among adults,Overall,Overall,3.9
2019,New Mexico,Average mentally unhealthy days among adults,Age,Age 18-44,2.6
2019,New Mexico,Depression among adults,Age,Age >=65,15.9
2019,Oklahoma,Depression among adults,Race/Ethnicity,"White, non-Hispanic",23.7
2019,North Carolina,Average mentally unhealthy days among adults,Race/Ethnicity,"White, non-Hispanic",2.3
2019,North Dakota,Depression among adults,Overall,Overall,17.9
2019,New Mexico,Depression among adults,Race/Ethnicity,"White, non-Hispanic",18.0
2019,New York,Average mentally unhealthy days among adults,Age,Age >=65,2.3
2019,New Mexico,Average mentally unhealthy days among adults,Overall,Overall,2.4
2019,Oklahoma,Frequent mental distress among adults,Sex,Male,12.4
2019,North Carolina,Postpartum depressive symptoms among women with a recent live birth,Race/Ethnicity,Hispanic,3.9
2019,New Mexico,Postpartum depressive symptoms among women with a recent live birth,Overall,Overall,14.1
2019,North Carolina,Depression among adults,Race/Ethnicity,Hispanic,11.6
2019,New Mexico,Average mentally unhealthy days among adults,Race/Ethnicity,Hispanic,1.9
2019,Ohio,Depression among adults,Race/Ethnicity,"American Indian or Alaska Native, non-Hispanic",25.7
2019,New York,Frequent mental distress among adults,Race/Ethnicity,"Black, non-Hispanic",12.5
2019,New Hampshire,Frequent mental distress among adults,Race/Ethnicity,Hispanic,18.6
2019,New York,Depression among adults,Overall,Overall,15.4
2019,New Hampshire,Average mentally unhealthy days among adults,Age,Age 18-44,4.8
2019,Oklahoma,Frequent mental distress among adults,Race/Ethnicity,"Multiracial, non-Hispanic",18.3
2019,North Dakota,Average mentally unhealthy days among adults,Overall,Overall,3.6
2019,New Mexico,Average mentally unhealthy days among adults,Sex,Female,2.2
2019,New Mexico,Postpartum depressive symptoms among women with a recent live birth,Race/Ethnicity,Hispanic,12.7
2019,North Dakota,Depression among adults,Sex,Male,12.5
2019,New Mexico,Depression among adults,Race/Ethnicity,Hispanic,17.7
2019,North Carolina,Frequent mental distress among adults,Race/Ethnicity,Hispanic,7.3
2019,New Hampshire,Depression among adults,Race/Ethnicity,"White, non-Hispanic",20.0
2019,Ohio,Depression among adults,Sex,Female,25.6
2019,New Hampshire,Depression among adults,Overall,Overall,20.0
2019,New York,Depression among adults,Race/Ethnicity,"White, non-Hispanic",18.0
2019,New Mexico,Frequent mental distress among adults,Race/Ethnicity,"White, non-Hispanic",15.5
2019,Ohio,Frequent mental distress among adults,Race/Ethnicity,"White, non-Hispanic",16.2
2019,New Mexico,Frequent mental distress among adults,Age,Age 18-44,17.6
2019,New Mexico,Frequent mental distress among adults,Race/Ethnicity,Hispanic,15.2
2019,Oklahoma,Frequent mental distress among adults,Race/Ethnicity,"Black, non-Hispanic",14.8
2019,North Carolina,Depression among adults,Race/Ethnicity,"Black, non-Hispanic",18.8
2019,North Dakota,Frequent mental distress among adults,Race/Ethnicity,"American Indian or Alaska Native, non-Hispanic",13.7
2019,New York,Frequent mental distress among adults,Race/Ethnicity,"American Indian or Alaska Native, non-Hispanic",24.5
2019,Ohio,Depression among adults,Age,Age >=65,14.1
2019,New Hampshire,Depression among adults,Age,Age >=65,11.7
2019,Ohio,Depression among adults,Sex,Male,14.6
2019,North Dakota,Average mentally unhealthy days among adults,Sex,Male,3.0
2019,Ohio,Average mentally unhealthy days among adults,Race/Ethnicity,"White, non-Hispanic",3.4
2019,Oklahoma,Average mentally unhealthy days among adults,Race/Ethnicity,"White, non-Hispanic",2.8
2019,North Dakota,Frequent mental distress among adults,Sex,Female,14.3
2019,North Carolina,Average mentally unhealthy days among adults,Sex,Male,1.8
2019,New Hampshire,Frequent mental distress among adults,Sex,Female,19.0
2019,North Dakota,Average mentally unhealthy days among adults,Race/Ethnicity,"White, non-Hispanic",3.9
2019,Oklahoma,Depression among adults,Race/Ethnicity,"Black, non-Hispanic",19.4
2019,North Dakota,Depression among adults,Race/Ethnicity,Hispanic,21.8
2019,North Dakota,Postpartum depressive symptoms among women with a recent live birth,Race/Ethnicity,"White, non-Hispanic",11.0
2019,New York,Depression among adults,Race/Ethnicity,Hispanic,14.7
2019,North Carolina,Depression among adults,Race/Ethnicity,"American Indian or Alaska Native, non-Hispanic",29.2
2019,Oklahoma,Depression among adults,Age,Age 45-64,24.4
2019,New Hampshire,Postpartum depressive symptoms among women with a recent live birth,Overall,Overall,11.2
2019,Oklahoma,Frequent mental distress among adults,Race/Ethnicity,Hispanic,12.8
2019,New York,Average mentally unhealthy days among adults,Sex,Female,3.6
2019,New York,Frequent mental distress among adults,Race/Ethnicity,"White, non-Hispanic",12.9
2019,North Carolina,Frequent mental distress among adults,Race/Ethnicity,"White, non-Hispanic",15.0
2019,North Dakota,Depression among adults,Race/Ethnicity,"Multiracial, non-Hispanic",34.5
2019,North Dakota,Average mentally unhealthy days among adults,Age,Age 18-44,3.4
2019,Ohio,Depression among adults,Race/Ethnicity,Hispanic,22.7
2019,Ohio,Frequent mental distress among adults,Race/Ethnicity,"Multiracial, non-Hispanic",23.1
2019,North Carolina,Average mentally unhealthy days among adults,Sex,Female,3.1
2019,New Hampshire,Frequent mental distress among adults,Race/Ethnicity,"White, non-Hispanic",15.3
2019,New Hampshire,Frequent mental distress among adults,Age,Age 18-44,20.7
2019,Oklahoma,Average mentally unhealthy days among adults,Sex,Male,2.9
2019,North Carolina,Average mentally unhealthy days among adults,Race/Ethnicity,"Black, non-Hispanic",2.8
2019,North Dakota,Frequent mental distress among adults,Age,Age 18-44,15.5
2019,Ohio,Average mentally unhealthy days among adults,Sex,Male,3.4
2019,North Carolina,Depression among adults,Race/Ethnicity,"White, non-Hispanic",24.8
2019,New York,Average mentally unhealthy days among adults,Race/Ethnicity,"Black, non-Hispanic",2.8
2019,New York,Average mentally unhealthy days among adults,Overall,Overall,3.5
2019,New York,Average mentally unhealthy days among adults,Sex,Male,3.4
2019,New Mexico,Depression among adults,Race/Ethnicity,Hispanic,17.8
2019,North Dakota,Frequent mental distress among adults,Race/Ethnicity,Hispanic,26.0
2019,New Mexico,Average mentally unhealthy days among adults,Age,Age 45-64,2.4
2019,Ohio,Frequent mental distress among adults,Overall,Overall,16.3
2019,New Mexico,Depression among adults,Overall,Overall,17.3
2019,New York,Depression among adults,Age,Age >=65,11.7
2019,Oklahoma,Depression among adults,Race/Ethnicity,"American Indian or Alaska Native, non-Hispanic",28.0
2019,New York,Depression among adults,Race/Ethnicity,"Black, non-Hispanic",12.7
2019,Oklahoma,Frequent mental distress among adults,Sex,Female,19.4
2019,North Carolina,Frequent mental distress among adults,Race/Ethnicity,"Black, non-Hispanic",12.6
2019,North Carolina,Average mentally unhealthy days among adults,Age,Age 18-44,2.6
2019,New York,Depression among adults,Sex,Male,11.4
2019,Oklahoma,Frequent mental distress among adults,Race/Ethnicity,"Multiracial, non-Hispanic",20.0
2019,New Jersey,Postpartum depressive symptoms among women with a recent live birth,Race/Ethnicity,"Black, non-Hispanic",13.8
2019,New York,Frequent mental distress among adults,Race/Ethnicity,Hispanic,12.6
2019,North Carolina,Depression among adults,Sex,Male,15.1
2019,New Hampshire,Average mentally unhealthy days among adults,Sex,Female,4.3
2019,North Carolina,Depression among adults,Age,Age >=65,18.9
2019,Oklahoma,Average mentally unhealthy days among adults,Age,Age 18-44,3.4
2019,New Jersey,Postpartum depressive symptoms among women with a recent live birth,Overall,Overall,10.4
2019,Oklahoma,Depression among adults,Sex,Female,28.8
2019,Oklahoma,Frequent mental distress among adults,Age,Age 45-64,15.8
2019,North Carolina,Frequent mental distress among adults,Sex,Male,11.8
2019,New Mexico,Frequent mental distress among adults,Sex,Female,17.2
2019,North Carolina,Frequent mental distress among adults,Race/Ethnicity,"Black, non-Hispanic",12.7
2019,Oklahoma,Average mentally unhealthy days among adults,Race/Ethnicity,"White, non-Hispanic",2.9
2019,New Hampshire,Depression among adults,Race/Ethnicity,Hispanic,21.7
2019,North Dakota,Postpartum depressive symptoms among women with a recent live birth,Race/Ethnicity,"American Indian or Alaska Native, non-Hispanic",21.8
2019,New Mexico,Depression among adults,Age,Age 18-44,16.9
2019,New York,Depression among adults,Overall,Overall,15.3
2019,Oklahoma,Depression among adults,Race/Ethnicity,"White, non-Hispanic",22.9
2019,New Mexico,Frequent mental distress among adults,Race/Ethnicity,"White, non-Hispanic",13.7
2019,Oklahoma,Frequent mental distress among adults,Race/Ethnicity,"American Indian or Alaska Native, non-Hispanic",20.4
2019,North Carolina,Frequent mental distress among adults,Race/Ethnicity,"American Indian or Alaska Native, non-Hispanic",17.6
2019,New Hampshire,Average mentally unhealthy days among adults,Age,Age >=65,2.9
2019,North Carolina,Average mentally unhealthy days among adults,Age,Age >=65,1.4
2019,Oklahoma,Frequent mental distress among adults,Sex,Male,12.6
2019,New Jersey,Postpartum depressive symptoms among women with a recent live birth,Race/Ethnicity,"White, non-Hispanic",7.2
2019,New Hampshire,Depression among adults,Overall,Overall,21.1
2019,New York,Average mentally unhealthy days among adults,Race/Ethnicity,"Black, non-Hispanic",2.8
2019,North Dakota,Frequent mental distress among adults,Race/Ethnicity,"White, non-Hispanic",10.4
2019,North Dakota,Average mentally unhealthy days among adults,Race/Ethnicity,"White, non-Hispanic",3.8
2019,Ohio,Depression among adults,Sex,Male,14.7
2019,New York,Frequent mental distress among adults,Overall,Overall,12.0
2019,Oklahoma,Depression among adults,Sex,Male,17.1
2019,New York,Frequent mental distress among adults,Sex,Female,13.5
2019,New York,Postpartum depressive symptoms among women with a recent live birth,Race/Ethnicity,"Black, non-Hispanic",15.1
2019,North Carolina,Average mentally unhealthy days among adults,Race/Ethnicity,"White, non-Hispanic",2.4
2019,North Dakota,Depression among adults,Overall,Overall,17.9
2019,Oklahoma,Depression among adults,Race/Ethnicity,"American Indian or Alaska Native, non-Hispanic",27.4
2019,New York,Depression among adults,Race/Ethnicity,"White, non-Hispanic",18.8
2019,Ohio,Average mentally unhealthy days among adults,Sex,Female,3.7
2019,New Mexico,Depression among adults,Sex,Male,13.9
2019,North Dakota,Frequent mental distress among adults,Race/Ethnicity,"American Indian or Alaska Native, non-Hispanic",14.0
2019,New Hampshire,Depression among adults,Sex,Female,26.4
2019,Oklahoma,Depression among adults,Race/Ethnicity,Hispanic,19.3
2019,Ohio,Depression among adults,Overall,Overall,20.7
2019,New Hampshire,Frequent mental distress among adults,Race/Ethnicity,Hispanic,29.2
2019,North Dakota,Frequent mental distress among adults,Age,Age >=65,5.0
2019,New York,Depression among adults,Race/Ethnicity,"Asian, non-Hispanic",5.1
2019,Oklahoma,Average mentally unhealthy days among adults,Overall,Overall,3.2
2019,New York,Average mentally unhealthy days among adults,Race/Ethnicity,Hispanic,3.2
2019,North Dakota,Frequent mental distress among adults,Sex,Male,8.3
2019,North Carolina,Frequent mental distress among adults,Age,Age >=65,9.0
2019,Oklahoma,Frequent mental distress among adults,Race/Ethnicity,"Black, non-Hispanic",14.8
2019,North Dakota,Depression among adults,Sex,Female,23.6
2019,North Carolina,Frequent mental distress among adults,Race/Ethnicity,"Multiracial, non-Hispanic",31.3
2019,North Dakota,Average mentally unhealthy days among adults,Age,Age >=65,2.7
2019,North Carolina,Frequent mental distress among adults,Race/Ethnicity,"White, non-Hispanic",14.1
2019,New Mexico,Frequent mental distress among adults,Age,Age >=65,10.0
2019,New York,Frequent mental distress among adults,Race/Ethnicity,"Asian, non-Hispanic",5.2
2019,Ohio,Depression among adults,Race/Ethnicity,"White, non-Hispanic",21.6
2019,New York,Postpartum depressive symptoms among women with a recent live birth,Race/Ethnicity,"White, non-Hispanic",10.9
2019,New York,Frequent mental distress among adults,Sex,Male,10.5
2019,Oklahoma,Average mentally unhealthy days among adults,Age,Age 45-64,3.2
2019,Oklahoma,Frequent mental distress among adults,Race/Ethnicity,Hispanic,12.6
2019,North Dakota,Depression among adults,Race/Ethnicity,"Multiracial, non-Hispanic",42.3
2019,New Mexico,Frequent mental distress among adults,Overall,Overall,14.8
2019,North Carolina,Average mentally unhealthy days among adults,Sex,Female,2.9
2019,New York,Depression among adults,Race/Ethnicity,"Multiracial, non-Hispanic",22.8
2019,New Hampshire,Frequent mental distress among adults,Sex,Female,16.8
2019,Oklahoma,Average mentally unhealthy days among adults,Race/Ethnicity,"Multiracial, non-Hispanic",5.3
2019,North Carolina,Postpartum depressive symptoms among women with a recent live birth,Overall,Overall,10.7
2019,Oklahoma,Average mentally unhealthy days among adults,Sex,Female,3.2
2019,New Hampshire,Frequent mental distress among adults,Age,Age 45-64,11.8
2019,New Mexico,Average mentally unhealthy days among adults,Sex,Male,2.6
2019,Ohio,Average mentally unhealthy days among adults,Sex,Male,3.4
2019,New Mexico,Depression among adults,Sex,Male,14.1
2019,North Carolina,Depression among adults,Race/Ethnicity,"White, non-Hispanic",23.9
2019,New Hampshire,Depression among adults,Race/Ethnicity,"White, non-Hispanic",21.4
2019,North Carolina,Depression among adults,Age,Age 18-44,22.6
2019,North Carolina,Average mentally unhealthy days among adults,Race/Ethnicity,"Multiracial, non-Hispanic",0.0
2019,Oklahoma,Frequent mental distress among adults,Race/Ethnicity,"White, non-Hispanic",16.5
2019,New York,Average mentally unhealthy days among adults,Sex,Female,3.6
2019,New York,Frequent mental distress among adults,Race/Ethnicity,"Multiracial, non-Hispanic",19.6
2019,North Carolina,Average mentally unhealthy days among adults,Age,Age 45-64,2.7
2019,North Carolina,Depression among adults,Race/Ethnicity,"American Indian or Alaska Native, non-Hispanic",30.2
2019,Ohio,Depression among adults,Race/Ethnicity,Hispanic,22.0
2019,North Dakota,Average mentally unhealthy days among adults,Age,Age 45-64,4.3
2019,New Mexico,Postpartum depressive symptoms among women with a recent live birth,Race/Ethnicity,"White, non-Hispanic",13.6
2019,New York,Frequent mental distress among adults,Race/Ethnicity,Hispanic,12.5
2019,North Dakota,Postpartum depressive symptoms among women with a recent live birth,Overall,Overall,16.1
2019,North Dakota,Frequent mental distress among adults,Race/Ethnicity,Hispanic,24.9
2019,Oklahoma,Depression among adults,Age,Age 18-44,24.4
2019,North Dakota,Depression among adults,Age,Age 18-44,21.4
2019,New Mexico,Frequent mental distress among adults,Sex,Male,12.2
2019,Ohio,Frequent mental distress among adults,Sex,Female,19.6
2019,Oklahoma,Frequent mental distress among adults,Age,Age 18-44,18.6
2019,New York,Depression among adults,Sex,Male,11.5
2019,Ohio,Frequent mental distress among adults,Race/Ethnicity,"Multiracial, non-Hispanic",25.4
2019,New York,Frequent mental distress among adults,Age,Age >=65,6.8
2019,Ohio,Frequent mental distress among adults,Overall,Overall,17.1
2019,New York,Frequent mental distress among adults,Overall,Overall,11.8
2019,New York,Depression among adults,Age,Age 45-64,15.9
2019,North Dakota,Average mentally unhealthy days among adults,Sex,Female,4.1
2019,New Hampshire,Postpartum depressive symptoms among women with a recent live birth,Race/Ethnicity,"White, non-Hispanic",10.5
2019,Ohio,Depression among adults,Race/Ethnicity,"White, non-Hispanic",20.9
2019,New Hampshire,Average mentally unhealthy days among adults,Race/Ethnicity,"White, non-Hispanic",4.2
2019,North Dakota,Average mentally unhealthy days among adults,Sex,Female,4.2
2019,Ohio,Average mentally unhealthy days among adults,Race/Ethnicity,"Black, non-Hispanic",3.5
2019,North Dakota,Frequent mental distress among adults,Race/Ethnicity,"White, non-Hispanic",10.0
2019,Oklahoma,Depression among adults,Race/Ethnicity,"Multiracial, non-Hispanic",32.7
2019,New York,Postpartum depressive symptoms among women with a recent live birth,Race/Ethnicity,"Asian, non-Hispanic",18.0
2019,New Hampshire,Depression among adults,Sex,Female,25.3
2019,Oklahoma,Frequent mental distress among adults,Race/Ethnicity,"American Indian or Alaska Native, non-Hispanic",22.1
2019,North Dakota,Depression among adults,Race/Ethnicity,"American Indian or Alaska Native, non-Hispanic",15.4
2019,North Carolina,Frequent mental distress among adults,Overall,Overall,13.8
2019,North Carolina,Frequent mental distress among adults,Sex,Male,11.7
2019,New Hampshire,Frequent mental distress among adults,Race/Ethnicity,"Asian, non-Hispanic",0.0
2019,North Carolina,Postpartum depressive symptoms among women with a recent live birth,Race/Ethnicity,"Black, non-Hispanic",14.5
2019,New Hampshire,Postpartum depressive symptoms among women with a recent live birth,Race/Ethnicity,"Asian, non-Hispanic",8.9
2019,Ohio,Frequent mental distress among adults,Sex,Female,18.5
2019,New York,Average mentally unhealthy days among adults,Race/Ethnicity,"White, non-Hispanic",3.7
2019,New Mexico,Depression among adults,Race/Ethnicity,"American Indian or Alaska Native, non-Hispanic",11.7
2019,North Carolina,Depression among adults,Race/Ethnicity,"Multiracial, non-Hispanic",31.3
2019,Ohio,Depression among adults,Overall,Overall,20.3
2019,Oklahoma,Depression among adults,Sex,Male,16.9
2019,Ohio,Depression among adults,Age,Age 45-64,21.5
2019,New York,Frequent mental distress among adults,Race/Ethnicity,"Asian, non-Hispanic",5.8
2019,New York,Depression among adults,Race/Ethnicity,"Asian, non-Hispanic",5.2
2019,North Dakota,Depression among adults,Sex,Female,23.8
2019,North Carolina,Frequent mental distress among adults,Age,Age 18-44,16.4
2019,North Dakota,Frequent mental distress among adults,Sex,Male,8.5
2019,Oklahoma,Average mentally unhealthy days among adults,Sex,Female,3.4
2019,New Hampshire,Average mentally unhealthy days among adults,Sex,Male,3.7
2019,North Carolina,Depression among adults,Sex,Female,27.9
2019,North Carolina,Frequent mental distress among adults,Race/Ethnicity,"Multiracial, non-Hispanic",28.5
2019,New York,Postpartum depressive symptoms among women with a recent live birth,Race/Ethnicity,"Multiracial, non-Hispanic",17.6
2019,Ohio,Frequent mental distress among adults,Age,Age 45-64,15.6
2019,North Carolina,Postpartum depressive symptoms among women with a recent live birth,Race/Ethnicity,"White, non-Hispanic",8.6
2019,New York,Average mentally unhealthy days among adults,Race/Ethnicity,Hispanic,3.0
2019,New Mexico,Frequent mental distress among adults,Overall,Overall,15.2
2019,North Dakota,Depression among adults,Age,Age >=65,11.9
2019,New York,Postpartum depressive symptoms among women with a recent live birth,Overall,Overall,12.9
2019,New Mexico,Frequent mental distress among adults,Race/Ethnicity,"American Indian or Alaska Native, non-Hispanic",16.9
2019,New Jersey,Postpartum depressive symptoms among women with a recent live birth,Race/Ethnicity,Hispanic,10.8
2019,Ohio,Frequent mental distress among adults,Race/Ethnicity,Hispanic,22.7
2019,New Mexico,Depression among adults,Race/Ethnicity,"American Indian or Alaska Native, non-Hispanic",12.1
2019,North Carolina,Depression among adults,Sex,Female,27.5
2019,Ohio,Depression among adults,Race/Ethnicity,"Black, non-Hispanic",18.2
2019,New Hampshire,Frequent mental distress among adults,Overall,Overall,15.4
2019,Ohio,Average mentally unhealthy days among adults,Age,Age 45-64,3.1
2019,Ohio,Average mentally unhealthy days among adults,Age,Age >=65,3.2
2019,Oklahoma,Average mentally unhealthy days among adults,Overall,Overall,3.1
2019,North Carolina,Frequent mental distress among adults,Race/Ethnicity,Hispanic,7.8
2019,North Carolina,Depression among adults,Age,Age 45-64,21.9
2019,New York,Frequent mental distress among adults,Sex,Male,10.5
2019,North Carolina,Average mentally unhealthy days among adults,Race/Ethnicity,"Multiracial, non-Hispanic",0.0
2019,North Dakota,Frequent mental distress among adults,Overall,Overall,11.3
2019,New Mexico,Average mentally unhealthy days among adults,Sex,Male,2.6
2019,New Mexico,Frequent mental distress among adults,Sex,Male,12.5
2019,New York,Postpartum depressive symptoms among women with a recent live birth,Race/Ethnicity,Hispanic,13.3
2019,Ohio,Average mentally unhealthy days among adults,Sex,Female,3.7
2019,New York,Average mentally unhealthy days among adults,Age,Age 45-64,3.7
2019,New York,Frequent mental distress among adults,Age,Age 18-44,14.5
2019,Ohio,Frequent mental distress among adults,Sex,Male,14.0
2019,New York,Depression among adults,Race/Ethnicity,"Multiracial, non-Hispanic",23.2
2019,New Mexico,Depression among adults,Sex,Female,20.7
2019,Oklahoma,Depression among adults,Age,Age >=65,17.7
2019,New Hampshire,Depression among adults,Age,Age 18-44,25.0
2019,North Carolina,Frequent mental distress among adults,Overall,Overall,14.1
2019,North Carolina,Average mentally unhealthy days among adults,Overall,Overall,2.4
2019,North Dakota,Depression among adults,Race/Ethnicity,"White, non-Hispanic",18.2
2019,North Dakota,Average mentally unhealthy days among adults,Overall,Overall,3.5
2019,New Hampshire,Frequent mental distress among adults,Race/Ethnicity,"Asian, non-Hispanic",0.0
2019,New Hampshire,Average mentally unhealthy days among adults,Overall,Overall,4.2
2019,New Mexico,Average mentally unhealthy days among adults,Race/Ethnicity,"White, non-Hispanic",3.0
2019,New Hampshire,Frequent mental distress among adults,Sex,Male,11.8
2019,North Dakota,Depression among adults,Age,Age 45-64,16.4
2019,Oklahoma,Frequent mental distress among adults,Overall,Overall,16.0
2019,New Mexico,Depression among adults,Age,Age 45-64,19.1
2019,North Dakota,Postpartum depressive symptoms among women with a recent live birth,Race/Ethnicity,Hispanic,21.7
2019,New Mexico,Depression among adults,Race/Ethnicity,"Multiracial, non-Hispanic",22.1
2019,New Mexico,Average mentally unhealthy days among adults,Age,Age >=65,2.2
2019,Ohio,Average mentally unhealthy days among adults,Race/Ethnicity,"White, non-Hispanic",3.3
2019,New York,Depression among adults,Sex,Female,19.2
2019,Oklahoma,Depression among adults,Race/Ethnicity,"Multiracial, non-Hispanic",33.4
2019,New York,Average mentally unhealthy days among adults,Sex,Male,3.3
2019,Ohio,Frequent mental distress among adults,Race/Ethnicity,"Black, non-Hispanic",15.4
2019,Oklahoma,Frequent mental distress among adults,Race/Ethnicity,"White, non-Hispanic",15.5
2019,New York,Frequent mental distress among adults,Race/Ethnicity,"Multiracial, non-Hispanic",19.7
2019,North Carolina,Frequent mental distress among adults,Sex,Female,16.3
2019,New Mexico,Frequent mental distress among adults,Sex,Female,17.8
2019,New Mexico,Average mentally unhealthy days among adults,Sex,Female,2.2
2019,New York,Frequent mental distress among adults,Race/Ethnicity,"Black, non-Hispanic",12.7
2019,New Mexico,Average mentally unhealthy days among adults,Race/Ethnicity,Hispanic,1.9
2019,Ohio,Depression among adults,Race/Ethnicity,"Multiracial, non-Hispanic",31.4
2019,New Hampshire,Average mentally unhealthy days among adults,Age,Age 45-64,3.6
2019,North Dakota,Depression among adults,Race/Ethnicity,"American Indian or Alaska Native, non-Hispanic",15.6
2019,New York,Depression among adults,Sex,Female,18.8
2019,New Mexico,Average mentally unhealthy days among adults,Overall,Overall,2.4
2019,New Hampshire,Average mentally unhealthy days among adults,Race/Ethnicity,"White, non-Hispanic",4.4
2019,North Carolina,Depression among adults,Race/Ethnicity,"Black, non-Hispanic",18.6
2019,Ohio,Depression among adults,Age,Age 18-44,22.6
2019,Oklahoma,Depression among adults,Sex,Female,29.3
2019,New York,Depression among adults,Race/Ethnicity,"American Indian or Alaska Native, non-Hispanic",25.9
2019,New York,Depression among adults,Age,Age 18-44,16.5
2019,North Dakota,Average mentally unhealthy days among adults,Sex,Male,3.1
2019,Ohio,Frequent mental distress among adults,Race/Ethnicity,"White, non-Hispanic",17.2
2019,New Mexico,Frequent mental distress among adults,Age,Age 45-64,14.3
2019,North Dakota,Frequent mental distress among adults,Sex,Female,14.2
2019,Ohio,Average mentally unhealthy days among adults,Race/Ethnicity,"Black, non-Hispanic",3.7
2019,North Carolina,Average mentally unhealthy days among adults,Sex,Male,1.8
2019,New Hampshire,Average mentally unhealthy days among adults,Sex,Male,3.5
2019,Ohio,Depression among adults,Sex,Female,26.6
2019,New Hampshire,Frequent mental distress among adults,Overall,Overall,13.9
2019,Ohio,Frequent mental distress among adults,Age,Age 18-44,20.8
2019,New York,Average mentally unhealthy days among adults,Age,Age 18-44,3.9
2019,Oklahoma,Average mentally unhealthy days among adults,Race/Ethnicity,"Multiracial, non-Hispanic",5.6
2019,New Mexico,Postpartum depressive symptoms among women with a recent live birth,Race/Ethnicity,"American Indian or Alaska Native, non-Hispanic",16.9
2019,North Carolina,Average mentally unhealthy days among adults,Overall,Overall,2.4
2019,North Carolina,Depression among adults,Race/Ethnicity,Hispanic,11.0
2019,North Dakota,Frequent mental distress among adults,Overall,Overall,11.2
2019,New Hampshire,Depression among adults,Age,Age 45-64,19.8
2019,New Hampshire,Depression among adults,Sex,Male,15.5
2019,Rhode Island,Depression among adults,Race/Ethnicity,Hispanic,17.1
2019,Puerto Rico,Frequent mental distress among adults,Race/Ethnicity,Hispanic,12.1
2019,United States,Average mentally unhealthy days among adults,Race/Ethnicity,"White, non-Hispanic",3.6
2019,Tennessee,Frequent mental distress among adults,Age,Age >=65,10.3
2019,United States,Frequent mental distress among adults,Sex,Male,11.7
2019,Oregon,Depression among adults,Race/Ethnicity,"American Indian or Alaska Native, non-Hispanic",33.8
2019,South Carolina,Average mentally unhealthy days among adults,Race/Ethnicity,"White, non-Hispanic",3.2
2019,Puerto Rico,Frequent mental distress among adults,Overall,Overall,11.8
2019,Oregon,Frequent mental distress among adults,Overall,Overall,14.1
2019,Texas,Average mentally unhealthy days among adults,Sex,Female,2.8
2019,Tennessee,Depression among adults,Age,Age >=65,18.7
2019,South Carolina,Depression among adults,Race/Ethnicity,Hispanic,14.8
2019,Rhode Island,Depression among adults,Sex,Male,14.2
2019,Rhode Island,Average mentally unhealthy days among adults,Age,Age >=65,2.4
2019,Oregon,Frequent mental distress among adults,Sex,Female,17.7
2019,South Carolina,Average mentally unhealthy days among adults,Age,Age 18-44,4.1
2019,South Dakota,Average mentally unhealthy days among adults,Sex,Male,2.6
2019,Pennsylvania,Frequent mental distress among adults,Race/Ethnicity,"Multiracial, non-Hispanic",20.8
2019,Puerto Rico,Average mentally unhealthy days among adults,Sex,Male,0.7
2019,South Dakota,Postpartum depressive symptoms among women with a recent live birth,Race/Ethnicity,"Asian, non-Hispanic",12.7
2019,United States,Depression among adults,Race/Ethnicity,"White, non-Hispanic",22.4
2019,Rhode Island,Depression among adults,Age,Age 45-64,19.7
2019,Pennsylvania,Frequent mental distress among adults,Age,Age >=65,6.7
2019,United States,Frequent mental distress among adults,Age,Age 18-44,16.4
2019,Tennessee,Frequent mental distress among adults,Sex,Male,12.9
2019,United States,Postpartum depressive symptoms among women with a recent live birth,Race/Ethnicity,Hispanic,11.4
2019,South Carolina,Frequent mental distress among adults,Race/Ethnicity,"Black, non-Hispanic",11.9
2019,Pennsylvania,Frequent mental distress among adults,Sex,Female,16.4
2019,Puerto Rico,Depression among adults,Sex,Male,16.6
2019,Oregon,Depression among adults,Race/Ethnicity,"Black, non-Hispanic",22.5
2019,South Carolina,Depression among adults,Race/Ethnicity,"Black, non-Hispanic",14.9
2019,United States,Frequent mental distress among adults,Race/Ethnicity,"White, non-Hispanic",13.8
2019,Oregon,Postpartum depressive symptoms among women with a recent live birth,Race/Ethnicity,"Black, non-Hispanic",17.9
2019,Tennessee,Depression among adults,Sex,Male,18.7
2019,Pennsylvania,Depression among adults,Sex,Male,13.5
2019,Tennessee,Average mentally unhealthy days among adults,Age,Age 18-44,3.5
2019,Tennessee,Average mentally unhealthy days among adults,Race/Ethnicity,"White, non-Hispanic",3.1
2019,Tennessee,Depression among adults,Race/Ethnicity,"White, non-Hispanic",26.8
2019,United States,Frequent mental distress among adults,Overall,Overall,13.6
2019,Rhode Island,Frequent mental distress among adults,Race/Ethnicity,"Black, non-Hispanic",13.2
2019,South Carolina,Depression among adults,Sex,Male,14.2
2019,Oregon,Frequent mental distress among adults,Race/Ethnicity,"Multiracial, non-Hispanic",20.4
2019,Rhode Island,Average mentally unhealthy days among adults,Sex,Male,2.9
2019,South Dakota,Depression among adults,Age,Age 18-44,20.7
2019,United States,Depression among adults,Overall,Overall,19.0
2019,South Dakota,Average mentally unhealthy days among adults,Overall,Overall,3.4
2019,Puerto Rico,Depression among adults,Overall,Overall,17.9
2019,South Dakota,Postpartum depressive symptoms among women with a recent live birth,Race/Ethnicity,"Multiracial, non-Hispanic",22.4
2019,Puerto Rico,Frequent mental distress among adults,Sex,Male,11.5
2019,Puerto Rico,Frequent mental distress among adults,Sex,Female,12.2
2019,Pennsylvania,Average mentally unhealthy days among adults,Sex,Female,2.7
2019,Texas,Depression among adults,Sex,Male,12.1
2019,South Carolina,Average mentally unhealthy days among adults,Race/Ethnicity,"Black, non-Hispanic",2.5
2019,United States,Average mentally unhealthy days among adults,Sex,Female,3.4
2019,Tennessee,Frequent mental distress among adults,Race/Ethnicity,"Black, non-Hispanic",14.8
2019,United States,Frequent mental distress among adults,Race/Ethnicity,Hispanic,12.4
2019,Oregon,Depression among adults,Race/Ethnicity,Hispanic,17.8
2019,Pennsylvania,Depression among adults,Race/Ethnicity,"Black, non-Hispanic",18.7
2019,Tennessee,Depression among adults,Race/Ethnicity,"White, non-Hispanic",27.6
2019,Oregon,Postpartum depressive symptoms among women with a recent live birth,Race/Ethnicity,"White, non-Hispanic",12.9
2019,Texas,Frequent mental distress among adults,Age,Age 45-64,11.9
2019,Puerto Rico,Average mentally unhealthy days among adults,Sex,Female,0.8
2019,Pennsylvania,Depression among adults,Race/Ethnicity,"White, non-Hispanic",20.1
2019,Puerto Rico,Average mentally unhealthy days among adults,Overall,Overall,0.8
2019,Texas,Average mentally unhealthy days among adults,Overall,Overall,2.8
2019,South Carolina,Frequent mental distress among adults,Sex,Female,17.2
2019,South Carolina,Depression among adults,Age,Age 45-64,20.2
2019,United States,Depression among adults,Race/Ethnicity,"Hawaiian or Pacific Islander, non-Hispanic",13.1
2019,Rhode Island,Frequent mental distress among adults,Overall,Overall,13.9
2019,South Carolina,Depression among adults,Race/Ethnicity,"White, non-Hispanic",23.5
2019,Texas,Average mentally unhealthy days among adults,Race/Ethnicity,Hispanic,1.8
2019,South Dakota,Depression among adults,Overall,Overall,17.3
2019,South Dakota,Average mentally unhealthy days among adults,Age,Age 45-64,3.6
2019,Rhode Island,Frequent mental distress among adults,Race/Ethnicity,"Multiracial, non-Hispanic",27.5
2019,Texas,Depression among adults,Race/Ethnicity,"American Indian or Alaska Native, non-Hispanic",21.0
2019,United States,Depression among adults,Race/Ethnicity,"Asian, non-Hispanic",7.0
2019,Rhode Island,Depression among adults,Race/Ethnicity,"Black, non-Hispanic",11.1
2019,Oregon,Depression among adults,Sex,Female,30.9
2019,South Carolina,Frequent mental distress among adults,Age,Age 45-64,14.5
2019,Pennsylvania,Frequent mental distress among adults,Race/Ethnicity,"Black, non-Hispanic",16.0
2019,Tennessee,Depression among adults,Race/Ethnicity,"American Indian or Alaska Native, non-Hispanic",25.6
2019,Texas,Frequent mental distress among adults,Race/Ethnicity,"White, non-Hispanic",11.9
2019,Texas,Frequent mental distress among adults,Sex,Male,10.6
2019,United States,Depression among adults,Sex,Male,13.8
2019,South Carolina,Average mentally unhealthy days among adults,Sex,Male,3.1
2019,Oregon,Average mentally unhealthy days among adults,Age,Age 45-64,2.9
2019,Pennsylvania,Depression among adults,Age,Age 45-64,19.7
2019,Texas,Depression among adults,Race/Ethnicity,"White, non-Hispanic",21.5
2019,Rhode Island,Average mentally unhealthy days among adults,Overall,Overall,3.4
2019,Oregon,Depression among adults,Age,Age 18-44,27.6
2019,Rhode Island,Postpartum depressive symptoms among women with a recent live birth,Race/Ethnicity,"Asian, non-Hispanic",12.6
2019,South Dakota,Frequent mental distress among adults,Overall,Overall,11.1
2019,Oregon,Average mentally unhealthy days among adults,Sex,Male,3.1
2019,Puerto Rico,Depression among adults,Overall,Overall,17.6
2019,Tennessee,Average mentally unhealthy days among adults,Age,Age >=65,2.1
2019,South Dakota,Depression among adults,Sex,Male,12.2
2019,Tennessee,Frequent mental distress among adults,Race/Ethnicity,"Multiracial, non-Hispanic",32.0
2019,Tennessee,Frequent mental distress among adults,Race/Ethnicity,"White, non-Hispanic",16.6
2019,United States,Average mentally unhealthy days among adults,Age,Age 18-44,3.7
2019,Texas,Depression among adults,Age,Age >=65,16.3
2019,Pennsylvania,Average mentally unhealthy days among adults,Age,Age 45-64,3.0
2019,South Dakota,Frequent mental distress among adults,Race/Ethnicity,"White, non-Hispanic",10.9
2019,Oregon,Depression among adults,Race/Ethnicity,"Multiracial, non-Hispanic",31.0
2019,Puerto Rico,Average mentally unhealthy days among adults,Sex,Male,0.7
2019,Pennsylvania,Depression among adults,Sex,Male,13.6
2019,Oregon,Depression among adults,Sex,Male,18.9
2019,Rhode Island,Depression among adults,Sex,Female,25.6
2019,Rhode Island,Depression among adults,Race/Ethnicity,"Multiracial, non-Hispanic",28.9
2019,Tennessee,Frequent mental distress among adults,Age,Age 18-44,18.4
2019,Rhode Island,Frequent mental distress among adults,Race/Ethnicity,"Black, non-Hispanic",13.0
2019,South Carolina,Depression among adults,Sex,Female,26.1
2019,Pennsylvania,Frequent mental distress among adults,Race/Ethnicity,Hispanic,16.2
2019,United States,Frequent mental distress among adults,Sex,Male,11.6
2019,Tennessee,Postpartum depressive symptoms among women with a recent live birth,Race/Ethnicity,"Black, non-Hispanic",23.9
2019,Oregon,Depression among adults,Race/Ethnicity,"American Indian or Alaska Native, non-Hispanic",35.9
2019,Oregon,Average mentally unhealthy days among adults,Sex,Male,3.1
2019,Pennsylvania,Average mentally unhealthy days among adults,Race/Ethnicity,"White, non-Hispanic",3.1
2019,Puerto Rico,Depression among adults,Sex,Male,16.6
2019,Oregon,Average mentally unhealthy days among adults,Race/Ethnicity,"White, non-Hispanic",3.4
2019,United States,Depression among adults,Overall,Overall,18.8
2019,Rhode Island,Average mentally unhealthy days among adults,Age,Age 18-44,3.9
2019,South Dakota,Frequent mental distress among adults,Age,Age >=65,4.5
2019,South Carolina,Average mentally unhealthy days among adults,Age,Age 45-64,2.2
2019,Pennsylvania,Average mentally unhealthy days among adults,Sex,Male,3.6
2019,Tennessee,Frequent mental distress among adults,Sex,Male,13.2
2019,United States,Depression among adults,Race/Ethnicity,"Multiracial, non-Hispanic",26.5
2019,United States,Frequent mental distress among adults,Age,Age >=65,8.1
2019,South Dakota,Frequent mental distress among adults,Sex,Male,8.4
2019,Rhode Island,Frequent mental distress among adults,Race/Ethnicity,"Multiracial, non-Hispanic",21.7
2019,South Dakota,Depression among adults,Age,Age 45-64,16.7
2019,Pennsylvania,Frequent mental distress among adults,Sex,Male,10.9
2019,South Dakota,Postpartum depressive symptoms among women with a recent live birth,Race/Ethnicity,"White, non-Hispanic",9.7
2019,United States,Frequent mental distress among adults,Race/Ethnicity,"White, non-Hispanic",14.9
2019,South Carolina,Depression among adults,Race/Ethnicity,"American Indian or Alaska Native, non-Hispanic",23.1
2019,Tennessee,Average mentally unhealthy days among adults,Sex,Female,2.8
2019,United States,Depression among adults,Age,Age >=65,14.7
2019,Texas,Average mentally unhealthy days among adults,Age,Age 45-64,2.7
2019,Pennsylvania,Frequent mental distress among adults,Age,Age 45-64,12.9
2019,Tennessee,Average mentally unhealthy days among adults,Race/Ethnicity,"White, non-Hispanic",2.9
2019,Texas,Frequent mental distress among adults,Sex,Female,13.6
2019,Oregon,Frequent mental distress among adults,Race/Ethnicity,"Multiracial, non-Hispanic",20.9
2019,South Dakota,Postpartum depressive symptoms among women with a recent live birth,Race/Ethnicity,"American Indian or Alaska Native, non-Hispanic",24.7
2019,United States,Depression among adults,Sex,Female,23.6
2019,Rhode Island,Depression among adults,Age,Age >=65,13.8
2019,Puerto Rico,Frequent mental distress among adults,Overall,Overall,12.0
2019,Texas,Frequent mental distress among adults,Race/Ethnicity,"Multiracial, non-Hispanic",16.7
2019,Oregon,Frequent mental distress among adults,Sex,Male,11.6
2019,Tennessee,Depression among adults,Race/Ethnicity,"Multiracial, non-Hispanic",31.9
2019,Rhode Island,Frequent mental distress among adults,Sex,Female,15.3
2019,Rhode Island,Average mentally unhealthy days among adults,Sex,Male,3.2
2019,South Carolina,Average mentally unhealthy days among adults,Sex,Female,2.9
2019,South Carolina,Average mentally unhealthy days among adults,Race/Ethnicity,"Black, non-Hispanic",2.5
2019,South Dakota,Average mentally unhealthy days among adults,Overall,Overall,3.3
2019,United States,Frequent mental distress among adults,Race/Ethnicity,Hispanic,12.0
2019,Rhode Island,Frequent mental distress among adults,Sex,Female,15.9
2019,Oregon,Postpartum depressive symptoms among women with a recent live birth,Race/Ethnicity,"Multiracial, non-Hispanic",13.0
2019,Texas,Frequent mental distress among adults,Race/Ethnicity,"White, non-Hispanic",11.3
2019,Tennessee,Frequent mental distress among adults,Race/Ethnicity,"White, non-Hispanic",15.8
2019,South Dakota,Frequent mental distress among adults,Sex,Female,12.7
2019,Tennessee,Postpartum depressive symptoms among women with a recent live birth,Overall,Overall,15.5
2019,South Dakota,Depression among adults,Race/Ethnicity,"White, non-Hispanic",18.2
2019,South Carolina,Depression among adults,Age,Age 18-44,22.1
2019,Tennessee,Average mentally unhealthy days among adults,Overall,Overall,2.9
2019,South Dakota,Depression among adults,Overall,Overall,17.7
2019,United States,Postpartum depressive symptoms among women with a recent live birth,Race/Ethnicity,"Multiracial, non-Hispanic",17.0
2019,Rhode Island,Frequent mental distress among adults,Overall,Overall,14.0
2019,Rhode Island,Frequent mental distress among adults,Sex,Male,12.4
2019,Texas,Frequent mental distress among adults,Overall,Overall,12.2
2019,Pennsylvania,Postpartum depressive symptoms among women with a recent live birth,Race/Ethnicity,Hispanic,6.5
2019,South Dakota,Depression among adults,Sex,Female,23.0
2019,Puerto Rico,Depression among adults,Race/Ethnicity,Hispanic,17.9
2019,United States,Postpartum depressive symptoms among women with a recent live birth,Race/Ethnicity,"Black, non-Hispanic",19.2
2019,Pennsylvania,Depression among adults,Race/Ethnicity,Hispanic,21.2
2019,South Carolina,Average mentally unhealthy days among adults,Overall,Overall,3.2
2019,South Carolina,Frequent mental distress among adults,Race/Ethnicity,"White, non-Hispanic",14.8
2019,United States,Postpartum depressive symptoms among women with a recent live birth,Overall,Overall,13.4
2019,Texas,Frequent mental distress among adults,Overall,Overall,12.2
2019,Rhode Island,Frequent mental distress among adults,Age,Age 45-64,14.1
2019,Tennessee,Postpartum depressive symptoms among women with a recent live birth,Race/Ethnicity,"White, non-Hispanic",15.1
2019,Puerto Rico,Depression among adults,Sex,Female,18.4
2019,Oregon,Average mentally unhealthy days among adults,Overall,Overall,3.2
2019,Tennessee,Depression among adults,Sex,Female,31.7
2019,Texas,Average mentally unhealthy days among adults,Sex,Female,2.9
2019,Texas,Depression among adults,Race/Ethnicity,"White, non-Hispanic",22.1
2019,Tennessee,Frequent mental distress among adults,Overall,Overall,16.3
2019,Oregon,Depression among adults,Race/Ethnicity,"White, non-Hispanic",25.5
2019,Puerto Rico,Average mentally unhealthy days among adults,Sex,Female,0.8
2019,Texas,Average mentally unhealthy days among adults,Race/Ethnicity,"Black, non-Hispanic",3.2
2019,Pennsylvania,Frequent mental distress among adults,Race/Ethnicity,"Black, non-Hispanic",16.0
2019,Oregon,Average mentally unhealthy days among adults,Race/Ethnicity,"White, non-Hispanic",3.3
2019,South Carolina,Frequent mental distress among adults,Age,Age 18-44,14.8
2019,South Carolina,Depression among adults,Race/Ethnicity,"Multiracial, non-Hispanic",20.6
2019,Oregon,Depression among adults,Sex,Male,19.1
2019,Puerto Rico,Depression among adults,Age,Age 45-64,24.5
2019,Oregon,Depression among adults,Age,Age 45-64,25.0
2019,Texas,Depression among adults,Age,Age 18-44,17.2
2019,United States,Average mentally unhealthy days among adults,Overall,Overall,3.3
2019,Pennsylvania,Depression among adults,Overall,Overall,19.6
2019,Pennsylvania,Average mentally unhealthy days among adults,Age,Age 18-44,3.2
2019,Rhode Island,Postpartum depressive symptoms among women with a recent live birth,Race/Ethnicity,Hispanic,12.4
2019,United States,Depression among adults,Race/Ethnicity,"Multiracial, non-Hispanic",26.9
2019,Pennsylvania,Depression among adults,Race/Ethnicity,"White, non-Hispanic",21.3
2019,South Dakota,Frequent mental distress among adults,Overall,Overall,10.6
2019,Tennessee,Depression among adults,Age,Age 45-64,26.9
2019,Pennsylvania,Average mentally unhealthy days among adults,Race/Ethnicity,"White, non-Hispanic",3.2
2019,Puerto Rico,Average mentally unhealthy days among adults,Overall,Overall,0.7
2019,South Dakota,Average mentally unhealthy days among adults,Race/Ethnicity,"White, non-Hispanic",3.3
2019,South Carolina,Frequent mental distress among adults,Race/Ethnicity,Hispanic,9.7
2019,United States,Average mentally unhealthy days among adults,Sex,Female,3.5
2019,Oregon,Depression among adults,Age,Age >=65,18.4
2019,Oregon,Frequent mental distress among adults,Race/Ethnicity,"White, non-Hispanic",13.9
2019,Rhode Island,Average mentally unhealthy days among adults,Age,Age 45-64,2.6
2019,Rhode Island,Average mentally unhealthy days among adults,Sex,Female,3.4
2019,Tennessee,Depression among adults,Race/Ethnicity,"Multiracial, non-Hispanic",42.0
2019,South Carolina,Depression among adults,Race/Ethnicity,"Multiracial, non-Hispanic",20.9
2019,Pennsylvania,Depression among adults,Race/Ethnicity,"Multiracial, non-Hispanic",28.5
2019,Tennessee,Depression among adults,Race/Ethnicity,"Black, non-Hispanic",19.5
2019,United States,Depression among adults,Age,Age 18-44,20.2
2019,Oregon,Frequent mental distress among adults,Age,Age >=65,7.2
2019,Texas,Frequent mental distress among adults,Race/Ethnicity,"Black, non-Hispanic",14.2
2019,Rhode Island,Depression among adults,Overall,Overall,20.0
2019,Oregon,Average mentally unhealthy days among adults,Age,Age 18-44,3.5
2019,Rhode Island,Average mentally unhealthy days among adults,Race/Ethnicity,"White, non-Hispanic",3.4
2019,Tennessee,Frequent mental distress among adults,Sex,Female,18.6
2019,South Carolina,Frequent mental distress among adults,Overall,Overall,13.0
2019,United States,Average mentally unhealthy days among adults,Sex,Male,3.2
2019,South Dakota,Frequent mental distress among adults,Sex,Male,8.9
2019,Texas,Depression among adults,Race/Ethnicity,Hispanic,13.6
2019,Rhode Island,Postpartum depressive symptoms among women with a recent live birth,Race/Ethnicity,"Black, non-Hispanic",9.9
2019,Texas,Depression among adults,Sex,Female,22.2
2019,Oregon,Depression among adults,Race/Ethnicity,"Multiracial, non-Hispanic",31.7
2019,Pennsylvania,Depression among adults,Overall,Overall,20.1
2019,United States,Frequent mental distress among adults,Race/Ethnicity,"Multiracial, non-Hispanic",20.0
2019,South Carolina,Depression among adults,Overall,Overall,20.0
2019,Rhode Island,Depression among adults,Race/Ethnicity,"Black, non-Hispanic",11.4
2019,Pennsylvania,Depression among adults,Sex,Female,25.4
2019,Texas,Average mentally unhealthy days among adults,Race/Ethnicity,"White, non-Hispanic",3.6
2019,Oregon,Frequent mental distress among adults,Sex,Male,11.2
2019,Tennessee,Average mentally unhealthy days among adults,Sex,Female,2.7
2019,Pennsylvania,Frequent mental distress among adults,Race/Ethnicity,"White, non-Hispanic",13.0
2019,South Carolina,Depression among adults,Sex,Female,25.3
2019,United States,Depression among adults,Race/Ethnicity,Hispanic,14.7
2019,South Dakota,Depression among adults,Race/Ethnicity,"White, non-Hispanic",17.4
2019,South Dakota,Postpartum depressive symptoms among women with a recent live birth,Overall,Overall,12.6
2019,Rhode Island,Frequent mental distress among adults,Race/Ethnicity,Hispanic,13.5
2019,United States,Depression among adults,Sex,Female,24.0
2019,Texas,Average mentally unhealthy days among adults,Age,Age 18-44,3.1
2019,Texas,Frequent mental distress among adults,Race/Ethnicity,Hispanic,12.6
2019,Pennsylvania,Average mentally unhealthy days among adults,Sex,Male,3.3
2019,Pennsylvania,Frequent mental distress among adults,Overall,Overall,13.8
2019,Tennessee,Frequent mental distress among adults,Age,Age 45-64,15.9
2019,South Carolina,Frequent mental distress among adults,Race/Ethnicity,Hispanic,10.9
2019,Pennsylvania,Frequent mental distress among adults,Race/Ethnicity,"White, non-Hispanic",14.3
2019,United States,Postpartum depressive symptoms among women with a recent live birth,Race/Ethnicity,"American Indian or Alaska Native, non-Hispanic",18.8
2019,Rhode Island,Depression among adults,Race/Ethnicity,"Multiracial, non-Hispanic",28.9
2019,Texas,Depression among adults,Race/Ethnicity,"Black, non-Hispanic",16.3
2019,Pennsylvania,Average mentally unhealthy days among adults,Race/Ethnicity,"Black, non-Hispanic",4.6
2019,Oregon,Frequent mental distress among adults,Race/Ethnicity,"American Indian or Alaska Native, non-Hispanic",15.3
2019,Texas,Average mentally unhealthy days among adults,Sex,Male,2.7
2019,Puerto Rico,Frequent mental distress among adults,Age,Age 45-64,16.0
2019,Pennsylvania,Depression among adults,Age,Age >=65,13.7
2019,Oregon,Postpartum depressive symptoms among women with a recent live birth,Race/Ethnicity,Hispanic,10.4
2019,Pennsylvania,Postpartum depressive symptoms among women with a recent live birth,Race/Ethnicity,"Asian, non-Hispanic",13.0
2019,Oregon,Depression among adults,Race/Ethnicity,"Asian, non-Hispanic",10.0
2019,United States,Postpartum depressive symptoms among women with a recent live birth,Race/Ethnicity,"Asian, non-Hispanic",17.8
2019,United States,Depression among adults,Race/Ethnicity,"Black, non-Hispanic",15.3
2019,Rhode Island,Depression among adults,Sex,Female,24.7
2019,Oregon,Frequent mental distress among adults,Age,Age 18-44,17.9
2019,Puerto Rico,Average mentally unhealthy days among adults,Age,Age 45-64,0.7
2019,South Dakota,Average mentally unhealthy days among adults,Race/Ethnicity,"White, non-Hispanic",3.4
2019,Pennsylvania,Frequent mental distress among adults,Race/Ethnicity,Hispanic,19.2
2019,Puerto Rico,Depression among adults,Age,Age 18-44,12.9
2019,Texas,Frequent mental distress among adults,Race/Ethnicity,"American Indian or Alaska Native, non-Hispanic",34.1
2019,United States,Postpartum depressive symptoms among women with a recent live birth,Race/Ethnicity,"White, non-Hispanic",11.8
2019,South Dakota,Depression among adults,Race/Ethnicity,"American Indian or Alaska Native, non-Hispanic",19.7
2019,Rhode Island,Frequent mental distress among adults,Race/Ethnicity,"White, non-Hispanic",13.8
2019,Oregon,Depression among adults,Race/Ethnicity,"White, non-Hispanic",26.6
2019,South Dakota,Depression among adults,Sex,Female,22.4
2019,Puerto Rico,Frequent mental distress among adults,Sex,Male,11.7
2019,Rhode Island,Depression among adults,Age,Age 18-44,22.5
2019,Tennessee,Depression among adults,Overall,Overall,25.4
2019,Texas,Frequent mental distress among adults,Sex,Female,13.7
2019,Tennessee,Average mentally unhealthy days among adults,Overall,Overall,2.8
2019,Oregon,Postpartum depressive symptoms among women with a recent live birth,Overall,Overall,12.7
2019,United States,Frequent mental distress among adults,Sex,Female,15.5
2019,Pennsylvania,Frequent mental distress among adults,Sex,Male,11.3
2019,Oregon,Average mentally unhealthy days among adults,Overall,Overall,3.2
2019,South Carolina,Average mentally unhealthy days among adults,Sex,Female,3.1
2019,South Carolina,Frequent mental distress among adults,Race/Ethnicity,"White, non-Hispanic",13.8
2019,Tennessee,Depression among adults,Sex,Female,30.9
2019,Oregon,Frequent mental distress among adults,Race/Ethnicity,"Black, non-Hispanic",21.3
2019,Puerto Rico,Average mentally unhealthy days among adults,Race/Ethnicity,Hispanic,0.7
2019,Rhode Island,Postpartum depressive symptoms among women with a recent live birth,Overall,Overall,11.5
2019,Pennsylvania,Depression among adults,Race/Ethnicity,Hispanic,24.4
2019,South Carolina,Average mentally unhealthy days among adults,Race/Ethnicity,"American Indian or Alaska Native, non-Hispanic",0.0
2019,South Carolina,Average mentally unhealthy days among adults,Overall,Overall,3.0
2019,South Dakota,Frequent mental distress among adults,Age,Age 18-44,15.1
2019,South Carolina,Depression among adults,Age,Age >=65,15.8
2019,Rhode Island,Frequent mental distress among adults,Age,Age 18-44,16.1
2019,Oregon,Frequent mental distress among adults,Race/Ethnicity,Hispanic,13.6
2019,Pennsylvania,Average mentally unhealthy days among adults,Overall,Overall,3.1
2019,Rhode Island,Frequent mental distress among adults,Sex,Male,12.1
2019,Puerto Rico,Postpartum depressive symptoms among women with a recent live birth,Race/Ethnicity,Hispanic,11.5
2019,South Dakota,Average mentally unhealthy days among adults,Age,Age >=65,2.4
2019,Oregon,Average mentally unhealthy days among adults,Sex,Female,3.2
2019,Texas,Depression among adults,Age,Age 45-64,17.6
2019,Tennessee,Average mentally unhealthy days among adults,Sex,Male,3.0
2019,Puerto Rico,Frequent mental distress among adults,Race/Ethnicity,Hispanic,11.9
2019,Tennessee,Depression among adults,Race/Ethnicity,Hispanic,16.6
2019,Tennessee,Frequent mental distress among adults,Sex,Female,19.3
2019,South Dakota,Frequent mental distress among adults,Sex,Female,13.2
2019,Pennsylvania,Depression among adults,Race/Ethnicity,"Multiracial, non-Hispanic",27.7
2019,Tennessee,Depression among adults,Race/Ethnicity,"Black, non-Hispanic",19.7
2019,Texas,Depression among adults,Sex,Female,22.1
2019,Puerto Rico,Depression among adults,Race/Ethnicity,Hispanic,17.6
2019,South Carolina,Frequent mental distress among adults,Age,Age >=65,7.6
2019,United States,Average mentally unhealthy days among adults,Race/Ethnicity,"White, non-Hispanic",3.8
2019,Texas,Frequent mental distress among adults,Age,Age >=65,8.3
2019,Puerto Rico,Postpartum depressive symptoms among women with a recent live birth,Overall,Overall,11.6
2019,United States,Average mentally unhealthy days among adults,Overall,Overall,3.3
2019,South Carolina,Frequent mental distress among adults,Sex,Male,9.6
2019,Texas,Depression among adults,Race/Ethnicity,"Multiracial, non-Hispanic",28.2
2019,Oregon,Depression among adults,Overall,Overall,24.6
2019,South Dakota,Frequent mental distress among adults,Race/Ethnicity,"American Indian or Alaska Native, non-Hispanic",15.4
2019,South Dakota,Postpartum depressive symptoms among women with a recent live birth,Race/Ethnicity,"Black, non-Hispanic",10.4
2019,United States,Depression among adults,Age,Age 45-64,19.5
2019,Texas,Depression among adults,Race/Ethnicity,Hispanic,13.5
2019,United States,Depression among adults,Race/Ethnicity,"White, non-Hispanic",21.5
2019,South Carolina,Depression among adults,Race/Ethnicity,"Black, non-Hispanic",14.7
2019,Texas,Frequent mental distress among adults,Race/Ethnicity,Hispanic,13.0
2019,Pennsylvania,Postpartum depressive symptoms among women with a recent live birth,Race/Ethnicity,"Black, non-Hispanic",24.8
2019,Rhode Island,Postpartum depressive symptoms among women with a recent live birth,Race/Ethnicity,"White, non-Hispanic",11.0
2019,Oregon,Frequent mental distress among adults,Sex,Female,16.9
2019,Rhode Island,Average mentally unhealthy days among adults,Race/Ethnicity,"White, non-Hispanic",3.1
2019,Tennessee,Depression among adults,Age,Age 18-44,26.6
2019,Texas,Depression among adults,Overall,Overall,17.2
2019,Pennsylvania,Average mentally unhealthy days among adults,Age,Age >=65,3.0
2019,United States,Postpartum depressive symptoms among women with a recent live birth,Race/Ethnicity,"Hawaiian or Pacific Islander, non-Hispanic",16.1
2019,Tennessee,Depression among adults,Race/Ethnicity,Hispanic,18.3
2019,South Carolina,Average mentally unhealthy days among adults,Race/Ethnicity,"White, non-Hispanic",3.6
2019,Rhode Island,Frequent mental distress among adults,Race/Ethnicity,Hispanic,15.4
2019,Pennsylvania,Frequent mental distress among adults,Sex,Female,17.8
2019,South Carolina,Depression among adults,Overall,Overall,20.4
2019,South Dakota,Postpartum depressive symptoms among women with a recent live birth,Race/Ethnicity,Hispanic,16.3
2019,Oregon,Postpartum depressive symptoms among women with a recent live birth,Race/Ethnicity,"Hawaiian or Pacific Islander, non-Hispanic",16.5
2019,Texas,Average mentally unhealthy days among adults,Age,Age >=65,1.9
2019,Texas,Average mentally unhealthy days among adults,Race/Ethnicity,"White, non-Hispanic",3.4
2019,Oregon,Frequent mental distress among adults,Race/Ethnicity,"White, non-Hispanic",15.2
2019,Pennsylvania,Frequent mental distress among adults,Overall,Overall,14.5
2019,United States,Frequent mental distress among adults,Race/Ethnicity,"Black, non-Hispanic",14.3
2019,Tennessee,Frequent mental distress among adults,Overall,Overall,15.8
2019,Tennessee,Postpartum depressive symptoms among women with a recent live birth,Race/Ethnicity,Hispanic,3.2
2019,Texas,Depression among adults,Race/Ethnicity,"Black, non-Hispanic",16.5
2019,Texas,Frequent mental distress among adults,Race/Ethnicity,"Black, non-Hispanic",14.6
2019,Oregon,Frequent mental distress among adults,Overall,Overall,14.6
2019,Pennsylvania,Average mentally unhealthy days among adults,Race/Ethnicity,"Black, non-Hispanic",4.7
2019,Oregon,Frequent mental distress among adults,Race/Ethnicity,"American Indian or Alaska Native, non-Hispanic",15.9
2019,Puerto Rico,Depression among adults,Sex,Female,19.1
2019,Pennsylvania,Depression among adults,Age,Age 18-44,22.8
2019,Tennessee,Average mentally unhealthy days among adults,Age,Age 45-64,2.4
2019,Rhode Island,Depression among adults,Overall,Overall,19.6
2019,Tennessee,Depression among adults,Race/Ethnicity,"American Indian or Alaska Native, non-Hispanic",23.0
2019,South Carolina,Average mentally unhealthy days among adults,Age,Age >=65,2.1
2019,United States,Frequent mental distress among adults,Overall,Overall,13.9
2019,South Dakota,Average mentally unhealthy days among adults,Sex,Male,2.6
2019,Pennsylvania,Frequent mental distress among adults,Age,Age 18-44,18.4
2019,South Carolina,Frequent mental distress among adults,Race/Ethnicity,"Multiracial, non-Hispanic",20.0
2019,Puerto Rico,Frequent mental distress among adults,Age,Age >=65,8.8
2019,South Carolina,Frequent mental distress among adults,Race/Ethnicity,"Black, non-Hispanic",11.7
2019,South Carolina,Frequent mental distress among adults,Sex,Female,16.3
2019,United States,Depression among adults,Race/Ethnicity,Hispanic,14.7
2019,Tennessee,Frequent mental distress among adults,Race/Ethnicity,Hispanic,12.2
2019,United States,Frequent mental distress among adults,Race/Ethnicity,"Multiracial, non-Hispanic",20.9
2019,Oregon,Depression among adults,Race/Ethnicity,"Black, non-Hispanic",22.5
2019,Puerto Rico,Frequent mental distress among adults,Sex,Female,12.3
2019,Texas,Average mentally unhealthy days among adults,Sex,Male,2.8
2019,Oregon,Postpartum depressive symptoms among women with a recent live birth,Race/Ethnicity,"Asian, non-Hispanic",16.3
2019,Pennsylvania,Postpartum depressive symptoms among women with a recent live birth,Overall,Overall,11.6
2019,United States,Frequent mental distress among adults,Sex,Female,16.0
2019,Texas,Average mentally unhealthy days among adults,Overall,Overall,2.8
2019,South Dakota,Average mentally unhealthy days among adults,Sex,Female,4.2
2019,South Carolina,Depression among adults,Sex,Male,14.4
2019,Pennsylvania,Frequent mental distress among adults,Race/Ethnicity,"Multiracial, non-Hispanic",19.5
2019,South Carolina,Frequent mental distress among adults,Sex,Male,9.4
2019,Puerto Rico,Frequent mental distress among adults,Age,Age 18-44,10.4
2019,Oregon,Frequent mental distress among adults,Race/Ethnicity,"Black, non-Hispanic",21.1
2019,Pennsylvania,Average mentally unhealthy days among adults,Overall,Overall,3.2
2019,Puerto Rico,Average mentally unhealthy days among adults,Age,Age 18-44,1.0
2019,Pennsylvania,Average mentally unhealthy days among adults,Sex,Female,2.9
2019,United States,Depression among adults,Race/Ethnicity,"Black, non-Hispanic",15.2
2019,South Dakota,Frequent mental distress among adults,Age,Age 45-64,8.5
2019,Texas,Depression among adults,Sex,Male,12.1
2019,South Carolina,Frequent mental distress among adults,Race/Ethnicity,"Multiracial, non-Hispanic",20.1
2019,South Dakota,Average mentally unhealthy days among adults,Sex,Female,4.0
2019,United States,Frequent mental distress among adults,Age,Age 45-64,13.1
2019,Rhode Island,Frequent mental distress among adults,Age,Age >=65,9.2
2019,Oregon,Depression among adults,Race/Ethnicity,Hispanic,18.4
2019,Texas,Depression among adults,Race/Ethnicity,"Multiracial, non-Hispanic",27.5
2019,Tennessee,Frequent mental distress among adults,Race/Ethnicity,"American Indian or Alaska Native, non-Hispanic",22.7
2019,Pennsylvania,Depression among adults,Sex,Female,26.3
2019,Puerto Rico,Average mentally unhealthy days among adults,Race/Ethnicity,Hispanic,0.7
2019,Rhode Island,Depression among adults,Race/Ethnicity,"White, non-Hispanic",21.2
2019,Oregon,Frequent mental distress among adults,Age,Age 45-64,13.6
2019,Texas,Frequent mental distress among adults,Sex,Male,10.7
2019,Oregon,Average mentally unhealthy days among adults,Sex,Female,3.3
2019,Puerto Rico,Depression among adults,Age,Age >=65,18.3
2019,Rhode Island,Depression among adults,Race/Ethnicity,"White, non-Hispanic",22.3
2019,South Carolina,Depression among adults,Race/Ethnicity,"White, non-Hispanic",22.3
2019,Oregon,Postpartum depressive symptoms among women with a recent live birth,Race/Ethnicity,"American Indian or Alaska Native, non-Hispanic",22.3
2019,South Dakota,Depression among adults,Race/Ethnicity,"American Indian or Alaska Native, non-Hispanic",19.9
2019,South Dakota,Depression among adults,Sex,Male,12.7
2019,Texas,Frequent mental distress among adults,Age,Age 18-44,13.8
2019,United States,Average mentally unhealthy days among adults,Age,Age >=65,2.4
2019,United States,Average mentally unhealthy days among adults,Age,Age 45-64,3.2
2019,Texas,Depression among adults,Overall,Overall,17.2
2019,Pennsylvania,Postpartum depressive symptoms among women with a recent live birth,Race/Ethnicity,"White, non-Hispanic",9.5
2019,South Carolina,Depression among adults,Race/Ethnicity,Hispanic,16.6
2019,Oregon,Depression among adults,Overall,Overall,25.1
2019,United States,Depression among adults,Race/Ethnicity,"American Indian or Alaska Native, non-Hispanic",23.9
2019,South Dakota,Frequent mental distress among adults,Race/Ethnicity,"American Indian or Alaska Native, non-Hispanic",15.9
2019,South Carolina,Average mentally unhealthy days among adults,Race/Ethnicity,"American Indian or Alaska Native, non-Hispanic",0.0
2019,Tennessee,Depression among adults,Overall,Overall,25.0
2019,United States,Depression among adults,Sex,Male,13.8
2019,Rhode Island,Average mentally unhealthy days among adults,Sex,Female,3.5
2019,United States,Average mentally unhealthy days among adults,Sex,Male,3.1
2019,South Carolina,Average mentally unhealthy days among adults,Sex,Male,3.2
2019,Tennessee,Frequent mental distress among adults,Race/Ethnicity,"Multiracial, non-Hispanic",23.7
2019,Tennessee,Frequent mental distress among adults,Race/Ethnicity,"Black, non-Hispanic",14.9
2019,Texas,Average mentally unhealthy days among adults,Race/Ethnicity,Hispanic,1.9
2019,Tennessee,Average mentally unhealthy days among adults,Sex,Male,2.9
2019,South Dakota,Average mentally unhealthy days among adults,Age,Age 18-44,3.6
2019,Pennsylvania,Depression among adults,Race/Ethnicity,"Black, non-Hispanic",18.8
2019,Texas,Frequent mental distress among adults,Race/Ethnicity,"Multiracial, non-Hispanic",16.6
2019,Rhode Island,Frequent mental distress among adults,Race/Ethnicity,"White, non-Hispanic",14.4
2019,United States,Frequent mental distress among adults,Race/Ethnicity,"Black, non-Hispanic",14.3
2019,Oregon,Average mentally unhealthy days among adults,Age,Age >=65,2.7
2019,Rhode Island,Average mentally unhealthy days among adults,Overall,Overall,3.2
2019,Oregon,Depression among adults,Sex,Female,30.2
2019,South Dakota,Frequent mental distress among adults,Race/Ethnicity,"White, non-Hispanic",10.0
2019,Rhode Island,Depression among adults,Race/Ethnicity,Hispanic,16.9
2019,Rhode Island,Depression among adults,Sex,Male,14.2
2019,South Carolina,Frequent mental distress among adults,Overall,Overall,13.5
2019,South Dakota,Depression among adults,Age,Age >=65,11.4
2019,Oregon,Frequent mental distress among adults,Race/Ethnicity,Hispanic,14.4
2020,Louisiana,Depression among adults,Sex,Female,30.0
2020,Idaho,Average mentally unhealthy days among adults,Age,Age 18-44,3.2
2019,Wisconsin,Postpartum depressive symptoms among women with a recent live birth,Race/Ethnicity,"Black, non-Hispanic",22.1
2019,Wyoming,Frequent mental distress among adults,Overall,Overall,12.6
2019,Wyoming,Frequent mental distress among adults,Race/Ethnicity,Hispanic,16.3
2019,Wyoming,Postpartum depressive symptoms among women with a recent live birth,Race/Ethnicity,"American Indian or Alaska Native, non-Hispanic",19.6
2019,Washington,Average mentally unhealthy days among adults,Race/Ethnicity,"White, non-Hispanic",3.9
2019,Utah,Average mentally unhealthy days among adults,Overall,Overall,4.7
2019,Wyoming,Postpartum depressive symptoms among women with a recent live birth,Race/Ethnicity,"White, non-Hispanic",13.3
2019,Washington,Average mentally unhealthy days among adults,Age,Age >=65,3.2
2019,Washington,Depression among adults,Race/Ethnicity,"White, non-Hispanic",26.2
2019,Wisconsin,Average mentally unhealthy days among adults,Sex,Male,4.8
2019,Virginia,Average mentally unhealthy days among adults,Race/Ethnicity,"White, non-Hispanic",4.1
2019,Wyoming,Frequent mental distress among adults,Sex,Female,15.4
2019,Virginia,Depression among adults,Sex,Male,12.6
2019,West Virginia,Average mentally unhealthy days among adults,Overall,Overall,2.3
2019,Wisconsin,Depression among adults,Race/Ethnicity,"Black, non-Hispanic",22.3
2019,Utah,Postpartum depressive symptoms among women with a recent live birth,Race/Ethnicity,"Multiracial, non-Hispanic",20.5
2019,West Virginia,Frequent mental distress among adults,Race/Ethnicity,"White, non-Hispanic",21.7
2019,Virginia,Frequent mental distress among adults,Race/Ethnicity,"Black, non-Hispanic",12.6
2019,Wyoming,Average mentally unhealthy days among adults,Overall,Overall,2.3
2019,Virginia,Frequent mental distress among adults,Race/Ethnicity,"Multiracial, non-Hispanic",19.9
2019,Utah,Frequent mental distress among adults,Race/Ethnicity,"White, non-Hispanic",14.2
2019,Vermont,Frequent mental distress among adults,Age,Age 45-64,11.3
2019,Wisconsin,Depression among adults,Sex,Male,16.0
2019,West Virginia,Frequent mental distress among adults,Age,Age >=65,10.9
2019,Utah,Average mentally unhealthy days among adults,Race/Ethnicity,Hispanic,2.2
2019,Utah,Depression among adults,Sex,Female,29.3
2019,Wisconsin,Frequent mental distress among adults,Race/Ethnicity,Hispanic,11.0
2019,Wyoming,Average mentally unhealthy days among adults,Sex,Female,2.7
2019,Washington,Frequent mental distress among adults,Age,Age 18-44,16.1
2019,Washington,Average mentally unhealthy days among adults,Sex,Male,4.1
2019,Wyoming,Postpartum depressive symptoms among women with a recent live birth,Race/Ethnicity,Hispanic,25.8
2019,Vermont,Depression among adults,Age,Age 18-44,26.4
2019,Wisconsin,Average mentally unhealthy days among adults,Race/Ethnicity,"White, non-Hispanic",4.4
2019,Washington,Frequent mental distress among adults,Sex,Female,16.4
2019,West Virginia,Depression among adults,Age,Age 18-44,33.8
2019,Virginia,Average mentally unhealthy days among adults,Sex,Male,3.3
2019,Wisconsin,Average mentally unhealthy days among adults,Age,Age 18-44,5.4
2019,West Virginia,Depression among adults,Race/Ethnicity,"Multiracial, non-Hispanic",47.3
2019,Wisconsin,Depression among adults,Race/Ethnicity,"White, non-Hispanic",21.5
2019,Utah,Average mentally unhealthy days among adults,Sex,Female,5.0
2019,Virginia,Depression among adults,Race/Ethnicity,"Multiracial, non-Hispanic",19.6
2019,Wyoming,Depression among adults,Overall,Overall,19.5
2019,Utah,Frequent mental distress among adults,Sex,Male,10.5
2019,Utah,Depression among adults,Overall,Overall,22.8
2019,Vermont,Frequent mental distress among adults,Sex,Female,15.4
2019,Vermont,Postpartum depressive symptoms among women with a recent live birth,Race/Ethnicity,"White, non-Hispanic",9.6
2019,Wisconsin,Frequent mental distress among adults,Race/Ethnicity,"Black, non-Hispanic",17.8
2019,Vermont,Depression among adults,Sex,Male,16.9
2019,West Virginia,Depression among adults,Race/Ethnicity,"Black, non-Hispanic",27.7
2019,Washington,Frequent mental distress among adults,Race/Ethnicity,"American Indian or Alaska Native, non-Hispanic",23.7
2019,Virginia,Average mentally unhealthy days among adults,Race/Ethnicity,"Black, non-Hispanic",2.7
2019,Washington,Frequent mental distress among adults,Age,Age >=65,8.4
2019,Washington,Depression among adults,Race/Ethnicity,"Black, non-Hispanic",26.6
2019,Utah,Average mentally unhealthy days among adults,Sex,Male,4.4
2019,Wyoming,Average mentally unhealthy days among adults,Race/Ethnicity,"White, non-Hispanic",2.6
2019,Virginia,Depression among adults,Race/Ethnicity,Hispanic,11.8
2019,Washington,Postpartum depressive symptoms among women with a recent live birth,Overall,Overall,12.9
2019,Utah,Depression among adults,Sex,Female,29.1
2019,Virginia,Depression among adults,Race/Ethnicity,"White, non-Hispanic",21.0
2019,Virginia,Frequent mental distress among adults,Age,Age 45-64,11.2
2019,Washington,Frequent mental distress among adults,Race/Ethnicity,"Multiracial, non-Hispanic",18.5
2019,Wisconsin,Depression among adults,Age,Age >=65,12.1
2019,Wisconsin,Frequent mental distress among adults,Sex,Male,12.0
2019,Wisconsin,Frequent mental distress among adults,Age,Age >=65,6.2
2019,Virginia,Average mentally unhealthy days among adults,Age,Age 18-44,4.0
2019,Vermont,Frequent mental distress among adults,Overall,Overall,14.7
2019,Wisconsin,Depression among adults,Sex,Male,15.7
2019,West Virginia,Average mentally unhealthy days among adults,Overall,Overall,2.4
2019,Virginia,Depression among adults,Race/Ethnicity,"Black, non-Hispanic",13.5
2019,West Virginia,Depression among adults,Sex,Male,21.7
2019,Wisconsin,Frequent mental distress among adults,Race/Ethnicity,"American Indian or Alaska Native, non-Hispanic",30.7
2019,Wyoming,Average mentally unhealthy days among adults,Sex,Male,2.0
2019,Washington,Average mentally unhealthy days among adults,Overall,Overall,4.0
2019,Utah,Frequent mental distress among adults,Age,Age 45-64,11.0
2019,West Virginia,Average mentally unhealthy days among adults,Race/Ethnicity,"White, non-Hispanic",2.3
2019,Vermont,Depression among adults,Race/Ethnicity,"Multiracial, non-Hispanic",26.4
2019,Wyoming,Depression among adults,Race/Ethnicity,Hispanic,20.4
2019,Washington,Depression among adults,Overall,Overall,24.2
2019,Utah,Depression among adults,Age,Age 18-44,25.8
2019,Wisconsin,Frequent mental distress among adults,Sex,Female,13.5
2019,West Virginia,Frequent mental distress among adults,Race/Ethnicity,"White, non-Hispanic",20.3
2019,Wisconsin,Depression among adults,Overall,Overall,20.5
2019,Vermont,Frequent mental distress among adults,Race/Ethnicity,"Multiracial, non-Hispanic",17.9
2019,Virginia,Postpartum depressive symptoms among women with a recent live birth,Race/Ethnicity,Hispanic,14.8
2019,Vermont,Average mentally unhealthy days among adults,Sex,Male,3.7
2019,Utah,Frequent mental distress among adults,Sex,Male,10.9
2019,Wyoming,Depression among adults,Sex,Female,25.8
2019,Washington,Average mentally unhealthy days among adults,Age,Age 18-44,4.7
2019,Washington,Depression among adults,Race/Ethnicity,"Multiracial, non-Hispanic",38.3
2019,Vermont,Frequent mental distress among adults,Age,Age 18-44,20.3
2019,Wisconsin,Average mentally unhealthy days among adults,Sex,Male,4.6
2019,West Virginia,Frequent mental distress among adults,Race/Ethnicity,"Multiracial, non-Hispanic",40.7
2019,Wisconsin,Frequent mental distress among adults,Race/Ethnicity,"Black, non-Hispanic",18.8
2019,Virginia,Depression among adults,Sex,Male,12.5
2019,Virginia,Frequent mental distress among adults,Age,Age >=65,7.4
2019,Virginia,Frequent mental distress among adults,Race/Ethnicity,"White, non-Hispanic",13.1
2019,Wisconsin,Average mentally unhealthy days among adults,Age,Age >=65,2.8
2019,Washington,Depression among adults,Age,Age >=65,19.4
2019,Wisconsin,Depression among adults,Sex,Female,26.1
2019,Wisconsin,Frequent mental distress among adults,Age,Age 45-64,12.9
2019,West Virginia,Average mentally unhealthy days among adults,Sex,Male,2.6
2019,Wyoming,Depression among adults,Age,Age 45-64,19.6
2019,Wyoming,Frequent mental distress among adults,Sex,Female,16.1
2019,West Virginia,Depression among adults,Sex,Female,38.0
2019,Wyoming,Depression among adults,Sex,Male,13.4
2019,Washington,Frequent mental distress among adults,Race/Ethnicity,"Asian, non-Hispanic",8.9
2019,Utah,Frequent mental distress among adults,Age,Age 18-44,17.6
2019,Utah,Average mentally unhealthy days among adults,Race/Ethnicity,Hispanic,2.6
2019,Washington,Frequent mental distress among adults,Race/Ethnicity,Hispanic,11.0
2019,Wyoming,Average mentally unhealthy days among adults,Sex,Female,2.7
2019,Wyoming,Frequent mental distress among adults,Race/Ethnicity,Hispanic,20.6
2019,Washington,Average mentally unhealthy days among adults,Sex,Female,4.0
2019,Vermont,Frequent mental distress among adults,Sex,Male,12.5
2019,Vermont,Average mentally unhealthy days among adults,Age,Age 45-64,4.4
2019,Utah,Average mentally unhealthy days among adults,Overall,Overall,4.7
2019,Washington,Depression among adults,Sex,Male,17.1
2019,Vermont,Depression among adults,Race/Ethnicity,"White, non-Hispanic",23.1
2019,Wisconsin,Average mentally unhealthy days among adults,Race/Ethnicity,"White, non-Hispanic",4.1
2019,Utah,Postpartum depressive symptoms among women with a recent live birth,Race/Ethnicity,"White, non-Hispanic",14.3
2019,Virginia,Average mentally unhealthy days among adults,Sex,Female,3.7
2019,West Virginia,Depression among adults,Age,Age >=65,18.9
2019,West Virginia,Average mentally unhealthy days among adults,Age,Age >=65,1.7
2019,Washington,Frequent mental distress among adults,Race/Ethnicity,"White, non-Hispanic",14.7
2019,Virginia,Frequent mental distress among adults,Race/Ethnicity,Hispanic,9.4
2019,Wisconsin,Frequent mental distress among adults,Race/Ethnicity,Hispanic,11.1
2019,Wisconsin,Average mentally unhealthy days among adults,Overall,Overall,4.3
2019,Virginia,Depression among adults,Age,Age >=65,13.4
2019,Wyoming,Average mentally unhealthy days among adults,Age,Age >=65,1.9
2019,Utah,Average mentally unhealthy days among adults,Race/Ethnicity,"White, non-Hispanic",5.1
2019,Washington,Average mentally unhealthy days among adults,Race/Ethnicity,Hispanic,4.6
2019,Wisconsin,Depression among adults,Race/Ethnicity,"American Indian or Alaska Native, non-Hispanic",22.7
2019,Utah,Frequent mental distress among adults,Race/Ethnicity,Hispanic,11.4
2019,Wisconsin,Frequent mental distress among adults,Race/Ethnicity,"White, non-Hispanic",12.5
2019,Utah,Depression among adults,Race/Ethnicity,"Multiracial, non-Hispanic",32.4
2019,Virginia,Average mentally unhealthy days among adults,Overall,Overall,3.5
2019,West Virginia,Frequent mental distress among adults,Overall,Overall,20.6
2019,Utah,Depression among adults,Race/Ethnicity,"Multiracial, non-Hispanic",34.0
2019,Washington,Frequent mental distress among adults,Age,Age 45-64,13.4
2019,West Virginia,Frequent mental distress among adults,Race/Ethnicity,"Black, non-Hispanic",24.1
2019,Vermont,Average mentally unhealthy days among adults,Age,Age >=65,2.6
2019,Vermont,Depression among adults,Age,Age 45-64,21.9
2019,Wisconsin,Frequent mental distress among adults,Age,Age 18-44,15.9
2019,Washington,Frequent mental distress among adults,Sex,Male,10.8
2019,Wisconsin,Postpartum depressive symptoms among women with a recent live birth,Overall,Overall,13.8
2019,Utah,Frequent mental distress among adults,Race/Ethnicity,"American Indian or Alaska Native, non-Hispanic",15.0
2019,Vermont,Depression among adults,Sex,Female,28.3
2019,Virginia,Frequent mental distress among adults,Race/Ethnicity,"White, non-Hispanic",14.0
2019,Vermont,Frequent mental distress among adults,Race/Ethnicity,Hispanic,24.3
2019,Wisconsin,Postpartum depressive symptoms among women with a recent live birth,Race/Ethnicity,Hispanic,9.8
2019,Washington,Postpartum depressive symptoms among women with a recent live birth,Race/Ethnicity,"Black, non-Hispanic",23.9
2019,Washington,Depression among adults,Race/Ethnicity,"Black, non-Hispanic",26.1
2019,Virginia,Average mentally unhealthy days among adults,Race/Ethnicity,"Black, non-Hispanic",2.8
2019,Utah,Depression among adults,Race/Ethnicity,"American Indian or Alaska Native, non-Hispanic",30.2
2019,Utah,Depression among adults,Race/Ethnicity,Hispanic,16.2
2019,Wisconsin,Depression among adults,Race/Ethnicity,Hispanic,11.2
2019,Wyoming,Depression among adults,Race/Ethnicity,"White, non-Hispanic",19.4
2019,Vermont,Average mentally unhealthy days among adults,Race/Ethnicity,"White, non-Hispanic",3.9
2019,Washington,Frequent mental distress among adults,Race/Ethnicity,"American Indian or Alaska Native, non-Hispanic",21.4
2019,Vermont,Frequent mental distress among adults,Sex,Female,16.3
2019,Utah,Frequent mental distress among adults,Sex,Female,16.8
2019,Wisconsin,Depression among adults,Overall,Overall,21.0
2019,Utah,Depression among adults,Age,Age >=65,17.7
2019,Washington,Depression among adults,Sex,Female,31.2
2019,Vermont,Average mentally unhealthy days among adults,Sex,Female,3.8
2019,Washington,Average mentally unhealthy days among adults,Race/Ethnicity,Hispanic,4.3
2019,Virginia,Depression among adults,Race/Ethnicity,"White, non-Hispanic",20.1
2019,Wyoming,Depression among adults,Race/Ethnicity,Hispanic,22.5
2019,Wisconsin,Frequent mental distress among adults,Race/Ethnicity,"American Indian or Alaska Native, non-Hispanic",28.2
2019,Vermont,Depression among adults,Race/Ethnicity,"Multiracial, non-Hispanic",27.6
2019,Washington,Depression among adults,Race/Ethnicity,Hispanic,17.9
2019,Virginia,Average mentally unhealthy days among adults,Race/Ethnicity,Hispanic,3.6
2019,Washington,Depression among adults,Overall,Overall,24.4
2019,Wyoming,Frequent mental distress among adults,Age,Age 45-64,10.7
2019,Virginia,Depression among adults,Overall,Overall,17.3
2019,Virginia,Average mentally unhealthy days among adults,Age,Age 45-64,3.4
2019,West Virginia,Average mentally unhealthy days among adults,Sex,Female,2.2
2019,Washington,Frequent mental distress among adults,Race/Ethnicity,"Black, non-Hispanic",17.8
2019,Utah,Postpartum depressive symptoms among women with a recent live birth,Overall,Overall,15.2
2019,Virginia,Depression among adults,Race/Ethnicity,"Asian, non-Hispanic",5.5
2019,Utah,Frequent mental distress among adults,Race/Ethnicity,"Multiracial, non-Hispanic",18.6
2019,Washington,Frequent mental distress among adults,Race/Ethnicity,Hispanic,12.2
2019,Vermont,Depression among adults,Race/Ethnicity,Hispanic,25.0
2019,Washington,Frequent mental distress among adults,Race/Ethnicity,"White, non-Hispanic",13.9
2019,Wisconsin,Depression among adults,Race/Ethnicity,"Multiracial, non-Hispanic",16.8
2019,Wisconsin,Frequent mental distress among adults,Race/Ethnicity,"White, non-Hispanic",13.6
2019,Wyoming,Depression among adults,Age,Age 18-44,21.9
2019,West Virginia,Depression among adults,Race/Ethnicity,"White, non-Hispanic",28.3
2019,Washington,Frequent mental distress among adults,Race/Ethnicity,"Asian, non-Hispanic",8.6
2019,Virginia,Postpartum depressive symptoms among women with a recent live birth,Race/Ethnicity,"Black, non-Hispanic",17.6
2019,West Virginia,Frequent mental distress among adults,Race/Ethnicity,"Multiracial, non-Hispanic",42.8
2019,Vermont,Average mentally unhealthy days among adults,Race/Ethnicity,"White, non-Hispanic",3.7
2019,Wyoming,Average mentally unhealthy days among adults,Sex,Male,2.0
2019,Wisconsin,Frequent mental distress among adults,Overall,Overall,13.3
2019,Vermont,Average mentally unhealthy days among adults,Overall,Overall,3.8
2019,Washington,Postpartum depressive symptoms among women with a recent live birth,Race/Ethnicity,"Multiracial, non-Hispanic",14.0
2019,Washington,Depression among adults,Race/Ethnicity,"Multiracial, non-Hispanic",37.3
2019,Virginia,Depression among adults,Overall,Overall,17.0
2019,Virginia,Postpartum depressive symptoms among women with a recent live birth,Overall,Overall,14.6
2019,Virginia,Frequent mental distress among adults,Age,Age 18-44,16.2
2019,Virginia,Frequent mental distress among adults,Race/Ethnicity,Hispanic,11.7
2019,Virginia,Average mentally unhealthy days among adults,Age,Age >=65,1.9
2019,West Virginia,Frequent mental distress among adults,Sex,Female,24.5
2019,Wisconsin,Postpartum depressive symptoms among women with a recent live birth,Race/Ethnicity,"White, non-Hispanic",12.8
2019,Wisconsin,Depression among adults,Sex,Female,25.1
2019,Washington,Depression among adults,Age,Age 18-44,25.3
2019,Utah,Average mentally unhealthy days among adults,Race/Ethnicity,"White, non-Hispanic",5.1
2019,West Virginia,Average mentally unhealthy days among adults,Sex,Male,2.5
2019,Utah,Depression among adults,Race/Ethnicity,"White, non-Hispanic",24.4
2019,Vermont,Postpartum depressive symptoms among women with a recent live birth,Overall,Overall,10.0
2019,West Virginia,Average mentally unhealthy days among adults,Age,Age 18-44,2.9
2019,Washington,Frequent mental distress among adults,Overall,Overall,13.6
2019,Utah,Average mentally unhealthy days among adults,Age,Age 18-44,5.4
2019,Virginia,Depression among adults,Age,Age 18-44,19.7
2019,Wyoming,Average mentally unhealthy days among adults,Age,Age 18-44,1.7
2019,Wisconsin,Average mentally unhealthy days among adults,Sex,Female,3.6
2019,Washington,Depression among adults,Sex,Male,17.1
2019,Vermont,Depression among adults,Race/Ethnicity,"White, non-Hispanic",22.1
2019,West Virginia,Depression among adults,Overall,Overall,30.2
2019,Wyoming,Depression among adults,Sex,Male,13.5
2019,Washington,Average mentally unhealthy days among adults,Age,Age 45-64,3.5
2019,Utah,Average mentally unhealthy days among adults,Age,Age >=65,3.0
2019,Virginia,Average mentally unhealthy days among adults,Sex,Female,3.7
2019,Wyoming,Average mentally unhealthy days among adults,Age,Age 45-64,3.5
2019,West Virginia,Frequent mental distress among adults,Overall,Overall,22.0
2019,Utah,Frequent mental distress among adults,Race/Ethnicity,"Multiracial, non-Hispanic",17.3
2019,Utah,Depression among adults,Overall,Overall,23.1
2019,West Virginia,Depression among adults,Race/Ethnicity,"White, non-Hispanic",29.8
2019,Wisconsin,Average mentally unhealthy days among adults,Overall,Overall,4.1
2019,Wyoming,Depression among adults,Race/Ethnicity,"Multiracial, non-Hispanic",36.6
2019,Washington,Depression among adults,Race/Ethnicity,"American Indian or Alaska Native, non-Hispanic",35.3
2019,Wisconsin,Depression among adults,Age,Age 45-64,22.6
2019,West Virginia,Frequent mental distress among adults,Sex,Male,19.4
2019,Virginia,Average mentally unhealthy days among adults,Overall,Overall,3.4
2019,Vermont,Depression among adults,Overall,Overall,22.8
2019,Wyoming,Depression among adults,Race/Ethnicity,"White, non-Hispanic",18.8
2019,Utah,Frequent mental distress among adults,Overall,Overall,13.6
2019,Vermont,Depression among adults,Sex,Female,27.1
2019,Washington,Depression among adults,Race/Ethnicity,"Asian, non-Hispanic",12.1
2019,West Virginia,Frequent mental distress among adults,Race/Ethnicity,"Black, non-Hispanic",22.8
2019,Washington,Average mentally unhealthy days among adults,Race/Ethnicity,"Asian, non-Hispanic",4.4
2019,Vermont,Average mentally unhealthy days among adults,Age,Age 18-44,3.6
2019,Wisconsin,Postpartum depressive symptoms among women with a recent live birth,Race/Ethnicity,"Multiracial, non-Hispanic",21.9
2019,Virginia,Frequent mental distress among adults,Race/Ethnicity,"Black, non-Hispanic",13.0
2019,Wyoming,Frequent mental distress among adults,Sex,Male,10.1
2019,Washington,Frequent mental distress among adults,Sex,Male,10.9
2019,Virginia,Depression among adults,Race/Ethnicity,"Multiracial, non-Hispanic",19.6
2019,Virginia,Depression among adults,Sex,Female,21.9
2019,Utah,Depression among adults,Sex,Male,16.4
2019,Virginia,Frequent mental distress among adults,Sex,Male,10.6
2019,Washington,Frequent mental distress among adults,Race/Ethnicity,"Black, non-Hispanic",17.9
2019,Utah,Frequent mental distress among adults,Sex,Female,17.4
2019,Virginia,Frequent mental distress among adults,Overall,Overall,13.0
2019,Vermont,Frequent mental distress among adults,Age,Age >=65,7.0
2019,Vermont,Average mentally unhealthy days among adults,Overall,Overall,3.6
2019,Utah,Depression among adults,Race/Ethnicity,"American Indian or Alaska Native, non-Hispanic",30.6
2019,Washington,Postpartum depressive symptoms among women with a recent live birth,Race/Ethnicity,"White, non-Hispanic",10.6
2019,Vermont,Frequent mental distress among adults,Race/Ethnicity,"White, non-Hispanic",14.3
2019,Washington,Depression among adults,Race/Ethnicity,Hispanic,18.3
2019,West Virginia,Depression among adults,Overall,Overall,28.8
2019,Washington,Average mentally unhealthy days among adults,Sex,Female,4.0
2019,Virginia,Average mentally unhealthy days among adults,Race/Ethnicity,Hispanic,3.6
2019,Wyoming,Frequent mental distress among adults,Age,Age 18-44,16.8
2019,Washington,Postpartum depressive symptoms among women with a recent live birth,Race/Ethnicity,"Asian, non-Hispanic",15.6
2019,Washington,Depression among adults,Sex,Female,31.7
2019,Wyoming,Frequent mental distress among adults,Race/Ethnicity,"White, non-Hispanic",11.6
2019,Virginia,Depression among adults,Age,Age 45-64,15.5
2019,Utah,Depression among adults,Race/Ethnicity,Hispanic,16.2
2019,Vermont,Depression among adults,Age,Age >=65,15.3
2019,Utah,Frequent mental distress among adults,Age,Age >=65,7.8
2019,Wyoming,Depression among adults,Age,Age >=65,12.9
2019,Wisconsin,Frequent mental distress among adults,Sex,Female,14.1
2019,Utah,Depression among adults,Race/Ethnicity,"White, non-Hispanic",24.4
2019,Virginia,Depression among adults,Race/Ethnicity,"American Indian or Alaska Native, non-Hispanic",20.7
2019,West Virginia,Frequent mental distress among adults,Age,Age 45-64,21.8
2019,Vermont,Average mentally unhealthy days among adults,Sex,Female,3.7
2019,Utah,Frequent mental distress among adults,Race/Ethnicity,"American Indian or Alaska Native, non-Hispanic",16.4
2019,Washington,Average mentally unhealthy days among adults,Race/Ethnicity,"White, non-Hispanic",4.0
2019,Washington,Depression among adults,Race/Ethnicity,"White, non-Hispanic",27.1
2019,West Virginia,Depression among adults,Age,Age 45-64,30.2
2019,Washington,Average mentally unhealthy days among adults,Overall,Overall,4.1
2019,Virginia,Average mentally unhealthy days among adults,Race/Ethnicity,"White, non-Hispanic",3.8
2019,Utah,Postpartum depressive symptoms among women with a recent live birth,Race/Ethnicity,Hispanic,16.1
2019,Virginia,Depression among adults,Sex,Female,21.2
2019,Virginia,Frequent mental distress among adults,Sex,Male,10.6
2019,Wyoming,Frequent mental distress among adults,Overall,Overall,13.0
2019,Wisconsin,Depression among adults,Race/Ethnicity,Hispanic,11.5
2019,Wyoming,Postpartum depressive symptoms among women with a recent live birth,Overall,Overall,15.3
2019,Utah,Average mentally unhealthy days among adults,Sex,Female,5.1
2019,Washington,Postpartum depressive symptoms among women with a recent live birth,Race/Ethnicity,Hispanic,15.2
2019,Utah,Frequent mental distress among adults,Race/Ethnicity,"Hawaiian or Pacific Islander, non-Hispanic",13.4
2019,Wyoming,Depression among adults,Overall,Overall,19.2
2019,Wyoming,Average mentally unhealthy days among adults,Overall,Overall,2.3
2019,West Virginia,Frequent mental distress among adults,Sex,Female,22.8
2019,Virginia,Depression among adults,Race/Ethnicity,"Black, non-Hispanic",13.3
2019,Virginia,Postpartum depressive symptoms among women with a recent live birth,Race/Ethnicity,"White, non-Hispanic",11.4
2019,Washington,Frequent mental distress among adults,Overall,Overall,13.8
2019,Utah,Average mentally unhealthy days among adults,Age,Age 45-64,4.3
2019,Washington,Average mentally unhealthy days among adults,Race/Ethnicity,"Asian, non-Hispanic",3.9
2019,Wyoming,Average mentally unhealthy days among adults,Race/Ethnicity,"White, non-Hispanic",2.5
2019,Washington,Frequent mental distress among adults,Sex,Female,16.8
2019,Virginia,Postpartum depressive symptoms among women with a recent live birth,Race/Ethnicity,"Asian, non-Hispanic",18.9
2019,Virginia,Average mentally unhealthy days among adults,Sex,Male,3.1
2019,Virginia,Frequent mental distress among adults,Race/Ethnicity,"Multiracial, non-Hispanic",19.8
2019,Wisconsin,Average mentally unhealthy days among adults,Age,Age 45-64,3.4
2019,Washington,Depression among adults,Age,Age 45-64,25.7
2019,West Virginia,Average mentally unhealthy days among adults,Sex,Female,2.3
2019,Wisconsin,Depression among adults,Race/Ethnicity,"White, non-Hispanic",22.7
2019,Washington,Depression among adults,Race/Ethnicity,"Asian, non-Hispanic",11.8
2019,West Virginia,Frequent mental distress among adults,Sex,Male,18.3
2019,Virginia,Frequent mental distress among adults,Race/Ethnicity,"Asian, non-Hispanic",7.5
2019,Utah,Average mentally unhealthy days among adults,Sex,Male,4.4
2019,Wyoming,Frequent mental distress among adults,Sex,Male,9.9
2019,Vermont,Frequent mental distress among adults,Overall,Overall,14.0
2019,Virginia,Depression among adults,Race/Ethnicity,Hispanic,10.6
2019,Washington,Postpartum depressive symptoms among women with a recent live birth,Race/Ethnicity,"American Indian or Alaska Native, non-Hispanic",15.0
2019,West Virginia,Average mentally unhealthy days among adults,Race/Ethnicity,"White, non-Hispanic",2.4
2019,Utah,Depression among adults,Sex,Male,16.8
2019,Virginia,Frequent mental distress among adults,Overall,Overall,12.7
2019,Utah,Frequent mental distress among adults,Race/Ethnicity,Hispanic,11.4
2019,Washington,Frequent mental distress among adults,Race/Ethnicity,"Multiracial, non-Hispanic",16.6
2019,Utah,Depression among adults,Age,Age 45-64,20.8
2019,Wisconsin,Depression among adults,Age,Age 18-44,23.1
2019,Wisconsin,Average mentally unhealthy days among adults,Sex,Female,3.7
2019,Vermont,Depression among adults,Overall,Overall,22.1
2019,West Virginia,Depression among adults,Sex,Male,22.4
2019,Vermont,Depression among adults,Sex,Male,17.3
2019,West Virginia,Depression among adults,Race/Ethnicity,"Multiracial, non-Hispanic",49.3
2019,Wyoming,Depression among adults,Race/Ethnicity,"Multiracial, non-Hispanic",42.2
2019,Washington,Depression among adults,Race/Ethnicity,"American Indian or Alaska Native, non-Hispanic",35.6
2019,West Virginia,Frequent mental distress among adults,Age,Age 18-44,25.6
2019,Vermont,Frequent mental distress among adults,Race/Ethnicity,"Multiracial, non-Hispanic",20.4
2019,Wisconsin,Frequent mental distress among adults,Sex,Male,12.4
2019,Wyoming,Frequent mental distress among adults,Race/Ethnicity,"White, non-Hispanic",12.3
2019,Utah,Frequent mental distress among adults,Overall,Overall,14.2
2019,Utah,Postpartum depressive symptoms among women with a recent live birth,Race/Ethnicity,"Asian, non-Hispanic",13.3
2019,Wyoming,Depression among adults,Sex,Female,25.1
2019,Vermont,Frequent mental distress among adults,Race/Ethnicity,"White, non-Hispanic",13.4
2019,Utah,Frequent mental distress among adults,Race/Ethnicity,"White, non-Hispanic",14.5
2019,Washington,Average mentally unhealthy days among adults,Sex,Male,4.0
2019,Vermont,Average mentally unhealthy days among adults,Sex,Male,3.6
2019,Wisconsin,Depression among adults,Race/Ethnicity,"Black, non-Hispanic",24.4
2019,Wisconsin,Postpartum depressive symptoms among women with a recent live birth,Race/Ethnicity,"Asian, non-Hispanic",16.2
2019,West Virginia,Average mentally unhealthy days among adults,Age,Age 45-64,2.0
2019,West Virginia,Depression among adults,Sex,Female,35.5
2019,Wisconsin,Frequent mental distress among adults,Overall,Overall,12.7
2019,West Virginia,Depression among adults,Race/Ethnicity,"Black, non-Hispanic",30.5
2019,Wyoming,Frequent mental distress among adults,Age,Age >=65,6.7
2019,Virginia,Frequent mental distress among adults,Sex,Female,14.8
2020,California,Frequent mental distress among adults,Sex,Male,11.3
2020,Georgia,Postpartum depressive symptoms among women with a recent live birth,Race/Ethnicity,"Black, non-Hispanic",9.8
2020,Arizona,Average mentally unhealthy days among adults,Age,Age >=65,3.0
2020,California,Frequent mental distress among adults,Age,Age 18-44,14.5
2020,District of Columbia,Average mentally unhealthy days among adults,Race/Ethnicity,"White, non-Hispanic",3.9
2020,Connecticut,Frequent mental distress among adults,Race/Ethnicity,Hispanic,13.1
2020,Connecticut,Average mentally unhealthy days among adults,Age,Age 18-44,3.4
2020,Arkansas,Depression among adults,Age,Age 18-44,25.4
2020,Alaska,Average mentally unhealthy days among adults,Race/Ethnicity,"American Indian or Alaska Native, non-Hispanic",1.9
2020,Georgia,Frequent mental distress among adults,Sex,Female,16.7
2020,Guam,Depression among adults,Sex,Female,11.0
2020,California,Depression among adults,Overall,Overall,14.1
2020,Georgia,Average mentally unhealthy days among adults,Age,Age 18-44,3.2
2020,Colorado,Depression among adults,Overall,Overall,18.5
2020,District of Columbia,Depression among adults,Age,Age 18-44,20.8
2020,Colorado,Depression among adults,Race/Ethnicity,Hispanic,15.3
2020,Alaska,Average mentally unhealthy days among adults,Age,Age >=65,2.1
2020,Florida,Frequent mental distress among adults,Age,Age 45-64,13.1
2020,Colorado,Average mentally unhealthy days among adults,Overall,Overall,3.4
2020,Connecticut,Frequent mental distress among adults,Race/Ethnicity,"Black, non-Hispanic",11.5
2020,Alaska,Frequent mental distress among adults,Sex,Female,13.1
2020,Florida,Depression among adults,Overall,Overall,15.0
2020,District of Columbia,Frequent mental distress among adults,Race/Ethnicity,"Multiracial, non-Hispanic",17.0
2020,Arkansas,Depression among adults,Race/Ethnicity,Hispanic,13.6
2020,Arizona,Depression among adults,Race/Ethnicity,"White, non-Hispanic",22.0
2020,Colorado,Frequent mental distress among adults,Race/Ethnicity,Hispanic,11.4
2020,Delaware,Postpartum depressive symptoms among women with a recent live birth,Race/Ethnicity,Hispanic,5.7
2020,Alabama,Average mentally unhealthy days among adults,Sex,Male,1.4
2020,Alaska,Depression among adults,Sex,Male,9.4
2020,Georgia,Depression among adults,Race/Ethnicity,"Black, non-Hispanic",12.7
2020,Connecticut,Postpartum depressive symptoms among women with a recent live birth,Race/Ethnicity,Hispanic,11.3
2020,Arizona,Frequent mental distress among adults,Race/Ethnicity,"Black, non-Hispanic",17.7
2020,Colorado,Average mentally unhealthy days among adults,Sex,Female,3.4
2020,California,Average mentally unhealthy days among adults,Race/Ethnicity,"Asian, non-Hispanic",4.9
2020,California,Frequent mental distress among adults,Sex,Female,14.2
2020,Georgia,Frequent mental distress among adults,Race/Ethnicity,"Multiracial, non-Hispanic",15.2
2020,California,Average mentally unhealthy days among adults,Sex,Female,4.3
2020,District of Columbia,Frequent mental distress among adults,Race/Ethnicity,"White, non-Hispanic",12.2
2020,Delaware,Average mentally unhealthy days among adults,Overall,Overall,2.9
2020,Arkansas,Average mentally unhealthy days among adults,Race/Ethnicity,"American Indian or Alaska Native, non-Hispanic",0.0
2020,Florida,Average mentally unhealthy days among adults,Age,Age 18-44,1.7
2020,District of Columbia,Average mentally unhealthy days among adults,Age,Age 45-64,3.0
2020,Connecticut,Average mentally unhealthy days among adults,Sex,Female,3.5
2020,Connecticut,Depression among adults,Age,Age 45-64,16.8
2020,Arkansas,Average mentally unhealthy days among adults,Race/Ethnicity,"White, non-Hispanic",2.3
2020,Guam,Depression among adults,Race/Ethnicity,"Multiracial, non-Hispanic",7.7
2020,Georgia,Depression among adults,Sex,Female,22.2
2020,Connecticut,Average mentally unhealthy days among adults,Race/Ethnicity,"White, non-Hispanic",3.6
2020,Arizona,Average mentally unhealthy days among adults,Sex,Male,3.4
2020,District of Columbia,Average mentally unhealthy days among adults,Sex,Male,3.0
2020,Florida,Average mentally unhealthy days among adults,Sex,Male,1.5
2020,Connecticut,Depression among adults,Race/Ethnicity,"White, non-Hispanic",19.0
2020,Florida,Depression among adults,Race/Ethnicity,Hispanic,11.3
2020,Colorado,Depression among adults,Race/Ethnicity,"White, non-Hispanic",20.2
2020,Georgia,Depression among adults,Race/Ethnicity,Hispanic,10.9
2020,Alaska,Average mentally unhealthy days among adults,Sex,Male,2.1
2020,Arkansas,Depression among adults,Race/Ethnicity,"White, non-Hispanic",25.3
2020,Florida,Frequent mental distress among adults,Race/Ethnicity,Hispanic,10.8
2020,Colorado,Frequent mental distress among adults,Race/Ethnicity,"White, non-Hispanic",13.6
2020,Delaware,Depression among adults,Overall,Overall,15.9
2020,Colorado,Average mentally unhealthy days among adults,Age,Age >=65,3.1
2020,Delaware,Frequent mental distress among adults,Race/Ethnicity,Hispanic,8.1
2020,Alabama,Average mentally unhealthy days among adults,Age,Age 45-64,2.5
2020,Arkansas,Frequent mental distress among adults,Race/Ethnicity,"Black, non-Hispanic",18.4
2020,Georgia,Frequent mental distress among adults,Overall,Overall,14.6
2020,Connecticut,Average mentally unhealthy days among adults,Overall,Overall,3.3
2020,Arkansas,Frequent mental distress among adults,Sex,Male,14.7
2020,Delaware,Frequent mental distress among adults,Age,Age 45-64,13.0
2020,Arizona,Average mentally unhealthy days among adults,Overall,Overall,3.2
2020,Alaska,Depression among adults,Race/Ethnicity,"American Indian or Alaska Native, non-Hispanic",12.8
2020,Arizona,Postpartum depressive symptoms among women with a recent live birth,Race/Ethnicity,Hispanic,13.0
2020,Colorado,Frequent mental distress among adults,Age,Age 45-64,11.6
2020,California,Average mentally unhealthy days among adults,Age,Age 18-44,4.7
2020,Alabama,Depression among adults,Age,Age 45-64,26.6
2020,Delaware,Average mentally unhealthy days among adults,Age,Age >=65,2.6
2020,District of Columbia,Frequent mental distress among adults,Sex,Male,11.1
2020,Florida,Average mentally unhealthy days among adults,Overall,Overall,1.7
2020,Colorado,Depression among adults,Age,Age >=65,14.0
2020,Arizona,Postpartum depressive symptoms among women with a recent live birth,Overall,Overall,13.7
2020,Georgia,Average mentally unhealthy days among adults,Race/Ethnicity,"Black, non-Hispanic",2.1
2020,Connecticut,Depression among adults,Overall,Overall,17.7
2020,Arkansas,Depression among adults,Race/Ethnicity,"Black, non-Hispanic",19.7
2020,Florida,Depression among adults,Sex,Female,19.7
2020,Georgia,Frequent mental distress among adults,Age,Age >=65,8.6
2020,Connecticut,Depression among adults,Age,Age >=65,12.3
2020,District of Columbia,Depression among adults,Sex,Female,23.9
2020,Connecticut,Frequent mental distress among adults,Age,Age 18-44,17.4
2020,Arkansas,Frequent mental distress among adults,Race/Ethnicity,"Multiracial, non-Hispanic",31.2
2020,Guam,Depression among adults,Race/Ethnicity,Hispanic,20.9
2020,Alaska,Frequent mental distress among adults,Age,Age >=65,6.1
2020,Connecticut,Depression among adults,Race/Ethnicity,Hispanic,19.1
2020,Alaska,Depression among adults,Sex,Male,9.3
2020,Connecticut,Average mentally unhealthy days among adults,Race/Ethnicity,"Black, non-Hispanic",3.3
2020,Florida,Depression among adults,Race/Ethnicity,"Black, non-Hispanic",11.5
2020,California,Depression among adults,Sex,Male,9.4
2020,Florida,Frequent mental distress among adults,Race/Ethnicity,"Black, non-Hispanic",12.1
2020,Arkansas,Frequent mental distress among adults,Overall,Overall,17.8
2020,California,Average mentally unhealthy days among adults,Race/Ethnicity,Hispanic,3.0
2020,Georgia,Depression among adults,Race/Ethnicity,"White, non-Hispanic",22.8
2020,Colorado,Frequent mental distress among adults,Race/Ethnicity,"American Indian or Alaska Native, non-Hispanic",26.8
2020,Delaware,Frequent mental distress among adults,Race/Ethnicity,"Black, non-Hispanic",11.7
2020,Colorado,Frequent mental distress among adults,Sex,Female,16.5
2020,Alaska,Average mentally unhealthy days among adults,Race/Ethnicity,"White, non-Hispanic",3.1
2020,Connecticut,Average mentally unhealthy days among adults,Overall,Overall,3.2
2020,Alabama,Frequent mental distress among adults,Race/Ethnicity,"Multiracial, non-Hispanic",17.5
2020,Alabama,Average mentally unhealthy days among adults,Overall,Overall,2.3
2020,Alabama,Depression among adults,Race/Ethnicity,"American Indian or Alaska Native, non-Hispanic",27.5
2020,Guam,Depression among adults,Race/Ethnicity,"Asian, non-Hispanic",5.4
2020,District of Columbia,Frequent mental distress among adults,Overall,Overall,14.5
2020,Georgia,Depression among adults,Sex,Male,12.5
2020,Arizona,Depression among adults,Overall,Overall,17.7
2020,Connecticut,Frequent mental distress among adults,Race/Ethnicity,"White, non-Hispanic",14.2
2020,California,Depression among adults,Race/Ethnicity,"Multiracial, non-Hispanic",31.6
2020,Connecticut,Postpartum depressive symptoms among women with a recent live birth,Overall,Overall,10.4
2020,Arkansas,Frequent mental distress among adults,Sex,Female,22.5
2020,Florida,Frequent mental distress among adults,Sex,Male,9.7
2020,Arkansas,Frequent mental distress among adults,Age,Age >=65,8.8
2020,District of Columbia,Depression among adults,Race/Ethnicity,"Multiracial, non-Hispanic",25.5
2020,Alaska,Frequent mental distress among adults,Overall,Overall,9.9
2020,California,Average mentally unhealthy days among adults,Sex,Female,4.2
2020,Colorado,Depression among adults,Race/Ethnicity,"Black, non-Hispanic",18.1
2020,Florida,Depression among adults,Age,Age >=65,12.5
2020,California,Frequent mental distress among adults,Race/Ethnicity,"Multiracial, non-Hispanic",18.6
2020,Arizona,Frequent mental distress among adults,Race/Ethnicity,"Multiracial, non-Hispanic",15.5
2020,California,Frequent mental distress among adults,Sex,Female,14.2
2020,Delaware,Frequent mental distress among adults,Sex,Male,10.2
2020,Delaware,Average mentally unhealthy days among adults,Race/Ethnicity,"White, non-Hispanic",2.9
2020,Arkansas,Postpartum depressive symptoms among women with a recent live birth,Race/Ethnicity,"Black, non-Hispanic",31.3
2020,California,Average mentally unhealthy days among adults,Age,Age 45-64,3.6
2020,Alaska,Depression among adults,Overall,Overall,15.9
2020,District of Columbia,Postpartum depressive symptoms among women with a recent live birth,Race/Ethnicity,"Black, non-Hispanic",17.9
2020,District of Columbia,Postpartum depressive symptoms among women with a recent live birth,Race/Ethnicity,Hispanic,13.6
2020,Arizona,Depression among adults,Race/Ethnicity,"White, non-Hispanic",20.1
2020,Delaware,Depression among adults,Race/Ethnicity,"Multiracial, non-Hispanic",22.4
2020,Arizona,Depression among adults,Race/Ethnicity,Hispanic,13.8
2020,Colorado,Frequent mental distress among adults,Race/Ethnicity,"Black, non-Hispanic",18.4
2020,Georgia,Frequent mental distress among adults,Race/Ethnicity,"Black, non-Hispanic",13.7
2020,Alabama,Depression among adults,Race/Ethnicity,"Black, non-Hispanic",21.4
2020,Alabama,Frequent mental distress among adults,Overall,Overall,16.4
2020,Arkansas,Depression among adults,Sex,Male,15.3
2020,Arkansas,Depression among adults,Overall,Overall,23.5
2020,Georgia,Average mentally unhealthy days among adults,Age,Age 45-64,2.0
2020,Alabama,Average mentally unhealthy days among adults,Sex,Male,1.4
2020,Florida,Postpartum depressive symptoms among women with a recent live birth,Race/Ethnicity,Hispanic,19.1
2020,District of Columbia,Depression among adults,Age,Age >=65,15.0
2020,Alabama,Depression among adults,Race/Ethnicity,"Multiracial, non-Hispanic",29.2
2020,Guam,Depression among adults,Overall,Overall,9.1
2020,Connecticut,Frequent mental distress among adults,Race/Ethnicity,"Black, non-Hispanic",11.4
2020,Florida,Frequent mental distress among adults,Age,Age 18-44,14.1
2020,Colorado,Depression among adults,Sex,Female,24.7
2020,Delaware,Frequent mental distress among adults,Race/Ethnicity,"White, non-Hispanic",14.1
2020,Arkansas,Depression among adults,Race/Ethnicity,"Multiracial, non-Hispanic",36.7
2020,California,Depression among adults,Race/Ethnicity,"White, non-Hispanic",18.1
2020,Florida,Frequent mental distress among adults,Race/Ethnicity,"White, non-Hispanic",13.0
2020,Delaware,Depression among adults,Race/Ethnicity,Hispanic,9.5
2020,Connecticut,Average mentally unhealthy days among adults,Race/Ethnicity,"White, non-Hispanic",3.6
2020,Arizona,Depression among adults,Race/Ethnicity,Hispanic,13.8
2020,Colorado,Average mentally unhealthy days among adults,Sex,Male,3.5
2020,Alaska,Frequent mental distress among adults,Overall,Overall,9.9
2020,Alabama,Depression among adults,Race/Ethnicity,"American Indian or Alaska Native, non-Hispanic",30.8
2020,California,Average mentally unhealthy days among adults,Race/Ethnicity,"Asian, non-Hispanic",4.7
2020,Georgia,Frequent mental distress among adults,Race/Ethnicity,Hispanic,9.8
2020,District of Columbia,Frequent mental distress among adults,Race/Ethnicity,"Black, non-Hispanic",16.3
2020,Colorado,Depression among adults,Race/Ethnicity,Hispanic,14.9
2020,Arkansas,Postpartum depressive symptoms among women with a recent live birth,Race/Ethnicity,"White, non-Hispanic",22.3
2020,California,Frequent mental distress among adults,Age,Age 45-64,12.2
2020,Florida,Depression among adults,Age,Age 45-64,14.7
2020,Arkansas,Frequent mental distress among adults,Race/Ethnicity,Hispanic,10.9
2020,Delaware,Average mentally unhealthy days among adults,Overall,Overall,2.8
2020,Alabama,Depression among adults,Sex,Female,31.1
2020,District of Columbia,Average mentally unhealthy days among adults,Age,Age 18-44,2.5
2020,Colorado,Frequent mental distress among adults,Race/Ethnicity,Hispanic,10.8
2020,Colorado,Postpartum depressive symptoms among women with a recent live birth,Race/Ethnicity,"White, non-Hispanic",10.1
2020,Alaska,Average mentally unhealthy days among adults,Race/Ethnicity,"American Indian or Alaska Native, non-Hispanic",2.0
2020,Guam,Depression among adults,Race/Ethnicity,"Multiracial, non-Hispanic",7.8
2020,Delaware,Depression among adults,Sex,Male,10.9
2020,Connecticut,Depression among adults,Sex,Female,23.9
2020,Alaska,Average mentally unhealthy days among adults,Age,Age 18-44,3.3
2020,Arizona,Average mentally unhealthy days among adults,Overall,Overall,3.2
2020,Colorado,Depression among adults,Overall,Overall,18.6
2020,District of Columbia,Depression among adults,Race/Ethnicity,"Asian, non-Hispanic",21.4
2020,California,Average mentally unhealthy days among adults,Age,Age >=65,2.8
2020,Florida,Average mentally unhealthy days among adults,Sex,Female,1.9
2020,Delaware,Average mentally unhealthy days among adults,Race/Ethnicity,"Black, non-Hispanic",2.6
2020,Florida,Depression among adults,Race/Ethnicity,Hispanic,11.5
2020,Georgia,Postpartum depressive symptoms among women with a recent live birth,Race/Ethnicity,Hispanic,8.7
2020,Georgia,Depression among adults,Overall,Overall,17.2
2020,Connecticut,Frequent mental distress among adults,Race/Ethnicity,"Multiracial, non-Hispanic",18.4
2020,Connecticut,Average mentally unhealthy days among adults,Age,Age >=65,2.9
2020,Florida,Frequent mental distress among adults,Race/Ethnicity,"Multiracial, non-Hispanic",20.2
2020,Arkansas,Depression among adults,Sex,Female,31.4
2020,Alabama,Frequent mental distress among adults,Race/Ethnicity,"Multiracial, non-Hispanic",16.5
2020,Alaska,Average mentally unhealthy days among adults,Sex,Female,3.5
2020,California,Depression among adults,Race/Ethnicity,Hispanic,12.2
2020,Arkansas,Depression among adults,Age,Age 45-64,25.6
2020,Alabama,Postpartum depressive symptoms among women with a recent live birth,Race/Ethnicity,"White, non-Hispanic",21.3
2020,Delaware,Depression among adults,Overall,Overall,15.6
2020,Georgia,Frequent mental distress among adults,Overall,Overall,14.3
2020,Alaska,Frequent mental distress among adults,Race/Ethnicity,"Multiracial, non-Hispanic",12.6
2020,Alaska,Depression among adults,Race/Ethnicity,"White, non-Hispanic",16.7
2020,Arizona,Average mentally unhealthy days among adults,Race/Ethnicity,"White, non-Hispanic",3.1
2020,Delaware,Average mentally unhealthy days among adults,Sex,Male,2.2
2020,Arizona,Depression among adults,Race/Ethnicity,"Black, non-Hispanic",12.9
2020,California,Average mentally unhealthy days among adults,Overall,Overall,4.0
2020,District of Columbia,Average mentally unhealthy days among adults,Sex,Female,2.2
2020,Arizona,Average mentally unhealthy days among adults,Sex,Female,2.8
2020,Colorado,Average mentally unhealthy days among adults,Sex,Female,3.4
2020,Connecticut,Depression among adults,Race/Ethnicity,"Multiracial, non-Hispanic",19.7
2020,California,Average mentally unhealthy days among adults,Sex,Male,3.7
2020,Alaska,Depression among adults,Race/Ethnicity,"White, non-Hispanic",16.7
2020,Georgia,Average mentally unhealthy days among adults,Race/Ethnicity,"White, non-Hispanic",3.5
2020,Arizona,Frequent mental distress among adults,Race/Ethnicity,Hispanic,11.3
2020,District of Columbia,Frequent mental distress among adults,Race/Ethnicity,"White, non-Hispanic",11.5
2020,District of Columbia,Frequent mental distress among adults,Race/Ethnicity,Hispanic,16.1
2020,Arkansas,Average mentally unhealthy days among adults,Overall,Overall,2.3
2020,California,Frequent mental distress among adults,Race/Ethnicity,"Black, non-Hispanic",12.3
2020,Colorado,Frequent mental distress among adults,Race/Ethnicity,"White, non-Hispanic",12.8
2020,Connecticut,Average mentally unhealthy days among adults,Sex,Male,3.0
2020,Arkansas,Average mentally unhealthy days among adults,Race/Ethnicity,"White, non-Hispanic",2.4
2020,Georgia,Frequent mental distress among adults,Race/Ethnicity,"White, non-Hispanic",15.1
2020,Alabama,Frequent mental distress among adults,Sex,Female,19.9
2020,Alabama,Depression among adults,Age,Age 18-44,24.0
2020,Guam,Depression among adults,Sex,Female,10.7
2020,Guam,Average mentally unhealthy days among adults,Overall,Overall,3.8
2020,Delaware,Postpartum depressive symptoms among women with a recent live birth,Race/Ethnicity,"Asian, non-Hispanic",19.5
2020,Connecticut,Frequent mental distress among adults,Sex,Male,10.9
2020,Georgia,Depression among adults,Overall,Overall,17.5
2020,District of Columbia,Depression among adults,Sex,Female,24.1
2020,California,Depression among adults,Sex,Female,18.8
2020,Florida,Depression among adults,Race/Ethnicity,"Black, non-Hispanic",11.6
2020,Connecticut,Depression among adults,Sex,Female,22.8
2020,Georgia,Depression among adults,Race/Ethnicity,"Multiracial, non-Hispanic",18.1
2020,Colorado,Depression among adults,Sex,Male,12.7
2020,Florida,Average mentally unhealthy days among adults,Overall,Overall,1.7
2020,Georgia,Average mentally unhealthy days among adults,Race/Ethnicity,"Black, non-Hispanic",2.2
2020,Colorado,Frequent mental distress among adults,Sex,Female,17.1
2020,Florida,Depression among adults,Sex,Female,19.2
2020,Connecticut,Frequent mental distress among adults,Sex,Female,15.2
2020,Georgia,Frequent mental distress among adults,Sex,Male,12.2
2020,California,Depression among adults,Age,Age >=65,12.4
2020,Georgia,Average mentally unhealthy days among adults,Sex,Male,2.6
2020,Connecticut,Frequent mental distress among adults,Age,Age 45-64,10.8
2020,California,Frequent mental distress among adults,Race/Ethnicity,"Black, non-Hispanic",12.0
2020,Delaware,Frequent mental distress among adults,Overall,Overall,12.3
2020,Alaska,Depression among adults,Race/Ethnicity,"Multiracial, non-Hispanic",19.9
2020,Arizona,Average mentally unhealthy days among adults,Race/Ethnicity,Hispanic,3.0
2020,Arizona,Frequent mental distress among adults,Age,Age >=65,7.3
2020,California,Frequent mental distress among adults,Race/Ethnicity,"Multiracial, non-Hispanic",20.0
2020,Alaska,Postpartum depressive symptoms among women with a recent live birth,Race/Ethnicity,"Multiracial, non-Hispanic",19.1
2020,Arizona,Frequent mental distress among adults,Race/Ethnicity,"American Indian or Alaska Native, non-Hispanic",13.9
2020,Delaware,Depression among adults,Sex,Female,20.7
2020,Kansas,Depression among adults,Overall,Overall,19.2
2020,District of Columbia,Frequent mental distress among adults,Sex,Male,11.0
2020,Arizona,Depression among adults,Sex,Male,13.1
2020,Delaware,Average mentally unhealthy days among adults,Sex,Male,2.3
2020,Arizona,Frequent mental distress among adults,Race/Ethnicity,"White, non-Hispanic",14.4
2020,Arkansas,Frequent mental distress among adults,Sex,Female,21.3
2020,Alaska,Frequent mental distress among adults,Sex,Male,7.1
2020,Connecticut,Depression among adults,Overall,Overall,18.4
2020,Alaska,Depression among adults,Age,Age 45-64,16.9
2020,Georgia,Depression among adults,Age,Age >=65,13.1
2020,District of Columbia,Depression among adults,Overall,Overall,19.9
2020,Delaware,Depression among adults,Age,Age 45-64,16.3
2020,Arkansas,Depression among adults,Sex,Female,32.6
2020,Alabama,Frequent mental distress among adults,Age,Age 45-64,15.1
2020,District of Columbia,Depression among adults,Race/Ethnicity,"Multiracial, non-Hispanic",28.3
2020,Georgia,Depression among adults,Sex,Male,12.3
2020,Arizona,Depression among adults,Age,Age 45-64,18.1
2020,Colorado,Frequent mental distress among adults,Overall,Overall,13.1
2020,Connecticut,Average mentally unhealthy days among adults,Race/Ethnicity,"Black, non-Hispanic",3.2
2020,Florida,Postpartum depressive symptoms among women with a recent live birth,Overall,Overall,15.7
2020,Delaware,Frequent mental distress among adults,Sex,Male,10.5
2020,Georgia,Average mentally unhealthy days among adults,Sex,Female,2.7
2020,California,Depression among adults,Race/Ethnicity,"Black, non-Hispanic",19.1
2020,Arkansas,Frequent mental distress among adults,Race/Ethnicity,"Multiracial, non-Hispanic",31.8
2020,Florida,Frequent mental distress among adults,Sex,Female,14.8
2020,Connecticut,Average mentally unhealthy days among adults,Race/Ethnicity,Hispanic,2.4
2020,Arkansas,Frequent mental distress among adults,Age,Age 18-44,23.6
2020,Colorado,Frequent mental distress among adults,Race/Ethnicity,"Black, non-Hispanic",18.3
2020,California,Average mentally unhealthy days among adults,Race/Ethnicity,"White, non-Hispanic",4.3
2020,Colorado,Depression among adults,Race/Ethnicity,"Black, non-Hispanic",18.1
2020,Connecticut,Depression among adults,Race/Ethnicity,"Black, non-Hispanic",11.7
2020,Delaware,Postpartum depressive symptoms among women with a recent live birth,Race/Ethnicity,"White, non-Hispanic",12.5
2020,Alabama,Depression among adults,Race/Ethnicity,"Black, non-Hispanic",21.5
2020,Alaska,Postpartum depressive symptoms among women with a recent live birth,Race/Ethnicity,"Asian, non-Hispanic",16.0
2020,District of Columbia,Frequent mental distress among adults,Overall,Overall,14.4
2020,Alaska,Frequent mental distress among adults,Race/Ethnicity,"White, non-Hispanic",10.1
2020,Alabama,Average mentally unhealthy days among adults,Race/Ethnicity,"Black, non-Hispanic",2.2
2020,District of Columbia,Frequent mental distress among adults,Race/Ethnicity,"Black, non-Hispanic",16.7
2020,Florida,Average mentally unhealthy days among adults,Sex,Female,1.8
2020,Florida,Depression among adults,Age,Age 18-44,16.2
2020,Georgia,Average mentally unhealthy days among adults,Race/Ethnicity,"White, non-Hispanic",3.1
2020,Arizona,Frequent mental distress among adults,Race/Ethnicity,Hispanic,11.7
2020,Delaware,Average mentally unhealthy days among adults,Sex,Female,3.4
2020,Arkansas,Depression among adults,Race/Ethnicity,"Multiracial, non-Hispanic",34.2
2020,Arizona,Depression among adults,Age,Age >=65,13.2
2020,Arizona,Frequent mental distress among adults,Overall,Overall,14.0
2020,Florida,Frequent mental distress among adults,Race/Ethnicity,"White, non-Hispanic",15.0
2020,Alabama,Average mentally unhealthy days among adults,Age,Age >=65,1.4
2020,Delaware,Depression among adults,Sex,Male,10.9
2020,Georgia,Frequent mental distress among adults,Age,Age 45-64,13.1
2020,Arizona,Depression among adults,Race/Ethnicity,"Multiracial, non-Hispanic",17.9
2020,District of Columbia,Frequent mental distress among adults,Sex,Female,17.3
2020,Colorado,Frequent mental distress among adults,Age,Age >=65,6.4
2020,Arizona,Postpartum depressive symptoms among women with a recent live birth,Race/Ethnicity,"Black, non-Hispanic",17.3
2020,Alabama,Postpartum depressive symptoms among women with a recent live birth,Race/Ethnicity,"Black, non-Hispanic",20.5
2020,Alabama,Depression among adults,Overall,Overall,24.0
2020,Georgia,Frequent mental distress among adults,Race/Ethnicity,Hispanic,13.2
2020,Delaware,Average mentally unhealthy days among adults,Age,Age 45-64,4.1
2020,Arkansas,Average mentally unhealthy days among adults,Overall,Overall,2.3
2020,Alabama,Frequent mental distress among adults,Overall,Overall,15.8
2020,California,Average mentally unhealthy days among adults,Sex,Male,3.7
2020,District of Columbia,Average mentally unhealthy days among adults,Age,Age >=65,2.3
2020,Arkansas,Average mentally unhealthy days among adults,Sex,Female,2.4
2020,California,Depression among adults,Race/Ethnicity,Hispanic,12.4
2020,Connecticut,Average mentally unhealthy days among adults,Sex,Male,2.9
2020,Florida,Postpartum depressive symptoms among women with a recent live birth,Race/Ethnicity,"White, non-Hispanic",12.3
2020,Georgia,Average mentally unhealthy days among adults,Overall,Overall,2.6
2020,Connecticut,Depression among adults,Sex,Male,12.6
2020,District of Columbia,Frequent mental distress among adults,Age,Age >=65,10.3
2020,Colorado,Average mentally unhealthy days among adults,Age,Age 45-64,3.4
2020,District of Columbia,Depression among adults,Race/Ethnicity,"Asian, non-Hispanic",16.5
2020,Florida,Frequent mental distress among adults,Age,Age >=65,8.6
2020,Colorado,Depression among adults,Sex,Female,24.2
2020,District of Columbia,Frequent mental distress among adults,Race/Ethnicity,Hispanic,13.2
2020,Colorado,Frequent mental distress among adults,Race/Ethnicity,"Asian, non-Hispanic",4.8
2020,Alabama,Depression among adults,Sex,Female,30.3
2020,Delaware,Frequent mental distress among adults,Race/Ethnicity,"Multiracial, non-Hispanic",30.1
2020,California,Depression among adults,Race/Ethnicity,"Asian, non-Hispanic",5.2
2020,Alaska,Average mentally unhealthy days among adults,Sex,Female,3.4
2020,Connecticut,Depression among adults,Race/Ethnicity,"Multiracial, non-Hispanic",19.2
2020,Alaska,Depression among adults,Age,Age 18-44,17.1
2020,District of Columbia,Postpartum depressive symptoms among women with a recent live birth,Overall,Overall,12.8
2020,Alaska,Depression among adults,Sex,Female,22.6
2020,Delaware,Postpartum depressive symptoms among women with a recent live birth,Race/Ethnicity,"Black, non-Hispanic",9.6
2020,Arizona,Average mentally unhealthy days among adults,Race/Ethnicity,"White, non-Hispanic",3.2
2020,Alabama,Frequent mental distress among adults,Race/Ethnicity,"Black, non-Hispanic",16.7
2020,Delaware,Frequent mental distress among adults,Age,Age >=65,6.5
2020,Alabama,Average mentally unhealthy days among adults,Race/Ethnicity,"White, non-Hispanic",2.4
2020,Colorado,Average mentally unhealthy days among adults,Sex,Male,3.5
2020,California,Frequent mental distress among adults,Race/Ethnicity,"White, non-Hispanic",13.4
2020,Alabama,Depression among adults,Race/Ethnicity,"Multiracial, non-Hispanic",28.9
2020,Alaska,Average mentally unhealthy days among adults,Race/Ethnicity,"White, non-Hispanic",3.1
2020,Arizona,Average mentally unhealthy days among adults,Age,Age 45-64,3.3
2020,California,Frequent mental distress among adults,Overall,Overall,12.7
2020,Arizona,Depression among adults,Sex,Male,13.3
2020,District of Columbia,Average mentally unhealthy days among adults,Overall,Overall,2.6
2020,District of Columbia,Depression among adults,Race/Ethnicity,Hispanic,13.5
2020,Alaska,Average mentally unhealthy days among adults,Overall,Overall,2.8
2020,Alabama,Frequent mental distress among adults,Race/Ethnicity,Hispanic,10.2
2020,Arkansas,Depression among adults,Overall,Overall,24.0
2020,California,Depression among adults,Race/Ethnicity,"White, non-Hispanic",19.5
2020,Georgia,Frequent mental distress among adults,Race/Ethnicity,"White, non-Hispanic",16.5
2020,Connecticut,Frequent mental distress among adults,Race/Ethnicity,"Multiracial, non-Hispanic",18.9
2020,Guam,Depression among adults,Overall,Overall,9.5
2020,California,Depression among adults,Age,Age 18-44,15.0
2020,Alaska,Average mentally unhealthy days among adults,Age,Age 45-64,2.3
2020,District of Columbia,Average mentally unhealthy days among adults,Sex,Female,2.3
2020,District of Columbia,Depression among adults,Race/Ethnicity,"White, non-Hispanic",22.6
2020,Colorado,Depression among adults,Age,Age 18-44,20.8
2020,Colorado,Depression among adults,Race/Ethnicity,"Multiracial, non-Hispanic",27.0
2020,Delaware,Depression among adults,Race/Ethnicity,"Black, non-Hispanic",11.8
2020,Alabama,Frequent mental distress among adults,Sex,Male,11.3
2020,Arizona,Average mentally unhealthy days among adults,Sex,Female,2.9
2020,District of Columbia,Average mentally unhealthy days among adults,Race/Ethnicity,"Black, non-Hispanic",1.4
2020,Colorado,Depression among adults,Sex,Male,12.7
2020,Delaware,Average mentally unhealthy days among adults,Sex,Female,3.5
2020,Alaska,Frequent mental distress among adults,Race/Ethnicity,"White, non-Hispanic",10.0
2020,California,Frequent mental distress among adults,Race/Ethnicity,"Asian, non-Hispanic",4.7
2020,Colorado,Frequent mental distress among adults,Overall,Overall,12.8
2020,Arizona,Average mentally unhealthy days among adults,Race/Ethnicity,Hispanic,3.0
2020,California,Frequent mental distress among adults,Race/Ethnicity,Hispanic,15.1
2020,Alabama,Postpartum depressive symptoms among women with a recent live birth,Overall,Overall,20.8
2020,Alaska,Depression among adults,Race/Ethnicity,"American Indian or Alaska Native, non-Hispanic",12.7
2020,Florida,Frequent mental distress among adults,Race/Ethnicity,"Multiracial, non-Hispanic",20.7
2020,Colorado,Frequent mental distress among adults,Sex,Male,9.2
2020,Alabama,Average mentally unhealthy days among adults,Sex,Female,3.1
2020,Arizona,Depression among adults,Race/Ethnicity,"American Indian or Alaska Native, non-Hispanic",15.6
2020,Delaware,Depression among adults,Race/Ethnicity,Hispanic,11.2
2020,Connecticut,Postpartum depressive symptoms among women with a recent live birth,Race/Ethnicity,"White, non-Hispanic",8.1
2020,Delaware,Frequent mental distress among adults,Sex,Female,14.3
2020,Arkansas,Depression among adults,Race/Ethnicity,"American Indian or Alaska Native, non-Hispanic",24.0
2020,California,Depression among adults,Race/Ethnicity,"Black, non-Hispanic",18.9
2020,Delaware,Frequent mental distress among adults,Overall,Overall,13.0
2020,Delaware,Average mentally unhealthy days among adults,Race/Ethnicity,"Black, non-Hispanic",2.8
2020,Arizona,Frequent mental distress among adults,Sex,Male,11.3
2020,Arkansas,Postpartum depressive symptoms among women with a recent live birth,Overall,Overall,23.2
2020,Delaware,Depression among adults,Sex,Female,19.9
2020,Georgia,Depression among adults,Sex,Female,21.7
2020,District of Columbia,Frequent mental distress among adults,Age,Age 18-44,16.3
2020,Arizona,Postpartum depressive symptoms among women with a recent live birth,Race/Ethnicity,"Asian, non-Hispanic",11.2
2020,Alaska,Frequent mental distress among adults,Race/Ethnicity,"American Indian or Alaska Native, non-Hispanic",11.7
2020,Florida,Average mentally unhealthy days among adults,Age,Age 45-64,1.9
2020,Arkansas,Frequent mental distress among adults,Sex,Male,14.1
2020,Florida,Depression among adults,Sex,Male,9.8
2020,Connecticut,Frequent mental distress among adults,Sex,Female,14.1
2020,Georgia,Frequent mental distress among adults,Sex,Male,12.5
2020,Alabama,Depression among adults,Age,Age >=65,18.3
2020,Georgia,Depression among adults,Age,Age 18-44,19.0
2020,Guam,Depression among adults,Race/Ethnicity,"White, non-Hispanic",11.9
2020,Connecticut,Frequent mental distress among adults,Sex,Male,11.5
2020,District of Columbia,Depression among adults,Sex,Male,15.2
2020,Florida,Frequent mental distress among adults,Overall,Overall,12.3
2020,Arizona,Frequent mental distress among adults,Age,Age 18-44,16.7
2020,Arkansas,Average mentally unhealthy days among adults,Sex,Male,2.3
2020,Florida,Frequent mental distress among adults,Sex,Female,15.6
2020,California,Average mentally unhealthy days among adults,Race/Ethnicity,"White, non-Hispanic",4.0
2020,Alaska,Postpartum depressive symptoms among women with a recent live birth,Race/Ethnicity,Hispanic,14.1
2020,Colorado,Depression among adults,Race/Ethnicity,"American Indian or Alaska Native, non-Hispanic",27.2
2020,Alaska,Postpartum depressive symptoms among women with a recent live birth,Race/Ethnicity,"American Indian or Alaska Native, non-Hispanic",17.5
2020,Colorado,Postpartum depressive symptoms among women with a recent live birth,Race/Ethnicity,"Asian, non-Hispanic",19.0
2020,Florida,Depression among adults,Race/Ethnicity,"Multiracial, non-Hispanic",31.8
2020,Georgia,Depression among adults,Race/Ethnicity,"Multiracial, non-Hispanic",18.3
2020,Arizona,Frequent mental distress among adults,Race/Ethnicity,"White, non-Hispanic",16.6
2020,Alaska,Frequent mental distress among adults,Sex,Male,7.0
2020,Alabama,Average mentally unhealthy days among adults,Race/Ethnicity,"Black, non-Hispanic",2.1
2020,Colorado,Frequent mental distress among adults,Race/Ethnicity,"Multiracial, non-Hispanic",17.0
2020,Colorado,Average mentally unhealthy days among adults,Race/Ethnicity,Hispanic,3.2
2020,Alabama,Frequent mental distress among adults,Race/Ethnicity,"White, non-Hispanic",16.7
2020,Georgia,Average mentally unhealthy days among adults,Sex,Male,2.5
2020,District of Columbia,Depression among adults,Race/Ethnicity,"Black, non-Hispanic",18.2
2020,Arizona,Postpartum depressive symptoms among women with a recent live birth,Race/Ethnicity,"White, non-Hispanic",12.0
2020,Arizona,Frequent mental distress among adults,Race/Ethnicity,"American Indian or Alaska Native, non-Hispanic",13.9
2020,Colorado,Average mentally unhealthy days among adults,Race/Ethnicity,Hispanic,3.2
2020,Alabama,Frequent mental distress among adults,Age,Age 18-44,19.6
2020,District of Columbia,Postpartum depressive symptoms among women with a recent live birth,Race/Ethnicity,"White, non-Hispanic",6.4
2020,Connecticut,Depression among adults,Race/Ethnicity,"Black, non-Hispanic",12.0
2020,Georgia,Average mentally unhealthy days among adults,Overall,Overall,2.7
2020,Arkansas,Average mentally unhealthy days among adults,Age,Age >=65,2.0
2020,Alabama,Frequent mental distress among adults,Sex,Male,11.7
2020,Florida,Depression among adults,Race/Ethnicity,"White, non-Hispanic",18.6
2020,Georgia,Postpartum depressive symptoms among women with a recent live birth,Race/Ethnicity,"White, non-Hispanic",7.4
2020,Connecticut,Frequent mental distress among adults,Overall,Overall,12.6
2020,District of Columbia,Depression among adults,Overall,Overall,19.8
2020,Guam,Depression among adults,Race/Ethnicity,"Hawaiian or Pacific Islander, non-Hispanic",10.6
2020,Arkansas,Frequent mental distress among adults,Race/Ethnicity,"White, non-Hispanic",17.2
2020,Alaska,Depression among adults,Race/Ethnicity,"Multiracial, non-Hispanic",18.0
2020,Delaware,Depression among adults,Age,Age 18-44,17.0
2020,Arkansas,Frequent mental distress among adults,Age,Age 45-64,16.0
2020,Connecticut,Postpartum depressive symptoms among women with a recent live birth,Race/Ethnicity,"Asian, non-Hispanic",18.1
2020,Alaska,Frequent mental distress among adults,Age,Age 45-64,10.0
2020,Florida,Postpartum depressive symptoms among women with a recent live birth,Race/Ethnicity,"Multiracial, non-Hispanic",11.6
2020,California,Depression among adults,Age,Age 45-64,13.8
2020,Delaware,Depression among adults,Race/Ethnicity,"White, non-Hispanic",17.8
2020,Connecticut,Frequent mental distress among adults,Age,Age >=65,6.3
2020,Alaska,Depression among adults,Sex,Female,23.0
2020,Arkansas,Frequent mental distress among adults,Race/Ethnicity,"White, non-Hispanic",18.9
2020,Alaska,Depression among adults,Race/Ethnicity,Hispanic,21.7
2020,Colorado,Average mentally unhealthy days among adults,Race/Ethnicity,"White, non-Hispanic",3.7
2020,District of Columbia,Average mentally unhealthy days among adults,Sex,Male,3.1
2020,Arizona,Average mentally unhealthy days among adults,Sex,Male,3.5
2020,Georgia,Average mentally unhealthy days among adults,Sex,Female,2.8
2020,Arkansas,Average mentally unhealthy days among adults,Age,Age 18-44,2.2
2020,Arizona,Frequent mental distress among adults,Race/Ethnicity,"Multiracial, non-Hispanic",14.4
2020,California,Frequent mental distress among adults,Age,Age >=65,9.1
2020,Alabama,Frequent mental distress among adults,Race/Ethnicity,"American Indian or Alaska Native, non-Hispanic",26.8
2020,District of Columbia,Frequent mental distress among adults,Sex,Female,17.5
2020,Florida,Depression among adults,Overall,Overall,14.7
2020,District of Columbia,Frequent mental distress among adults,Race/Ethnicity,"Multiracial, non-Hispanic",15.6
2020,Arizona,Depression among adults,Race/Ethnicity,"Multiracial, non-Hispanic",19.1
2020,Arizona,Frequent mental distress among adults,Overall,Overall,13.5
2020,Arkansas,Average mentally unhealthy days among adults,Sex,Female,2.3
2020,Colorado,Frequent mental distress among adults,Race/Ethnicity,"Multiracial, non-Hispanic",16.4
2020,Arizona,Frequent mental distress among adults,Sex,Female,15.9
2020,Guam,Depression among adults,Sex,Male,7.2
2020,Connecticut,Depression among adults,Sex,Male,12.2
2020,Georgia,Average mentally unhealthy days among adults,Age,Age >=65,2.3
2020,Georgia,Depression among adults,Race/Ethnicity,"Black, non-Hispanic",12.6
2020,District of Columbia,Depression among adults,Age,Age 45-64,20.5
2020,Delaware,Depression among adults,Age,Age >=65,12.3
2020,Alaska,Postpartum depressive symptoms among women with a recent live birth,Race/Ethnicity,"White, non-Hispanic",10.8
2020,California,Frequent mental distress among adults,Sex,Male,11.2
2020,Georgia,Postpartum depressive symptoms among women with a recent live birth,Overall,Overall,8.6
2020,Florida,Average mentally unhealthy days among adults,Race/Ethnicity,"White, non-Hispanic",2.1
2020,Arkansas,Depression among adults,Race/Ethnicity,"White, non-Hispanic",26.7
2020,Connecticut,Frequent mental distress among adults,Race/Ethnicity,Hispanic,14.9
2020,District of Columbia,Depression among adults,Race/Ethnicity,Hispanic,14.3
2020,Delaware,Average mentally unhealthy days among adults,Race/Ethnicity,"White, non-Hispanic",2.9
2020,Alaska,Average mentally unhealthy days among adults,Sex,Male,2.2
2020,California,Depression among adults,Race/Ethnicity,"Multiracial, non-Hispanic",30.9
2020,Arizona,Depression among adults,Age,Age 18-44,19.1
2020,Arkansas,Depression among adults,Age,Age >=65,17.0
2020,Georgia,Frequent mental distress among adults,Age,Age 18-44,17.5
2020,Connecticut,Average mentally unhealthy days among adults,Sex,Female,3.5
2020,Alabama,Frequent mental distress among adults,Race/Ethnicity,"Black, non-Hispanic",16.7
2020,Georgia,Depression among adults,Race/Ethnicity,Hispanic,9.7
2020,Delaware,Frequent mental distress among adults,Age,Age 18-44,15.2
2020,Arizona,Frequent mental distress among adults,Race/Ethnicity,"Black, non-Hispanic",18.9
2020,Colorado,Frequent mental distress among adults,Age,Age 18-44,16.1
2020,Delaware,Depression among adults,Race/Ethnicity,"Black, non-Hispanic",11.7
2020,Arkansas,Postpartum depressive symptoms among women with a recent live birth,Race/Ethnicity,Hispanic,15.6
2020,California,Frequent mental distress among adults,Race/Ethnicity,"White, non-Hispanic",14.8
2020,Alabama,Average mentally unhealthy days among adults,Race/Ethnicity,"White, non-Hispanic",2.5
2020,Colorado,Depression among adults,Race/Ethnicity,"Multiracial, non-Hispanic",25.5
2020,Alabama,Depression among adults,Overall,Overall,23.5
2020,Connecticut,Depression among adults,Race/Ethnicity,"White, non-Hispanic",21.0
2020,Arizona,Average mentally unhealthy days among adults,Age,Age 18-44,3.2
2020,Arizona,Depression among adults,Sex,Female,21.9
2020,California,Frequent mental distress among adults,Overall,Overall,12.7
2020,District of Columbia,Average mentally unhealthy days among adults,Race/Ethnicity,"White, non-Hispanic",3.9
2020,Florida,Average mentally unhealthy days among adults,Age,Age >=65,1.5
2020,Alaska,Depression among adults,Age,Age >=65,10.4
2020,Alaska,Average mentally unhealthy days among adults,Overall,Overall,2.8
2020,Colorado,Average mentally unhealthy days among adults,Age,Age 18-44,3.6
2020,Georgia,Frequent mental distress among adults,Sex,Female,16.2
2020,Delaware,Frequent mental distress among adults,Race/Ethnicity,Hispanic,8.7
2020,Delaware,Postpartum depressive symptoms among women with a recent live birth,Overall,Overall,10.6
2020,Guam,Depression among adults,Race/Ethnicity,"White, non-Hispanic",12.1
2020,Connecticut,Average mentally unhealthy days among adults,Age,Age 45-64,3.4
2020,Arizona,Depression among adults,Race/Ethnicity,"American Indian or Alaska Native, non-Hispanic",15.5
2020,Alabama,Average mentally unhealthy days among adults,Overall,Overall,2.3
2020,Colorado,Depression among adults,Age,Age 45-64,17.6
2020,Florida,Postpartum depressive symptoms among women with a recent live birth,Race/Ethnicity,"Black, non-Hispanic",15.9
2020,Colorado,Average mentally unhealthy days among adults,Overall,Overall,3.5
2020,Alabama,Depression among adults,Race/Ethnicity,"White, non-Hispanic",25.1
2020,Florida,Average mentally unhealthy days among adults,Sex,Male,1.6
2020,Arkansas,Depression among adults,Race/Ethnicity,Hispanic,10.0
2020,Colorado,Depression among adults,Race/Ethnicity,"White, non-Hispanic",19.7
2020,Florida,Depression among adults,Sex,Male,10.1
2020,Arkansas,Average mentally unhealthy days among adults,Race/Ethnicity,"American Indian or Alaska Native, non-Hispanic",0.0
2020,Delaware,Frequent mental distress among adults,Race/Ethnicity,"Multiracial, non-Hispanic",23.7
2020,Florida,Frequent mental distress among adults,Race/Ethnicity,Hispanic,10.7
2020,California,Depression among adults,Sex,Female,18.6
2020,Alabama,Average mentally unhealthy days among adults,Age,Age 18-44,2.5
2020,Arkansas,Frequent mental distress among adults,Race/Ethnicity,"Black, non-Hispanic",18.6
2020,Florida,Frequent mental distress among adults,Overall,Overall,12.8
2020,Guam,Depression among adults,Race/Ethnicity,"Hawaiian or Pacific Islander, non-Hispanic",11.8
2020,Delaware,Frequent mental distress among adults,Sex,Female,15.3
2020,Alabama,Frequent mental distress among adults,Race/Ethnicity,"American Indian or Alaska Native, non-Hispanic",29.1
2020,Alaska,Frequent mental distress among adults,Age,Age 18-44,11.2
2020,Arkansas,Average mentally unhealthy days among adults,Sex,Male,2.3
2020,Florida,Average mentally unhealthy days among adults,Race/Ethnicity,"White, non-Hispanic",2.1
2020,Georgia,Frequent mental distress among adults,Race/Ethnicity,"Multiracial, non-Hispanic",14.7
2020,Alaska,Postpartum depressive symptoms among women with a recent live birth,Overall,Overall,13.8
2020,Connecticut,Depression among adults,Race/Ethnicity,Hispanic,18.9
2020,Alaska,Frequent mental distress among adults,Race/Ethnicity,"Multiracial, non-Hispanic",10.8
2020,District of Columbia,Frequent mental distress among adults,Age,Age 45-64,13.1
2020,Arizona,Postpartum depressive symptoms among women with a recent live birth,Race/Ethnicity,"American Indian or Alaska Native, non-Hispanic",25.6
2020,Alaska,Depression among adults,Overall,Overall,15.6
2020,California,Frequent mental distress among adults,Race/Ethnicity,"Asian, non-Hispanic",5.2
2020,Alabama,Depression among adults,Race/Ethnicity,"White, non-Hispanic",26.0
2020,Delaware,Frequent mental distress among adults,Race/Ethnicity,"Black, non-Hispanic",11.5
2020,District of Columbia,Average mentally unhealthy days among adults,Overall,Overall,2.6
2020,Colorado,Postpartum depressive symptoms among women with a recent live birth,Race/Ethnicity,Hispanic,14.7
2020,Florida,Frequent mental distress among adults,Race/Ethnicity,"Black, non-Hispanic",12.1
2020,Colorado,Average mentally unhealthy days among adults,Race/Ethnicity,"White, non-Hispanic",3.6
2020,Alabama,Average mentally unhealthy days among adults,Sex,Female,3.1
2020,Georgia,Depression among adults,Age,Age 45-64,17.0
2020,Arizona,Depression among adults,Race/Ethnicity,"Black, non-Hispanic",12.7
2020,Alabama,Frequent mental distress among adults,Race/Ethnicity,"White, non-Hispanic",15.4
2020,Connecticut,Postpartum depressive symptoms among women with a recent live birth,Race/Ethnicity,"Multiracial, non-Hispanic",21.2
2020,Colorado,Frequent mental distress among adults,Sex,Male,9.3
2020,District of Columbia,Depression among adults,Race/Ethnicity,"White, non-Hispanic",22.3
2020,Arkansas,Depression among adults,Sex,Male,15.1
2020,Guam,Depression among adults,Age,Age 45-64,9.7
2020,Colorado,Depression among adults,Race/Ethnicity,"American Indian or Alaska Native, non-Hispanic",28.9
2020,Guam,Depression among adults,Race/Ethnicity,"Asian, non-Hispanic",5.5
2020,California,Depression among adults,Sex,Male,9.4
2020,Georgia,Depression among adults,Race/Ethnicity,"White, non-Hispanic",21.2
2020,California,Frequent mental distress among adults,Race/Ethnicity,Hispanic,15.1
2020,Arizona,Depression among adults,Overall,Overall,17.4
2020,Colorado,Frequent mental distress among adults,Race/Ethnicity,"American Indian or Alaska Native, non-Hispanic",25.8
2020,Florida,Depression among adults,Race/Ethnicity,"White, non-Hispanic",17.2
2020,California,Depression among adults,Race/Ethnicity,"Asian, non-Hispanic",5.2
2020,Alabama,Postpartum depressive symptoms among women with a recent live birth,Race/Ethnicity,Hispanic,12.4
2020,Arizona,Depression among adults,Sex,Female,21.5
2020,Arkansas,Frequent mental distress among adults,Race/Ethnicity,Hispanic,16.7
2020,Connecticut,Frequent mental distress among adults,Overall,Overall,13.4
2020,Arizona,Frequent mental distress among adults,Age,Age 45-64,13.6
2020,Alaska,Depression among adults,Race/Ethnicity,Hispanic,23.7
2020,Florida,Frequent mental distress among adults,Sex,Male,10.0
2020,Alaska,Frequent mental distress among adults,Race/Ethnicity,"American Indian or Alaska Native, non-Hispanic",12.5
2020,Arkansas,Frequent mental distress among adults,Overall,Overall,18.6
2020,Arkansas,Depression among adults,Race/Ethnicity,"American Indian or Alaska Native, non-Hispanic",24.4
2020,Delaware,Average mentally unhealthy days among adults,Age,Age 18-44,2.2
2020,District of Columbia,Average mentally unhealthy days among adults,Race/Ethnicity,"Black, non-Hispanic",1.4
2020,Delaware,Depression among adults,Race/Ethnicity,"White, non-Hispanic",18.8
2020,California,Average mentally unhealthy days among adults,Race/Ethnicity,Hispanic,3.3
2020,Alaska,Frequent mental distress among adults,Sex,Female,13.0
2020,Arizona,Frequent mental distress among adults,Sex,Female,16.8
2020,Arkansas,Depression among adults,Race/Ethnicity,"Black, non-Hispanic",19.3
2020,Alabama,Depression among adults,Sex,Male,16.3
2020,California,Average mentally unhealthy days among adults,Overall,Overall,4.0
2020,District of Columbia,Depression among adults,Sex,Male,15.2
2020,Alabama,Frequent mental distress among adults,Race/Ethnicity,Hispanic,16.4
2020,District of Columbia,Depression among adults,Race/Ethnicity,"Black, non-Hispanic",18.4
2020,Georgia,Depression among adults,Race/Ethnicity,"American Indian or Alaska Native, non-Hispanic",25.2
2020,Georgia,Frequent mental distress among adults,Race/Ethnicity,"Black, non-Hispanic",13.9
2020,Connecticut,Postpartum depressive symptoms among women with a recent live birth,Race/Ethnicity,"Black, non-Hispanic",12.7
2020,Alabama,Frequent mental distress among adults,Age,Age >=65,9.6
2020,Guam,Depression among adults,Sex,Male,8.6
2020,Arizona,Frequent mental distress among adults,Sex,Male,11.0
2020,Colorado,Postpartum depressive symptoms among women with a recent live birth,Overall,Overall,11.6
2020,Connecticut,Frequent mental distress among adults,Race/Ethnicity,"White, non-Hispanic",12.5
2020,Connecticut,Depression among adults,Age,Age 18-44,21.4
2020,Florida,Depression among adults,Race/Ethnicity,"Multiracial, non-Hispanic",31.8
2020,Iowa,Depression among adults,Race/Ethnicity,Hispanic,15.3
2020,Hawaii,Depression among adults,Sex,Female,16.1
2020,Kansas,Depression among adults,Sex,Male,12.7
2020,Maryland,Postpartum depressive symptoms among women with a recent live birth,Overall,Overall,14.3
2020,Maryland,Frequent mental distress among adults,Race/Ethnicity,Hispanic,9.3
2020,Illinois,Depression among adults,Overall,Overall,14.9
2020,Hawaii,Frequent mental distress among adults,Race/Ethnicity,"Hawaiian or Pacific Islander, non-Hispanic",11.5
2020,Maine,Depression among adults,Age,Age 45-64,22.7
2020,Idaho,Depression among adults,Age,Age >=65,12.9
2020,Iowa,Depression among adults,Sex,Female,24.8
2020,Hawaii,Depression among adults,Race/Ethnicity,"Asian, non-Hispanic",8.2
2020,Louisiana,Depression among adults,Age,Age 45-64,23.5
2020,Maryland,Depression among adults,Overall,Overall,16.1
2020,Illinois,Depression among adults,Race/Ethnicity,"White, non-Hispanic",17.2
2020,Hawaii,Postpartum depressive symptoms among women with a recent live birth,Race/Ethnicity,"Multiracial, non-Hispanic",11.7
2020,Indiana,Depression among adults,Race/Ethnicity,Hispanic,17.1
2020,Illinois,Depression among adults,Sex,Female,18.0
2020,Maine,Frequent mental distress among adults,Sex,Male,9.4
2020,Maryland,Frequent mental distress among adults,Race/Ethnicity,"White, non-Hispanic",13.8
2020,Kansas,Frequent mental distress among adults,Age,Age >=65,7.1
2020,Maine,Postpartum depressive symptoms among women with a recent live birth,Overall,Overall,11.6
2020,Kentucky,Postpartum depressive symptoms among women with a recent live birth,Race/Ethnicity,"White, non-Hispanic",11.5
2020,Iowa,Depression among adults,Race/Ethnicity,"Black, non-Hispanic",14.7
2020,Idaho,Frequent mental distress among adults,Sex,Male,9.7
2020,Kentucky,Depression among adults,Race/Ethnicity,"Multiracial, non-Hispanic",43.8
2020,Louisiana,Average mentally unhealthy days among adults,Overall,Overall,2.3
2020,Kentucky,Depression among adults,Age,Age 45-64,26.6
2020,Indiana,Average mentally unhealthy days among adults,Race/Ethnicity,"White, non-Hispanic",2.4
2020,Hawaii,Average mentally unhealthy days among adults,Overall,Overall,2.9
2020,Louisiana,Frequent mental distress among adults,Age,Age >=65,9.6
2020,Maine,Average mentally unhealthy days among adults,Age,Age 45-64,3.1
2020,Louisiana,Frequent mental distress among adults,Sex,Male,15.2
2020,Hawaii,Depression among adults,Age,Age 45-64,13.6
2020,Guam,Frequent mental distress among adults,Overall,Overall,11.3
2020,Kentucky,Frequent mental distress among adults,Race/Ethnicity,"White, non-Hispanic",18.0
2020,Louisiana,Depression among adults,Race/Ethnicity,"Multiracial, non-Hispanic",40.6
2020,Kentucky,Frequent mental distress among adults,Age,Age >=65,10.3
2020,Maine,Frequent mental distress among adults,Race/Ethnicity,"Multiracial, non-Hispanic",20.7
2020,Idaho,Depression among adults,Sex,Male,12.7
2020,Maine,Frequent mental distress among adults,Age,Age 18-44,17.0
2020,Maryland,Depression among adults,Sex,Female,19.6
2020,Maryland,Depression among adults,Race/Ethnicity,"Asian, non-Hispanic",11.2
2020,Idaho,Frequent mental distress among adults,Age,Age 45-64,10.6
2020,Indiana,Frequent mental distress among adults,Race/Ethnicity,"Multiracial, non-Hispanic",19.6
2020,Hawaii,Average mentally unhealthy days among adults,Sex,Female,3.0
2020,Illinois,Frequent mental distress among adults,Age,Age 18-44,11.5
2020,Hawaii,Postpartum depressive symptoms among women with a recent live birth,Race/Ethnicity,"Asian, non-Hispanic",15.7
2020,Idaho,Depression among adults,Race/Ethnicity,"American Indian or Alaska Native, non-Hispanic",29.3
2020,Idaho,Frequent mental distress among adults,Race/Ethnicity,"White, non-Hispanic",12.6
2020,Hawaii,Frequent mental distress among adults,Race/Ethnicity,"White, non-Hispanic",11.2
2020,Louisiana,Frequent mental distress among adults,Race/Ethnicity,"American Indian or Alaska Native, non-Hispanic",37.0
2020,Kansas,Frequent mental distress among adults,Sex,Male,10.0
2020,Louisiana,Average mentally unhealthy days among adults,Age,Age >=65,2.2
2020,Illinois,Frequent mental distress among adults,Race/Ethnicity,Hispanic,10.8
2020,Maryland,Average mentally unhealthy days among adults,Race/Ethnicity,"Black, non-Hispanic",2.2
2020,Indiana,Average mentally unhealthy days among adults,Sex,Male,2.5
2020,Indiana,Average mentally unhealthy days among adults,Race/Ethnicity,"American Indian or Alaska Native, non-Hispanic",0.0
2020,Hawaii,Frequent mental distress among adults,Overall,Overall,10.7
2020,Guam,Frequent mental distress among adults,Race/Ethnicity,"White, non-Hispanic",12.4
2020,Maine,Depression among adults,Race/Ethnicity,"White, non-Hispanic",23.6
2020,Illinois,Postpartum depressive symptoms among women with a recent live birth,Race/Ethnicity,"Black, non-Hispanic",11.7
2020,Kansas,Frequent mental distress among adults,Sex,Female,18.8
2020,Guam,Frequent mental distress among adults,Race/Ethnicity,"Asian, non-Hispanic",5.5
2020,Louisiana,Postpartum depressive symptoms among women with a recent live birth,Race/Ethnicity,"Black, non-Hispanic",18.8
2020,Maine,Frequent mental distress among adults,Age,Age 45-64,11.4
2020,Idaho,Depression among adults,Race/Ethnicity,"White, non-Hispanic",18.8
2020,Maryland,Postpartum depressive symptoms among women with a recent live birth,Race/Ethnicity,Hispanic,9.2
2020,Louisiana,Average mentally unhealthy days among adults,Race/Ethnicity,"Multiracial, non-Hispanic",0.0
2020,Idaho,Frequent mental distress among adults,Race/Ethnicity,Hispanic,14.2
2020,Hawaii,Depression among adults,Sex,Female,15.8
2020,Maryland,Frequent mental distress among adults,Sex,Male,10.4
2020,Indiana,Frequent mental distress among adults,Sex,Female,19.8
2020,Iowa,Frequent mental distress among adults,Age,Age 18-44,17.1
2020,Illinois,Average mentally unhealthy days among adults,Sex,Female,2.6
2020,Kentucky,Frequent mental distress among adults,Age,Age 18-44,19.5
2020,Maine,Average mentally unhealthy days among adults,Age,Age >=65,1.8
2020,Guam,Frequent mental distress among adults,Race/Ethnicity,Hispanic,11.9
2020,Louisiana,Average mentally unhealthy days among adults,Race/Ethnicity,"Black, non-Hispanic",1.2
2020,Maine,Average mentally unhealthy days among adults,Sex,Male,2.8
2020,Hawaii,Frequent mental distress among adults,Sex,Male,8.8
2020,Maine,Depression among adults,Race/Ethnicity,Hispanic,26.7
2020,Indiana,Depression among adults,Race/Ethnicity,"Black, non-Hispanic",17.5
2020,Kansas,Depression among adults,Race/Ethnicity,Hispanic,14.7
2020,Illinois,Frequent mental distress among adults,Race/Ethnicity,"White, non-Hispanic",10.4
2020,Kentucky,Depression among adults,Race/Ethnicity,"Black, non-Hispanic",19.3
2020,Louisiana,Depression among adults,Race/Ethnicity,"Black, non-Hispanic",19.7
2020,Kentucky,Average mentally unhealthy days among adults,Race/Ethnicity,Hispanic,0.0
2020,Hawaii,Frequent mental distress among adults,Race/Ethnicity,"Asian, non-Hispanic",8.2
2020,Indiana,Frequent mental distress among adults,Age,Age 45-64,13.8
2020,Maryland,Depression among adults,Race/Ethnicity,Hispanic,8.6
2020,Guam,Frequent mental distress among adults,Sex,Male,7.1
2020,Kansas,Frequent mental distress among adults,Race/Ethnicity,"Multiracial, non-Hispanic",12.5
2020,Iowa,Frequent mental distress among adults,Sex,Female,17.3
2020,Kansas,Depression among adults,Age,Age >=65,12.8
2020,Idaho,Average mentally unhealthy days among adults,Race/Ethnicity,"White, non-Hispanic",3.0
2020,Kansas,Depression among adults,Race/Ethnicity,"White, non-Hispanic",20.7
2020,Idaho,Average mentally unhealthy days among adults,Age,Age >=65,2.6
2020,Iowa,Average mentally unhealthy days among adults,Overall,Overall,2.8
2020,Iowa,Postpartum depressive symptoms among women with a recent live birth,Overall,Overall,7.9
2020,Iowa,Depression among adults,Overall,Overall,17.4
2020,Hawaii,Depression among adults,Race/Ethnicity,"Hawaiian or Pacific Islander, non-Hispanic",10.8
2020,Louisiana,Average mentally unhealthy days among adults,Sex,Female,2.2
2020,Iowa,Average mentally unhealthy days among adults,Sex,Female,2.8
2020,Kansas,Average mentally unhealthy days among adults,Sex,Female,2.6
2020,Maryland,Depression among adults,Age,Age 18-44,18.9
2020,Kentucky,Average mentally unhealthy days among adults,Overall,Overall,2.5
2020,Indiana,Depression among adults,Race/Ethnicity,"White, non-Hispanic",24.0
2020,Maine,Average mentally unhealthy days among adults,Age,Age 18-44,3.2
2020,Hawaii,Average mentally unhealthy days among adults,Race/Ethnicity,Hispanic,3.1
2020,Maryland,Average mentally unhealthy days among adults,Age,Age 45-64,3.3
2020,Illinois,Average mentally unhealthy days among adults,Sex,Female,2.5
2020,Illinois,Postpartum depressive symptoms among women with a recent live birth,Overall,Overall,10.3
2020,Maryland,Average mentally unhealthy days among adults,Sex,Female,3.7
2020,Iowa,Frequent mental distress among adults,Race/Ethnicity,Hispanic,15.1
2020,Illinois,Depression among adults,Race/Ethnicity,Hispanic,15.6
2020,Indiana,Depression among adults,Race/Ethnicity,"American Indian or Alaska Native, non-Hispanic",30.8
2020,Hawaii,Postpartum depressive symptoms among women with a recent live birth,Race/Ethnicity,"White, non-Hispanic",7.4
2020,Iowa,Depression among adults,Overall,Overall,18.0
2020,Hawaii,Frequent mental distress among adults,Race/Ethnicity,"White, non-Hispanic",11.8
2020,Iowa,Frequent mental distress among adults,Overall,Overall,12.9
2020,Kentucky,Average mentally unhealthy days among adults,Race/Ethnicity,"White, non-Hispanic",2.3
2020,Maryland,Frequent mental distress among adults,Age,Age 45-64,10.5
2020,Kentucky,Frequent mental distress among adults,Overall,Overall,17.4
2020,Louisiana,Average mentally unhealthy days among adults,Overall,Overall,2.3
2020,Hawaii,Average mentally unhealthy days among adults,Overall,Overall,2.9
2020,Kansas,Average mentally unhealthy days among adults,Race/Ethnicity,"White, non-Hispanic",2.6
2020,Indiana,Average mentally unhealthy days among adults,Sex,Female,2.4
2020,Iowa,Postpartum depressive symptoms among women with a recent live birth,Race/Ethnicity,"White, non-Hispanic",6.6
2020,Maine,Depression among adults,Sex,Female,27.7
2020,Maine,Depression among adults,Sex,Male,16.0
2020,Idaho,Average mentally unhealthy days among adults,Sex,Male,2.5
2020,Illinois,Frequent mental distress among adults,Overall,Overall,10.0
2020,Maine,Frequent mental distress among adults,Sex,Female,15.7
2020,Louisiana,Depression among adults,Race/Ethnicity,"American Indian or Alaska Native, non-Hispanic",32.7
2020,Hawaii,Postpartum depressive symptoms among women with a recent live birth,Race/Ethnicity,Hispanic,15.2
2020,Maryland,Frequent mental distress among adults,Race/Ethnicity,"Asian, non-Hispanic",12.1
2020,Idaho,Frequent mental distress among adults,Sex,Male,9.5
2020,Illinois,Depression among adults,Race/Ethnicity,"White, non-Hispanic",16.2
2020,Idaho,Depression among adults,Race/Ethnicity,Hispanic,18.0
2020,Kansas,Depression among adults,Race/Ethnicity,"Multiracial, non-Hispanic",20.8
2020,Illinois,Frequent mental distress among adults,Sex,Female,11.2
2020,Maryland,Average mentally unhealthy days among adults,Race/Ethnicity,"Asian, non-Hispanic",4.1
2020,Hawaii,Average mentally unhealthy days among adults,Sex,Male,2.8
2020,Maryland,Frequent mental distress among adults,Overall,Overall,12.2
2020,Idaho,Depression among adults,Age,Age 18-44,22.0
2020,Illinois,Average mentally unhealthy days among adults,Race/Ethnicity,"White, non-Hispanic",2.2
2020,Indiana,Depression among adults,Age,Age 45-64,21.4
2020,Maryland,Depression among adults,Race/Ethnicity,"Asian, non-Hispanic",12.1
2020,Kentucky,Frequent mental distress among adults,Race/Ethnicity,"Black, non-Hispanic",12.0
2020,Hawaii,Depression among adults,Overall,Overall,12.7
2020,Guam,Frequent mental distress among adults,Sex,Male,7.2
2020,Hawaii,Average mentally unhealthy days among adults,Race/Ethnicity,"Multiracial, non-Hispanic",2.7
2020,Maryland,Frequent mental distress among adults,Sex,Female,14.7
2020,Kentucky,Average mentally unhealthy days among adults,Age,Age >=65,1.7
2020,Louisiana,Depression among adults,Race/Ethnicity,"White, non-Hispanic",25.1
2020,Kansas,Depression among adults,Race/Ethnicity,"American Indian or Alaska Native, non-Hispanic",26.3
2020,Kentucky,Depression among adults,Sex,Male,18.7
2020,Illinois,Depression among adults,Age,Age 45-64,16.6
2020,Illinois,Depression among adults,Sex,Female,18.5
2020,Hawaii,Frequent mental distress among adults,Race/Ethnicity,Hispanic,16.4
2020,Louisiana,Postpartum depressive symptoms among women with a recent live birth,Race/Ethnicity,"White, non-Hispanic",15.8
2020,Maryland,Depression among adults,Sex,Male,12.1
2020,Kentucky,Average mentally unhealthy days among adults,Sex,Male,2.1
2020,Idaho,Depression among adults,Race/Ethnicity,"White, non-Hispanic",19.5
2020,Louisiana,Frequent mental distress among adults,Sex,Male,14.6
2020,Iowa,Depression among adults,Race/Ethnicity,"Black, non-Hispanic",13.5
2020,Idaho,Depression among adults,Race/Ethnicity,"American Indian or Alaska Native, non-Hispanic",27.1
2020,Idaho,Frequent mental distress among adults,Overall,Overall,12.9
2020,Kansas,Postpartum depressive symptoms among women with a recent live birth,Race/Ethnicity,"Black, non-Hispanic",15.6
2020,Kansas,Depression among adults,Race/Ethnicity,"Black, non-Hispanic",17.2
2020,Indiana,Average mentally unhealthy days among adults,Race/Ethnicity,"American Indian or Alaska Native, non-Hispanic",0.0
2020,Hawaii,Depression among adults,Race/Ethnicity,"Asian, non-Hispanic",8.3
2020,Illinois,Frequent mental distress among adults,Age,Age 45-64,10.2
2020,Maine,Depression among adults,Race/Ethnicity,"Multiracial, non-Hispanic",27.1
2020,Indiana,Average mentally unhealthy days among adults,Age,Age >=65,2.1
2020,Indiana,Frequent mental distress among adults,Race/Ethnicity,Hispanic,15.8
2020,Hawaii,Average mentally unhealthy days among adults,Race/Ethnicity,"Asian, non-Hispanic",2.8
2020,Louisiana,Frequent mental distress among adults,Race/Ethnicity,"White, non-Hispanic",17.9
2020,Iowa,Depression among adults,Race/Ethnicity,"Multiracial, non-Hispanic",30.6
2020,Maine,Average mentally unhealthy days among adults,Sex,Female,3.2
2020,Idaho,Frequent mental distress among adults,Race/Ethnicity,"White, non-Hispanic",12.0
2020,Maryland,Frequent mental distress among adults,Race/Ethnicity,Hispanic,8.9
2020,Maine,Depression among adults,Age,Age 18-44,26.0
2020,Kentucky,Depression among adults,Age,Age 18-44,26.4
2020,Maryland,Depression among adults,Race/Ethnicity,"White, non-Hispanic",21.1
2020,Maryland,Average mentally unhealthy days among adults,Overall,Overall,3.1
2020,Iowa,Depression among adults,Age,Age >=65,10.5
2020,Indiana,Frequent mental distress among adults,Race/Ethnicity,"Black, non-Hispanic",14.2
2020,Maryland,Depression among adults,Overall,Overall,15.7
2020,Kansas,Frequent mental distress among adults,Overall,Overall,14.3
2020,Guam,Frequent mental distress among adults,Age,Age 45-64,14.4
2020,Kentucky,Frequent mental distress among adults,Sex,Male,13.7
2020,Louisiana,Depression among adults,Race/Ethnicity,Hispanic,25.4
2020,Louisiana,Frequent mental distress among adults,Overall,Overall,18.2
2020,Maine,Frequent mental distress among adults,Race/Ethnicity,"White, non-Hispanic",12.4
2020,Kansas,Frequent mental distress among adults,Race/Ethnicity,"Black, non-Hispanic",20.5
2020,Iowa,Depression among adults,Sex,Male,11.4
2020,Indiana,Frequent mental distress among adults,Race/Ethnicity,"White, non-Hispanic",16.5
2020,Kansas,Postpartum depressive symptoms among women with a recent live birth,Race/Ethnicity,"White, non-Hispanic",14.1
2020,Louisiana,Average mentally unhealthy days among adults,Sex,Male,2.5
2020,Hawaii,Depression among adults,Race/Ethnicity,"Hawaiian or Pacific Islander, non-Hispanic",10.4
2020,Illinois,Average mentally unhealthy days among adults,Sex,Male,2.1
2020,Kentucky,Average mentally unhealthy days among adults,Sex,Female,2.7
2020,Idaho,Average mentally unhealthy days among adults,Overall,Overall,2.9
2020,Indiana,Depression among adults,Sex,Female,27.7
2020,Hawaii,Average mentally unhealthy days among adults,Race/Ethnicity,"Hawaiian or Pacific Islander, non-Hispanic",3.2
2020,Kansas,Frequent mental distress among adults,Overall,Overall,14.0
2020,Illinois,Depression among adults,Race/Ethnicity,"Black, non-Hispanic",10.2
2020,Idaho,Average mentally unhealthy days among adults,Sex,Male,2.5
2020,Kansas,Postpartum depressive symptoms among women with a recent live birth,Race/Ethnicity,"Asian, non-Hispanic",22.6
2020,Maine,Depression among adults,Race/Ethnicity,"Multiracial, non-Hispanic",26.8
2020,Idaho,Frequent mental distress among adults,Race/Ethnicity,Hispanic,15.5
2020,Kentucky,Frequent mental distress among adults,Race/Ethnicity,"White, non-Hispanic",18.3
2020,Indiana,Frequent mental distress among adults,Race/Ethnicity,"American Indian or Alaska Native, non-Hispanic",21.7
2020,Maryland,Depression among adults,Race/Ethnicity,"Multiracial, non-Hispanic",23.8
2020,Louisiana,Frequent mental distress among adults,Race/Ethnicity,"Black, non-Hispanic",17.7
2020,Iowa,Frequent mental distress among adults,Age,Age >=65,6.6
2020,Hawaii,Depression among adults,Sex,Male,9.7
2020,Iowa,Frequent mental distress among adults,Overall,Overall,13.5
2020,Maryland,Frequent mental distress among adults,Age,Age 18-44,15.6
2020,Kansas,Frequent mental distress among adults,Race/Ethnicity,"White, non-Hispanic",14.1
2020,Indiana,Depression among adults,Race/Ethnicity,"Multiracial, non-Hispanic",29.8
2020,Illinois,Postpartum depressive symptoms among women with a recent live birth,Race/Ethnicity,"White, non-Hispanic",9.7
2020,Maryland,Postpartum depressive symptoms among women with a recent live birth,Race/Ethnicity,"White, non-Hispanic",8.8
2020,Maine,Frequent mental distress among adults,Race/Ethnicity,Hispanic,17.8
2020,Hawaii,Frequent mental distress among adults,Sex,Male,9.0
2020,Iowa,Average mentally unhealthy days among adults,Age,Age 45-64,2.6
2020,Iowa,Frequent mental distress among adults,Race/Ethnicity,"White, non-Hispanic",13.3
2020,Iowa,Depression among adults,Race/Ethnicity,"White, non-Hispanic",17.6
2020,Hawaii,Average mentally unhealthy days among adults,Age,Age >=65,2.7
2020,Hawaii,Frequent mental distress among adults,Race/Ethnicity,"Multiracial, non-Hispanic",14.3
2020,Maryland,Frequent mental distress among adults,Sex,Female,13.9
2020,Louisiana,Depression among adults,Age,Age 18-44,26.7
2020,Louisiana,Average mentally unhealthy days among adults,Race/Ethnicity,"White, non-Hispanic",2.7
2020,Indiana,Frequent mental distress among adults,Age,Age 18-44,19.5
2020,Maryland,Average mentally unhealthy days among adults,Sex,Female,3.6
2020,Hawaii,Depression among adults,Race/Ethnicity,"Multiracial, non-Hispanic",16.2
2020,Idaho,Depression among adults,Race/Ethnicity,Hispanic,18.7
2020,Kansas,Average mentally unhealthy days among adults,Sex,Male,2.4
2020,Hawaii,Depression among adults,Race/Ethnicity,Hispanic,17.8
2020,Illinois,Depression among adults,Race/Ethnicity,Hispanic,14.9
2020,Louisiana,Depression among adults,Sex,Male,16.6
2020,Kentucky,Depression among adults,Race/Ethnicity,"Multiracial, non-Hispanic",41.0
2020,Kansas,Depression among adults,Sex,Male,12.7
2020,Indiana,Depression among adults,Overall,Overall,21.9
2020,Indiana,Depression among adults,Age,Age 18-44,25.1
2020,Hawaii,Average mentally unhealthy days among adults,Race/Ethnicity,"White, non-Hispanic",2.9
2020,Iowa,Average mentally unhealthy days among adults,Sex,Female,2.7
2020,Kentucky,Depression among adults,Sex,Female,29.7
2020,Louisiana,Frequent mental distress among adults,Race/Ethnicity,Hispanic,21.2
2020,Kentucky,Average mentally unhealthy days among adults,Overall,Overall,2.4
2020,Kansas,Frequent mental distress among adults,Race/Ethnicity,Hispanic,15.6
2020,Illinois,Frequent mental distress among adults,Sex,Male,8.7
2020,Iowa,Frequent mental distress among adults,Sex,Male,9.8
2020,Illinois,Average mentally unhealthy days among adults,Overall,Overall,2.3
2020,Maryland,Depression among adults,Race/Ethnicity,"Black, non-Hispanic",12.6
2020,Indiana,Average mentally unhealthy days among adults,Age,Age 18-44,2.8
2020,Kentucky,Frequent mental distress among adults,Race/Ethnicity,"Multiracial, non-Hispanic",36.7
2020,Guam,Frequent mental distress among adults,Race/Ethnicity,"Multiracial, non-Hispanic",12.0
2020,Maine,Average mentally unhealthy days among adults,Race/Ethnicity,"Multiracial, non-Hispanic",0.0
2020,Kansas,Frequent mental distress among adults,Sex,Female,17.8
2020,Louisiana,Average mentally unhealthy days among adults,Age,Age 45-64,2.5
2020,Kansas,Frequent mental distress among adults,Race/Ethnicity,"Black, non-Hispanic",19.9
2020,Kentucky,Depression among adults,Race/Ethnicity,"White, non-Hispanic",25.0
2020,Kansas,Depression among adults,Race/Ethnicity,"White, non-Hispanic",19.8
2020,Illinois,Frequent mental distress among adults,Sex,Female,11.4
2020,Maryland,Average mentally unhealthy days among adults,Race/Ethnicity,"Asian, non-Hispanic",4.6
2020,Iowa,Frequent mental distress among adults,Sex,Male,9.5
2020,Kentucky,Depression among adults,Overall,Overall,24.2
2020,Maine,Depression among adults,Sex,Male,16.9
2020,Kansas,Average mentally unhealthy days among adults,Race/Ethnicity,"White, non-Hispanic",2.6
2020,Indiana,Frequent mental distress among adults,Race/Ethnicity,"Black, non-Hispanic",14.4
2020,Indiana,Average mentally unhealthy days among adults,Overall,Overall,2.4
2020,Hawaii,Frequent mental distress among adults,Age,Age 18-44,12.6
2020,Guam,Frequent mental distress among adults,Sex,Female,16.3
2020,Kentucky,Frequent mental distress among adults,Sex,Female,21.6
2020,Louisiana,Depression among adults,Sex,Male,16.8
2020,Kansas,Depression among adults,Age,Age 45-64,17.9
2020,Indiana,Frequent mental distress among adults,Race/Ethnicity,Hispanic,13.9
2020,Louisiana,Frequent mental distress among adults,Race/Ethnicity,"White, non-Hispanic",16.7
2020,Maine,Frequent mental distress among adults,Race/Ethnicity,Hispanic,19.6
2020,Illinois,Frequent mental distress among adults,Race/Ethnicity,"Black, non-Hispanic",8.3
2020,Maryland,Frequent mental distress among adults,Race/Ethnicity,"Black, non-Hispanic",12.2
2020,Illinois,Average mentally unhealthy days among adults,Age,Age 45-64,2.0
2020,Illinois,Depression among adults,Age,Age 18-44,16.4
2020,Maryland,Depression among adults,Sex,Male,12.4
2020,Kentucky,Average mentally unhealthy days among adults,Sex,Male,2.2
2020,Maine,Frequent mental distress among adults,Overall,Overall,12.6
2020,Hawaii,Frequent mental distress among adults,Race/Ethnicity,Hispanic,16.0
2020,Kansas,Average mentally unhealthy days among adults,Age,Age 18-44,2.3
2020,Maine,Depression among adults,Overall,Overall,22.1
2020,Idaho,Frequent mental distress among adults,Age,Age >=65,8.4
2020,Maryland,Depression among adults,Race/Ethnicity,"American Indian or Alaska Native, non-Hispanic",31.3
2020,Hawaii,Average mentally unhealthy days among adults,Sex,Male,2.8
2020,Illinois,Frequent mental distress among adults,Overall,Overall,10.1
2020,Louisiana,Depression among adults,Overall,Overall,23.5
2020,Maryland,Average mentally unhealthy days among adults,Race/Ethnicity,Hispanic,2.9
2020,Kansas,Frequent mental distress among adults,Race/Ethnicity,"American Indian or Alaska Native, non-Hispanic",24.2
2020,Hawaii,Postpartum depressive symptoms among women with a recent live birth,Overall,Overall,13.7
2020,Hawaii,Average mentally unhealthy days among adults,Race/Ethnicity,"Asian, non-Hispanic",3.0
2020,Idaho,Frequent mental distress among adults,Overall,Overall,12.7
2020,Maine,Average mentally unhealthy days among adults,Sex,Female,3.1
2020,Kentucky,Depression among adults,Sex,Male,18.4
2020,Iowa,Postpartum depressive symptoms among women with a recent live birth,Race/Ethnicity,"Black, non-Hispanic",17.4
2020,Idaho,Frequent mental distress among adults,Sex,Female,15.8
2020,Iowa,Frequent mental distress among adults,Race/Ethnicity,"Black, non-Hispanic",17.4
2020,Illinois,Depression among adults,Sex,Male,11.2
2020,Iowa,Average mentally unhealthy days among adults,Race/Ethnicity,Hispanic,2.9
2020,Kansas,Depression among adults,Race/Ethnicity,"Multiracial, non-Hispanic",20.8
2020,Louisiana,Average mentally unhealthy days among adults,Race/Ethnicity,"American Indian or Alaska Native, non-Hispanic",0.0
2020,Kentucky,Depression among adults,Age,Age >=65,16.2
2020,Maine,Average mentally unhealthy days among adults,Overall,Overall,2.8
2020,Louisiana,Frequent mental distress among adults,Sex,Female,21.0
2020,Maryland,Average mentally unhealthy days among adults,Overall,Overall,3.1
2020,Illinois,Average mentally unhealthy days among adults,Race/Ethnicity,"White, non-Hispanic",2.4
2020,Louisiana,Frequent mental distress among adults,Age,Age 45-64,16.6
2020,Iowa,Depression among adults,Age,Age 18-44,21.4
2020,Iowa,Average mentally unhealthy days among adults,Age,Age >=65,2.3
2020,Maine,Frequent mental distress among adults,Sex,Female,17.3
2020,Iowa,Frequent mental distress among adults,Race/Ethnicity,"Black, non-Hispanic",16.4
2020,Hawaii,Depression among adults,Overall,Overall,12.9
2020,Maryland,Frequent mental distress among adults,Race/Ethnicity,"Multiracial, non-Hispanic",20.2
2020,Maryland,Postpartum depressive symptoms among women with a recent live birth,Race/Ethnicity,"Asian, non-Hispanic",25.3
2020,Indiana,Frequent mental distress among adults,Sex,Female,19.0
2020,Kentucky,Frequent mental distress among adults,Overall,Overall,17.7
2020,Idaho,Depression among adults,Sex,Female,25.5
2020,Maine,Depression among adults,Age,Age >=65,15.5
2020,Maryland,Frequent mental distress among adults,Race/Ethnicity,"American Indian or Alaska Native, non-Hispanic",26.9
2020,Louisiana,Average mentally unhealthy days among adults,Race/Ethnicity,"Black, non-Hispanic",1.2
2020,Maryland,Average mentally unhealthy days among adults,Race/Ethnicity,"White, non-Hispanic",3.7
2020,Maryland,Frequent mental distress among adults,Race/Ethnicity,"Multiracial, non-Hispanic",20.3
2020,Maryland,Depression among adults,Age,Age 45-64,14.3
2020,Hawaii,Depression among adults,Age,Age >=65,10.9
2020,Indiana,Depression among adults,Race/Ethnicity,"Multiracial, non-Hispanic",30.4
2020,Hawaii,Postpartum depressive symptoms among women with a recent live birth,Race/Ethnicity,"Hawaiian or Pacific Islander, non-Hispanic",25.0
2020,Hawaii,Average mentally unhealthy days among adults,Race/Ethnicity,"Hawaiian or Pacific Islander, non-Hispanic",3.5
2020,Kansas,Frequent mental distress among adults,Age,Age 45-64,12.8
2020,Maryland,Average mentally unhealthy days among adults,Age,Age >=65,2.1
2020,Hawaii,Frequent mental distress among adults,Sex,Female,13.2
2020,Kentucky,Postpartum depressive symptoms among women with a recent live birth,Race/Ethnicity,"Black, non-Hispanic",22.1
2020,Louisiana,Frequent mental distress among adults,Overall,Overall,17.6
2020,Iowa,Frequent mental distress among adults,Race/Ethnicity,"Multiracial, non-Hispanic",22.9
2020,Maryland,Average mentally unhealthy days among adults,Sex,Male,2.6
2020,Illinois,Postpartum depressive symptoms among women with a recent live birth,Race/Ethnicity,"Asian, non-Hispanic",13.3
2020,Indiana,Depression among adults,Age,Age >=65,16.0
2020,Louisiana,Frequent mental distress among adults,Race/Ethnicity,Hispanic,23.7
2020,Kentucky,Frequent mental distress among adults,Race/Ethnicity,"Multiracial, non-Hispanic",32.5
2020,Maryland,Frequent mental distress among adults,Age,Age >=65,8.0
2020,Indiana,Frequent mental distress among adults,Age,Age >=65,8.5
2020,Kansas,Average mentally unhealthy days among adults,Overall,Overall,2.5
2020,Kansas,Frequent mental distress among adults,Race/Ethnicity,Hispanic,12.2
2020,Hawaii,Average mentally unhealthy days among adults,Age,Age 18-44,3.1
2020,Iowa,Frequent mental distress among adults,Race/Ethnicity,"White, non-Hispanic",12.4
2020,Iowa,Average mentally unhealthy days among adults,Age,Age 18-44,3.2
2020,Idaho,Average mentally unhealthy days among adults,Sex,Female,3.2
2020,Illinois,Depression among adults,Race/Ethnicity,"Black, non-Hispanic",10.6
2020,Idaho,Depression among adults,Sex,Male,12.9
2020,Iowa,Depression among adults,Race/Ethnicity,"White, non-Hispanic",18.7
2020,Kansas,Average mentally unhealthy days among adults,Age,Age >=65,2.3
2020,Louisiana,Average mentally unhealthy days among adults,Sex,Male,2.5
2020,Indiana,Frequent mental distress among adults,Sex,Male,11.4
2020,Iowa,Average mentally unhealthy days among adults,Race/Ethnicity,"White, non-Hispanic",2.9
2020,Illinois,Frequent mental distress among adults,Sex,Male,8.7
2020,Kentucky,Average mentally unhealthy days among adults,Age,Age 18-44,3.1
2020,Kansas,Average mentally unhealthy days among adults,Sex,Male,2.5
2020,Guam,Frequent mental distress among adults,Race/Ethnicity,"Hawaiian or Pacific Islander, non-Hispanic",16.7
2020,Indiana,Depression among adults,Sex,Female,28.5
2020,Kentucky,Depression among adults,Race/Ethnicity,Hispanic,14.9
2020,Hawaii,Frequent mental distress among adults,Age,Age >=65,7.6
2020,Indiana,Depression among adults,Sex,Male,15.8
2020,Indiana,Depression among adults,Overall,Overall,22.3
2020,Indiana,Average mentally unhealthy days among adults,Sex,Female,2.4
2020,Indiana,Frequent mental distress among adults,Race/Ethnicity,"American Indian or Alaska Native, non-Hispanic",21.5
2020,Maryland,Depression among adults,Race/Ethnicity,"Multiracial, non-Hispanic",23.4
2020,Maine,Depression among adults,Sex,Female,29.5
2020,Louisiana,Frequent mental distress among adults,Race/Ethnicity,"Black, non-Hispanic",17.7
2020,Kentucky,Average mentally unhealthy days among adults,Sex,Female,2.8
2020,Louisiana,Postpartum depressive symptoms among women with a recent live birth,Race/Ethnicity,Hispanic,13.9
2020,Kansas,Frequent mental distress among adults,Race/Ethnicity,"White, non-Hispanic",13.3
2020,Louisiana,Depression among adults,Race/Ethnicity,"White, non-Hispanic",26.1
2020,Idaho,Average mentally unhealthy days among adults,Overall,Overall,2.9
2020,Kansas,Depression among adults,Race/Ethnicity,"American Indian or Alaska Native, non-Hispanic",27.8
2020,Hawaii,Depression among adults,Race/Ethnicity,"White, non-Hispanic",16.6
2020,Hawaii,Depression among adults,Race/Ethnicity,"Multiracial, non-Hispanic",16.2
2020,Louisiana,Postpartum depressive symptoms among women with a recent live birth,Overall,Overall,16.8
2020,Kansas,Depression among adults,Sex,Female,25.5
2020,Idaho,Depression among adults,Age,Age 45-64,18.5
2020,Iowa,Depression among adults,Sex,Male,11.2
2020,Indiana,Frequent mental distress among adults,Race/Ethnicity,"White, non-Hispanic",15.4
2020,Maryland,Postpartum depressive symptoms among women with a recent live birth,Race/Ethnicity,"Black, non-Hispanic",21.8
2020,Louisiana,Average mentally unhealthy days among adults,Race/Ethnicity,"White, non-Hispanic",2.7
2020,Kentucky,Frequent mental distress among adults,Race/Ethnicity,"Black, non-Hispanic",11.9
2020,Louisiana,Depression among adults,Age,Age >=65,16.5
2020,Hawaii,Average mentally unhealthy days among adults,Race/Ethnicity,"Multiracial, non-Hispanic",2.6
2020,Iowa,Average mentally unhealthy days among adults,Sex,Male,2.8
2020,Idaho,Average mentally unhealthy days among adults,Race/Ethnicity,"White, non-Hispanic",3.0
2020,Hawaii,Average mentally unhealthy days among adults,Race/Ethnicity,"White, non-Hispanic",3.0
2020,Illinois,Average mentally unhealthy days among adults,Sex,Male,2.1
2020,Maryland,Depression among adults,Sex,Female,19.1
2020,Illinois,Average mentally unhealthy days among adults,Overall,Overall,2.4
2020,Iowa,Average mentally unhealthy days among adults,Overall,Overall,2.8
2020,Kentucky,Depression among adults,Overall,Overall,24.7
2020,Maryland,Depression among adults,Race/Ethnicity,"Black, non-Hispanic",12.7
2020,Kansas,Average mentally unhealthy days among adults,Age,Age 45-64,3.1
2020,Indiana,Average mentally unhealthy days among adults,Race/Ethnicity,"White, non-Hispanic",2.5
2020,Louisiana,Frequent mental distress among adults,Race/Ethnicity,"American Indian or Alaska Native, non-Hispanic",37.2
2020,Hawaii,Average mentally unhealthy days among adults,Sex,Female,2.9
2020,Maryland,Average mentally unhealthy days among adults,Race/Ethnicity,Hispanic,3.2
2020,Guam,Frequent mental distress among adults,Overall,Overall,11.6
2020,Indiana,Depression among adults,Race/Ethnicity,Hispanic,17.8
2020,Louisiana,Depression among adults,Sex,Female,30.9
2020,Kansas,Depression among adults,Overall,Overall,19.6
2020,Kansas,Frequent mental distress among adults,Sex,Male,10.0
2020,Maine,Average mentally unhealthy days among adults,Race/Ethnicity,"Multiracial, non-Hispanic",0.0
2020,Illinois,Depression among adults,Sex,Male,11.2
2020,Iowa,Frequent mental distress among adults,Race/Ethnicity,Hispanic,12.9
2020,Louisiana,Average mentally unhealthy days among adults,Age,Age 18-44,2.2
2020,Hawaii,Frequent mental distress among adults,Race/Ethnicity,"Multiracial, non-Hispanic",14.1
2020,Louisiana,Frequent mental distress among adults,Age,Age 18-44,21.9
2020,Indiana,Average mentally unhealthy days among adults,Overall,Overall,2.4
2020,Louisiana,Depression among adults,Overall,Overall,24.0
2020,Indiana,Average mentally unhealthy days among adults,Age,Age 45-64,2.2
2020,Louisiana,Frequent mental distress among adults,Race/Ethnicity,"Multiracial, non-Hispanic",25.4
2020,Hawaii,Average mentally unhealthy days among adults,Race/Ethnicity,Hispanic,3.1
2020,Illinois,Frequent mental distress among adults,Race/Ethnicity,"Black, non-Hispanic",8.2
2020,Maine,Average mentally unhealthy days among adults,Race/Ethnicity,"White, non-Hispanic",2.9
2020,Idaho,Frequent mental distress among adults,Race/Ethnicity,"Multiracial, non-Hispanic",23.8
2020,Hawaii,Depression among adults,Race/Ethnicity,"White, non-Hispanic",17.6
2020,Maryland,Frequent mental distress among adults,Race/Ethnicity,"American Indian or Alaska Native, non-Hispanic",26.7
2020,Kansas,Postpartum depressive symptoms among women with a recent live birth,Overall,Overall,14.3
2020,Illinois,Depression among adults,Overall,Overall,14.7
2020,Kansas,Frequent mental distress among adults,Race/Ethnicity,"American Indian or Alaska Native, non-Hispanic",23.7
2020,Illinois,Frequent mental distress among adults,Race/Ethnicity,Hispanic,11.6
2020,Maryland,Average mentally unhealthy days among adults,Race/Ethnicity,"Black, non-Hispanic",2.2
2020,Maine,Average mentally unhealthy days among adults,Overall,Overall,3.0
2020,Kentucky,Frequent mental distress among adults,Sex,Female,20.7
2020,Maryland,Average mentally unhealthy days among adults,Race/Ethnicity,"White, non-Hispanic",3.5
2020,Guam,Frequent mental distress among adults,Sex,Female,15.8
2020,Maryland,Frequent mental distress among adults,Race/Ethnicity,"White, non-Hispanic",12.6
2020,Maryland,Depression among adults,Race/Ethnicity,Hispanic,8.4
2020,Maine,Postpartum depressive symptoms among women with a recent live birth,Race/Ethnicity,"Black, non-Hispanic",15.5
2020,Kentucky,Postpartum depressive symptoms among women with a recent live birth,Race/Ethnicity,"Multiracial, non-Hispanic",17.0
2020,Idaho,Depression among adults,Overall,Overall,19.2
2020,Hawaii,Frequent mental distress among adults,Sex,Female,12.6
2020,Kentucky,Postpartum depressive symptoms among women with a recent live birth,Overall,Overall,13.9
2020,Indiana,Frequent mental distress among adults,Overall,Overall,15.8
2020,Illinois,Depression among adults,Age,Age >=65,8.2
2020,Idaho,Depression among adults,Sex,Female,25.0
2020,Kentucky,Frequent mental distress among adults,Age,Age 45-64,19.2
2020,Maine,Frequent mental distress among adults,Age,Age >=65,8.0
2020,Kansas,Depression among adults,Race/Ethnicity,Hispanic,16.2
2020,Guam,Frequent mental distress among adults,Age,Age 18-44,11.1
2020,Louisiana,Average mentally unhealthy days among adults,Race/Ethnicity,"American Indian or Alaska Native, non-Hispanic",0.0
2020,Idaho,Frequent mental distress among adults,Age,Age 18-44,16.1
2020,Illinois,Average mentally unhealthy days among adults,Age,Age 18-44,2.9
2020,Louisiana,Depression among adults,Race/Ethnicity,"Black, non-Hispanic",20.0
2020,Indiana,Average mentally unhealthy days among adults,Sex,Male,2.5
2020,Iowa,Postpartum depressive symptoms among women with a recent live birth,Race/Ethnicity,Hispanic,2.7
2020,Kansas,Postpartum depressive symptoms among women with a recent live birth,Race/Ethnicity,Hispanic,12.8
2020,Maine,Frequent mental distress among adults,Race/Ethnicity,"White, non-Hispanic",13.5
2020,Hawaii,Depression among adults,Sex,Male,9.6
2020,Iowa,Depression among adults,Race/Ethnicity,Hispanic,15.1
2020,Kentucky,Postpartum depressive symptoms among women with a recent live birth,Race/Ethnicity,Hispanic,25.2
2020,Maryland,Frequent mental distress among adults,Race/Ethnicity,"Black, non-Hispanic",12.5
2020,Idaho,Frequent mental distress among adults,Sex,Female,16.2
2020,Indiana,Depression among adults,Race/Ethnicity,"Black, non-Hispanic",17.2
2020,Kentucky,Depression among adults,Race/Ethnicity,"White, non-Hispanic",25.7
2020,Iowa,Average mentally unhealthy days among adults,Race/Ethnicity,Hispanic,2.4
2020,Iowa,Average mentally unhealthy days among adults,Race/Ethnicity,"White, non-Hispanic",3.0
2020,Maryland,Depression among adults,Race/Ethnicity,"White, non-Hispanic",19.4
2020,Illinois,Frequent mental distress among adults,Race/Ethnicity,"White, non-Hispanic",9.8
2020,Hawaii,Frequent mental distress among adults,Overall,Overall,11.1
2020,Kentucky,Frequent mental distress among adults,Sex,Male,13.9
2020,Kentucky,Average mentally unhealthy days among adults,Age,Age 45-64,1.9
2020,Guam,Frequent mental distress among adults,Race/Ethnicity,"Hawaiian or Pacific Islander, non-Hispanic",15.7
2020,Maine,Postpartum depressive symptoms among women with a recent live birth,Race/Ethnicity,"White, non-Hispanic",11.6
2020,Illinois,Postpartum depressive symptoms among women with a recent live birth,Race/Ethnicity,Hispanic,10.0
2020,Iowa,Frequent mental distress among adults,Sex,Female,16.3
2020,Louisiana,Depression among adults,Race/Ethnicity,Hispanic,23.6
2020,Kansas,Depression among adults,Race/Ethnicity,"Black, non-Hispanic",17.9
2020,Louisiana,Frequent mental distress among adults,Sex,Female,20.3
2020,Iowa,Depression among adults,Race/Ethnicity,"Multiracial, non-Hispanic",32.3
2020,Indiana,Frequent mental distress among adults,Race/Ethnicity,"Multiracial, non-Hispanic",19.3
2020,Kentucky,Average mentally unhealthy days among adults,Race/Ethnicity,Hispanic,0.0
2020,Louisiana,Average mentally unhealthy days among adults,Race/Ethnicity,"Multiracial, non-Hispanic",0.0
2020,Indiana,Frequent mental distress among adults,Overall,Overall,15.3
2020,Illinois,Frequent mental distress among adults,Age,Age >=65,6.4
2020,Hawaii,Depression among adults,Age,Age 18-44,13.1
2020,Maryland,Depression among adults,Age,Age >=65,11.3
2020,Kansas,Average mentally unhealthy days among adults,Sex,Female,2.6
2020,Kentucky,Depression among adults,Race/Ethnicity,Hispanic,17.7
2020,Maryland,Average mentally unhealthy days among adults,Sex,Male,2.5
2020,Maine,Depression among adults,Race/Ethnicity,Hispanic,26.5
2020,Maine,Frequent mental distress among adults,Overall,Overall,13.7
2020,Maine,Depression among adults,Overall,Overall,23.2
2020,Indiana,Depression among adults,Race/Ethnicity,"American Indian or Alaska Native, non-Hispanic",31.2
2020,Hawaii,Frequent mental distress among adults,Race/Ethnicity,"Hawaiian or Pacific Islander, non-Hispanic",11.4
2020,Idaho,Depression among adults,Overall,Overall,18.9
2020,Iowa,Depression among adults,Age,Age 45-64,16.8
2020,Louisiana,Frequent mental distress among adults,Race/Ethnicity,"Multiracial, non-Hispanic",22.9
2020,Iowa,Frequent mental distress among adults,Age,Age 45-64,11.8
2020,Maryland,Depression among adults,Race/Ethnicity,"American Indian or Alaska Native, non-Hispanic",32.1
2020,Iowa,Average mentally unhealthy days among adults,Sex,Male,2.9
2020,Indiana,Frequent mental distress among adults,Sex,Male,11.7
2020,Kansas,Average mentally unhealthy days among adults,Overall,Overall,2.5
2020,Maryland,Frequent mental distress among adults,Overall,Overall,12.7
2020,Kansas,Frequent mental distress among adults,Race/Ethnicity,"Multiracial, non-Hispanic",12.8
2020,Maine,Frequent mental distress among adults,Sex,Male,10.1
2020,Guam,Frequent mental distress among adults,Race/Ethnicity,"Asian, non-Hispanic",5.4
2020,Louisiana,Depression among adults,Race/Ethnicity,"American Indian or Alaska Native, non-Hispanic",34.6
2020,Indiana,Depression among adults,Race/Ethnicity,"White, non-Hispanic",23.1
2020,Louisiana,Depression among adults,Race/Ethnicity,"Multiracial, non-Hispanic",37.8
2020,Maryland,Average mentally unhealthy days among adults,Age,Age 18-44,3.3
2020,Iowa,Frequent mental distress among adults,Race/Ethnicity,"Multiracial, non-Hispanic",25.1
2020,Kentucky,Depression among adults,Race/Ethnicity,"Black, non-Hispanic",19.1
2020,Iowa,Depression among adults,Sex,Female,23.4
2020,Maine,Average mentally unhealthy days among adults,Sex,Male,2.5
2020,Louisiana,Average mentally unhealthy days among adults,Sex,Female,2.1
2020,Maine,Depression among adults,Race/Ethnicity,"White, non-Hispanic",22.2
2020,Maine,Average mentally unhealthy days among adults,Race/Ethnicity,"White, non-Hispanic",3.2
2020,Maryland,Frequent mental distress among adults,Sex,Male,10.7
2020,Hawaii,Depression among adults,Race/Ethnicity,Hispanic,18.3
2020,Kentucky,Average mentally unhealthy days among adults,Race/Ethnicity,"White, non-Hispanic",2.4
2020,Kansas,Frequent mental distress among adults,Age,Age 18-44,18.0
2020,Idaho,Average mentally unhealthy days among adults,Age,Age 45-64,2.5
2020,Hawaii,Average mentally unhealthy days among adults,Age,Age 45-64,2.6
2020,Kansas,Depression among adults,Age,Age 18-44,23.1
2020,Idaho,Average mentally unhealthy days among adults,Sex,Female,3.2
2020,Indiana,Depression among adults,Sex,Male,16.0
2020,Kansas,Depression among adults,Sex,Female,26.6
2021,Alabama,Frequent mental distress among adults,Race/Ethnicity,Hispanic,17.7
2020,Massachusetts,Frequent mental distress among adults,Race/Ethnicity,Hispanic,17.5
2020,Michigan,Average mentally unhealthy days among adults,Sex,Female,2.6
2020,Mississippi,Frequent mental distress among adults,Race/Ethnicity,"White, non-Hispanic",15.8
2020,Missouri,Average mentally unhealthy days among adults,Overall,Overall,2.6
2020,Montana,Frequent mental distress among adults,Age,Age 45-64,11.1
2020,Minnesota,Frequent mental distress among adults,Race/Ethnicity,"White, non-Hispanic",12.0
2020,New Hampshire,Frequent mental distress among adults,Age,Age 45-64,12.4
2020,Montana,Depression among adults,Race/Ethnicity,"American Indian or Alaska Native, non-Hispanic",29.5
2020,New Mexico,Frequent mental distress among adults,Sex,Female,15.8
2020,New Hampshire,Frequent mental distress among adults,Race/Ethnicity,Hispanic,23.2
2020,Nebraska,Frequent mental distress among adults,Race/Ethnicity,"White, non-Hispanic",11.5
2020,Nebraska,Frequent mental distress among adults,Age,Age >=65,6.2
2020,Mississippi,Average mentally unhealthy days among adults,Sex,Male,1.8
2020,Mississippi,Depression among adults,Sex,Female,26.4
2020,Minnesota,Frequent mental distress among adults,Age,Age >=65,6.2
2020,Minnesota,Depression among adults,Overall,Overall,19.8
2020,New Jersey,Depression among adults,Race/Ethnicity,Hispanic,14.5
2020,Missouri,Average mentally unhealthy days among adults,Sex,Female,2.8
2020,New Mexico,Depression among adults,Age,Age 18-44,18.2
2020,Michigan,Depression among adults,Sex,Female,25.0
2020,Mississippi,Depression among adults,Age,Age 45-64,22.7
2020,New Mexico,Depression among adults,Race/Ethnicity,"White, non-Hispanic",20.2
2020,Nebraska,Depression among adults,Sex,Male,11.5
2020,Minnesota,Average mentally unhealthy days among adults,Race/Ethnicity,"White, non-Hispanic",3.7
2020,Massachusetts,Depression among adults,Overall,Overall,18.3
2020,Nevada,Frequent mental distress among adults,Sex,Male,15.8
2020,New Hampshire,Depression among adults,Race/Ethnicity,"Multiracial, non-Hispanic",44.7
2020,Michigan,Average mentally unhealthy days among adults,Overall,Overall,2.8
2020,Massachusetts,Depression among adults,Race/Ethnicity,"Black, non-Hispanic",17.7
2020,Massachusetts,Frequent mental distress among adults,Age,Age 18-44,17.0
2020,Montana,Average mentally unhealthy days among adults,Sex,Male,2.2
2020,New Jersey,Depression among adults,Sex,Female,18.6
2020,New Hampshire,Frequent mental distress among adults,Race/Ethnicity,"White, non-Hispanic",13.0
2020,Nebraska,Frequent mental distress among adults,Sex,Male,9.1
2020,Nevada,Average mentally unhealthy days among adults,Race/Ethnicity,"Multiracial, non-Hispanic",0.0
2020,Nevada,Depression among adults,Overall,Overall,17.6
2020,Nebraska,Average mentally unhealthy days among adults,Sex,Female,3.0
2020,Michigan,Depression among adults,Overall,Overall,20.2
2020,New Hampshire,Postpartum depressive symptoms among women with a recent live birth,Race/Ethnicity,Hispanic,0.7
2020,Michigan,Frequent mental distress among adults,Age,Age 45-64,13.8
2020,Michigan,Frequent mental distress among adults,Race/Ethnicity,"White, non-Hispanic",15.8
2020,Minnesota,Average mentally unhealthy days among adults,Race/Ethnicity,"Asian, non-Hispanic",3.3
2020,Montana,Depression among adults,Sex,Male,15.0
2020,Minnesota,Average mentally unhealthy days among adults,Overall,Overall,3.6
2020,New Jersey,Frequent mental distress among adults,Race/Ethnicity,"Multiracial, non-Hispanic",11.2
2020,New Jersey,Frequent mental distress among adults,Age,Age 45-64,11.6
2020,Nebraska,Depression among adults,Race/Ethnicity,"White, non-Hispanic",17.7
2020,Minnesota,Depression among adults,Race/Ethnicity,"Asian, non-Hispanic",7.1
2020,New Jersey,Depression among adults,Age,Age 45-64,14.2
2020,Montana,Average mentally unhealthy days among adults,Age,Age 18-44,1.9
2020,Massachusetts,Postpartum depressive symptoms among women with a recent live birth,Overall,Overall,10.0
2020,New Mexico,Depression among adults,Race/Ethnicity,Hispanic,16.1
2020,Nebraska,Depression among adults,Race/Ethnicity,"Black, non-Hispanic",14.8
2020,Mississippi,Depression among adults,Race/Ethnicity,"Black, non-Hispanic",16.1
2020,Massachusetts,Average mentally unhealthy days among adults,Sex,Female,2.5
2020,Michigan,Depression among adults,Race/Ethnicity,"Multiracial, non-Hispanic",20.2
2020,Nebraska,Depression among adults,Age,Age 18-44,20.1
2020,Massachusetts,Depression among adults,Race/Ethnicity,Hispanic,22.7
2020,Minnesota,Frequent mental distress among adults,Race/Ethnicity,"Asian, non-Hispanic",7.8
2020,New Jersey,Average mentally unhealthy days among adults,Race/Ethnicity,"Black, non-Hispanic",3.2
2020,Nevada,Depression among adults,Age,Age >=65,16.9
2020,Nebraska,Frequent mental distress among adults,Race/Ethnicity,"Black, non-Hispanic",13.5
2020,New Jersey,Average mentally unhealthy days among adults,Sex,Female,3.0
2020,Montana,Frequent mental distress among adults,Sex,Female,16.2
2020,Mississippi,Depression among adults,Race/Ethnicity,"Black, non-Hispanic",15.8
2020,New Hampshire,Average mentally unhealthy days among adults,Age,Age 18-44,2.6
2020,Montana,Depression among adults,Age,Age 18-44,26.5
2020,Michigan,Average mentally unhealthy days among adults,Sex,Male,3.0
2020,Nebraska,Average mentally unhealthy days among adults,Age,Age 45-64,3.1
2020,New Jersey,Frequent mental distress among adults,Race/Ethnicity,Hispanic,14.1
2020,Nevada,Average mentally unhealthy days among adults,Sex,Female,3.3
2020,Missouri,Frequent mental distress among adults,Race/Ethnicity,"Multiracial, non-Hispanic",22.0
2020,Missouri,Average mentally unhealthy days among adults,Race/Ethnicity,"White, non-Hispanic",2.8
2020,Mississippi,Average mentally unhealthy days among adults,Overall,Overall,1.8
2020,Minnesota,Depression among adults,Sex,Male,13.4
2020,Minnesota,Postpartum depressive symptoms among women with a recent live birth,Race/Ethnicity,"White, non-Hispanic",12.9
2020,Nevada,Average mentally unhealthy days among adults,Race/Ethnicity,"Asian, non-Hispanic",0.0
2020,New Jersey,Frequent mental distress among adults,Sex,Female,15.1
2020,New Mexico,Average mentally unhealthy days among adults,Race/Ethnicity,Hispanic,1.9
2020,New Mexico,Average mentally unhealthy days among adults,Overall,Overall,2.5
2020,Nevada,Average mentally unhealthy days among adults,Overall,Overall,2.1
2020,Massachusetts,Depression among adults,Sex,Female,22.7
2020,Montana,Average mentally unhealthy days among adults,Race/Ethnicity,"Multiracial, non-Hispanic",0.0
2020,Michigan,Average mentally unhealthy days among adults,Race/Ethnicity,"White, non-Hispanic",3.0
2020,New Hampshire,Depression among adults,Age,Age >=65,14.7
2020,Montana,Postpartum depressive symptoms among women with a recent live birth,Race/Ethnicity,"White, non-Hispanic",13.5
2020,Massachusetts,Average mentally unhealthy days among adults,Race/Ethnicity,Hispanic,3.5
2020,Michigan,Frequent mental distress among adults,Sex,Male,11.7
2020,Montana,Depression among adults,Race/Ethnicity,"Multiracial, non-Hispanic",31.0
2020,Massachusetts,Frequent mental distress among adults,Age,Age 45-64,11.4
2020,Missouri,Depression among adults,Race/Ethnicity,"Black, non-Hispanic",17.2
2020,New Mexico,Depression among adults,Race/Ethnicity,"Black, non-Hispanic",22.5
2020,Nebraska,Depression among adults,Race/Ethnicity,Hispanic,10.8
2020,Mississippi,Frequent mental distress among adults,Age,Age 18-44,17.4
2020,Montana,Average mentally unhealthy days among adults,Age,Age 45-64,3.0
2020,Massachusetts,Postpartum depressive symptoms among women with a recent live birth,Race/Ethnicity,Hispanic,10.4
2020,Montana,Depression among adults,Race/Ethnicity,"Multiracial, non-Hispanic",31.4
2020,Minnesota,Frequent mental distress among adults,Sex,Male,9.4
2020,New Jersey,Frequent mental distress among adults,Race/Ethnicity,"Asian, non-Hispanic",11.0
2020,Michigan,Average mentally unhealthy days among adults,Age,Age >=65,3.0
2020,New Mexico,Frequent mental distress among adults,Overall,Overall,13.5
2020,Mississippi,Frequent mental distress among adults,Sex,Male,9.6
2020,Missouri,Depression among adults,Overall,Overall,22.8
2020,Montana,Frequent mental distress among adults,Race/Ethnicity,"Multiracial, non-Hispanic",25.2
2020,Michigan,Frequent mental distress among adults,Race/Ethnicity,"Black, non-Hispanic",16.4
2020,New Jersey,Depression among adults,Race/Ethnicity,"Black, non-Hispanic",14.7
2020,Nebraska,Frequent mental distress among adults,Overall,Overall,11.9
2020,Missouri,Frequent mental distress among adults,Sex,Male,11.2
2020,New Jersey,Depression among adults,Race/Ethnicity,"White, non-Hispanic",16.5
2020,Minnesota,Depression among adults,Race/Ethnicity,Hispanic,16.1
2020,New Mexico,Frequent mental distress among adults,Age,Age 18-44,14.9
2020,Missouri,Frequent mental distress among adults,Age,Age >=65,8.5
2020,Mississippi,Average mentally unhealthy days among adults,Race/Ethnicity,"Black, non-Hispanic",1.7
2020,New Mexico,Postpartum depressive symptoms among women with a recent live birth,Race/Ethnicity,"White, non-Hispanic",14.3
2020,New Hampshire,Average mentally unhealthy days among adults,Overall,Overall,2.8
2020,New Mexico,Depression among adults,Race/Ethnicity,"American Indian or Alaska Native, non-Hispanic",13.7
2020,Missouri,Depression among adults,Race/Ethnicity,"Multiracial, non-Hispanic",30.1
2020,Missouri,Depression among adults,Sex,Female,29.3
2020,New Jersey,Depression among adults,Overall,Overall,15.2
2020,New Jersey,Average mentally unhealthy days among adults,Age,Age 45-64,3.0
2020,Nebraska,Postpartum depressive symptoms among women with a recent live birth,Race/Ethnicity,"Black, non-Hispanic",21.3
2020,New Jersey,Postpartum depressive symptoms among women with a recent live birth,Race/Ethnicity,Hispanic,10.3
2020,Michigan,Frequent mental distress among adults,Sex,Female,20.0
2020,Nevada,Depression among adults,Race/Ethnicity,"White, non-Hispanic",24.9
2020,Massachusetts,Depression among adults,Age,Age >=65,12.7
2020,Nevada,Frequent mental distress among adults,Race/Ethnicity,"White, non-Hispanic",18.5
2020,Missouri,Frequent mental distress among adults,Age,Age 45-64,14.4
2020,Nebraska,Frequent mental distress among adults,Race/Ethnicity,"Multiracial, non-Hispanic",31.0
2020,Massachusetts,Frequent mental distress among adults,Sex,Female,16.2
2020,New Hampshire,Depression among adults,Overall,Overall,21.5
2020,Minnesota,Average mentally unhealthy days among adults,Race/Ethnicity,Hispanic,2.4
2020,Nevada,Frequent mental distress among adults,Age,Age 45-64,16.9
2020,Nebraska,Frequent mental distress among adults,Age,Age 18-44,15.6
2020,Missouri,Frequent mental distress among adults,Sex,Male,11.6
2020,Montana,Frequent mental distress among adults,Overall,Overall,12.9
2020,New Jersey,Depression among adults,Race/Ethnicity,"Multiracial, non-Hispanic",20.8
2020,Minnesota,Average mentally unhealthy days among adults,Age,Age 45-64,3.7
2020,Mississippi,Average mentally unhealthy days among adults,Race/Ethnicity,"Black, non-Hispanic",1.7
2020,Michigan,Average mentally unhealthy days among adults,Overall,Overall,2.8
2020,Michigan,Frequent mental distress among adults,Race/Ethnicity,Hispanic,14.9
2020,Missouri,Average mentally unhealthy days among adults,Race/Ethnicity,"American Indian or Alaska Native, non-Hispanic",0.0
2020,New Jersey,Frequent mental distress among adults,Sex,Male,10.1
2020,Nebraska,Postpartum depressive symptoms among women with a recent live birth,Overall,Overall,12.1
2020,New Hampshire,Frequent mental distress among adults,Age,Age 18-44,19.0
2020,New Mexico,Frequent mental distress among adults,Overall,Overall,13.1
2020,Missouri,Average mentally unhealthy days among adults,Race/Ethnicity,"Black, non-Hispanic",1.9
2020,New Jersey,Postpartum depressive symptoms among women with a recent live birth,Race/Ethnicity,"White, non-Hispanic",9.4
2020,New Jersey,Average mentally unhealthy days among adults,Race/Ethnicity,Hispanic,2.0
2020,New Hampshire,Postpartum depressive symptoms among women with a recent live birth,Overall,Overall,12.2
2020,Michigan,Depression among adults,Overall,Overall,19.5
2020,Minnesota,Average mentally unhealthy days among adults,Race/Ethnicity,"White, non-Hispanic",3.9
2020,Minnesota,Frequent mental distress among adults,Race/Ethnicity,"American Indian or Alaska Native, non-Hispanic",24.6
2020,Michigan,Frequent mental distress among adults,Race/Ethnicity,"White, non-Hispanic",17.0
2020,Minnesota,Depression among adults,Sex,Female,26.0
2020,New Jersey,Depression among adults,Race/Ethnicity,"Asian, non-Hispanic",8.8
2020,Minnesota,Depression among adults,Age,Age >=65,14.1
2020,Minnesota,Frequent mental distress among adults,Age,Age 18-44,16.8
2020,Mississippi,Frequent mental distress among adults,Age,Age 45-64,13.8
2020,New Mexico,Average mentally unhealthy days among adults,Sex,Male,1.8
2020,Montana,Depression among adults,Sex,Male,15.2
2020,Nevada,Depression among adults,Race/Ethnicity,Hispanic,15.7
2020,Massachusetts,Frequent mental distress among adults,Race/Ethnicity,"Multiracial, non-Hispanic",24.5
2020,Mississippi,Frequent mental distress among adults,Sex,Female,18.8
2020,New Mexico,Depression among adults,Age,Age 45-64,19.0
2020,Nebraska,Depression among adults,Sex,Male,11.4
2020,New Mexico,Frequent mental distress among adults,Race/Ethnicity,Hispanic,12.7
2020,Missouri,Depression among adults,Overall,Overall,23.6
2020,Nebraska,Frequent mental distress among adults,Sex,Female,14.6
2020,Massachusetts,Depression among adults,Sex,Female,23.2
2020,Missouri,Depression among adults,Sex,Male,15.9
2020,Nevada,Average mentally unhealthy days among adults,Age,Age >=65,2.6
2020,Mississippi,Depression among adults,Overall,Overall,21.1
2020,Nevada,Depression among adults,Overall,Overall,17.7
2020,Massachusetts,Average mentally unhealthy days among adults,Age,Age 18-44,2.9
2020,Massachusetts,Frequent mental distress among adults,Race/Ethnicity,"Black, non-Hispanic",13.6
2020,Minnesota,Postpartum depressive symptoms among women with a recent live birth,Race/Ethnicity,"American Indian or Alaska Native, non-Hispanic",18.4
2020,Nevada,Frequent mental distress among adults,Sex,Female,18.7
2020,New Hampshire,Depression among adults,Race/Ethnicity,"American Indian or Alaska Native, non-Hispanic",30.2
2020,Michigan,Postpartum depressive symptoms among women with a recent live birth,Race/Ethnicity,"Asian, non-Hispanic",16.1
2020,New Mexico,Average mentally unhealthy days among adults,Race/Ethnicity,Hispanic,1.9
2020,Nebraska,Depression among adults,Race/Ethnicity,"American Indian or Alaska Native, non-Hispanic",13.9
2020,Minnesota,Frequent mental distress among adults,Race/Ethnicity,Hispanic,12.4
2020,New Jersey,Frequent mental distress among adults,Race/Ethnicity,"White, non-Hispanic",13.2
2020,Missouri,Average mentally unhealthy days among adults,Age,Age 18-44,3.0
2020,Montana,Average mentally unhealthy days among adults,Sex,Male,2.3
2020,Minnesota,Depression among adults,Race/Ethnicity,"American Indian or Alaska Native, non-Hispanic",35.4
2020,Michigan,Depression among adults,Race/Ethnicity,"Black, non-Hispanic",15.6
2020,Michigan,Depression among adults,Sex,Female,26.3
2020,New Jersey,Average mentally unhealthy days among adults,Race/Ethnicity,"Black, non-Hispanic",2.9
2020,Nebraska,Frequent mental distress among adults,Race/Ethnicity,Hispanic,12.0
2020,New Hampshire,Depression among adults,Sex,Male,15.2
2020,Nevada,Depression among adults,Sex,Female,21.8
2020,Mississippi,Depression among adults,Sex,Female,27.3
2020,Missouri,Frequent mental distress among adults,Race/Ethnicity,"Black, non-Hispanic",19.5
2020,Missouri,Depression among adults,Race/Ethnicity,"White, non-Hispanic",23.8
2020,Mississippi,Average mentally unhealthy days among adults,Sex,Female,1.7
2020,New Hampshire,Depression among adults,Race/Ethnicity,"Multiracial, non-Hispanic",43.6
2020,Michigan,Frequent mental distress among adults,Overall,Overall,16.5
2020,Nebraska,Depression among adults,Overall,Overall,16.8
2020,Massachusetts,Depression among adults,Race/Ethnicity,"Asian, non-Hispanic",6.2
2020,Nevada,Frequent mental distress among adults,Race/Ethnicity,"Black, non-Hispanic",12.2
2020,Nevada,Depression among adults,Race/Ethnicity,"Black, non-Hispanic",14.4
2020,New Jersey,Frequent mental distress among adults,Age,Age 18-44,15.2
2020,Massachusetts,Average mentally unhealthy days among adults,Sex,Male,3.1
2020,New Jersey,Depression among adults,Sex,Female,18.0
2020,New Hampshire,Frequent mental distress among adults,Sex,Female,17.6
2020,Missouri,Depression among adults,Age,Age >=65,15.7
2020,New Mexico,Depression among adults,Sex,Female,22.6
2020,Nevada,Average mentally unhealthy days among adults,Race/Ethnicity,"White, non-Hispanic",2.0
2020,Michigan,Frequent mental distress among adults,Overall,Overall,15.8
2020,New Hampshire,Frequent mental distress among adults,Sex,Male,10.1
2020,Mississippi,Average mentally unhealthy days among adults,Overall,Overall,1.7
2020,Michigan,Depression among adults,Sex,Male,13.8
2020,Massachusetts,Frequent mental distress among adults,Sex,Male,10.4
2020,Nebraska,Depression among adults,Race/Ethnicity,"Black, non-Hispanic",15.3
2020,Minnesota,Depression among adults,Sex,Female,26.8
2020,Missouri,Postpartum depressive symptoms among women with a recent live birth,Race/Ethnicity,"Black, non-Hispanic",13.6
2020,New Jersey,Postpartum depressive symptoms among women with a recent live birth,Overall,Overall,12.3
2020,New Mexico,Average mentally unhealthy days among adults,Race/Ethnicity,"White, non-Hispanic",2.9
2020,Montana,Depression among adults,Race/Ethnicity,Hispanic,28.4
2020,Minnesota,Frequent mental distress among adults,Race/Ethnicity,"White, non-Hispanic",13.1
2020,New Jersey,Frequent mental distress among adults,Race/Ethnicity,"Asian, non-Hispanic",8.9
2020,Montana,Average mentally unhealthy days among adults,Race/Ethnicity,"Multiracial, non-Hispanic",0.0
2020,Minnesota,Depression among adults,Race/Ethnicity,"Black, non-Hispanic",15.5
2020,New Hampshire,Average mentally unhealthy days among adults,Sex,Male,2.9
2020,New Mexico,Frequent mental distress among adults,Sex,Male,11.3
2020,Nebraska,Frequent mental distress among adults,Race/Ethnicity,"Black, non-Hispanic",13.3
2020,Nebraska,Average mentally unhealthy days among adults,Race/Ethnicity,"White, non-Hispanic",2.8
2020,Montana,Depression among adults,Age,Age >=65,17.0
2020,New Jersey,Average mentally unhealthy days among adults,Sex,Male,2.4
2020,Michigan,Average mentally unhealthy days among adults,Sex,Male,3.1
2020,Nebraska,Average mentally unhealthy days among adults,Age,Age 18-44,2.5
2020,Michigan,Postpartum depressive symptoms among women with a recent live birth,Race/Ethnicity,"Black, non-Hispanic",24.0
2020,Missouri,Frequent mental distress among adults,Race/Ethnicity,Hispanic,25.8
2020,Minnesota,Frequent mental distress among adults,Overall,Overall,12.2
2020,Missouri,Average mentally unhealthy days among adults,Sex,Male,2.6
2020,Minnesota,Average mentally unhealthy days among adults,Race/Ethnicity,"Black, non-Hispanic",2.3
2020,New Hampshire,Average mentally unhealthy days among adults,Race/Ethnicity,"White, non-Hispanic",2.6
2020,Nevada,Depression among adults,Sex,Male,13.5
2020,Nebraska,Depression among adults,Age,Age >=65,11.3
2020,Montana,Frequent mental distress among adults,Race/Ethnicity,"Multiracial, non-Hispanic",25.2
2020,New Hampshire,Frequent mental distress among adults,Race/Ethnicity,"Multiracial, non-Hispanic",26.7
2020,New Mexico,Postpartum depressive symptoms among women with a recent live birth,Overall,Overall,14.4
2020,Nebraska,Depression among adults,Race/Ethnicity,"American Indian or Alaska Native, non-Hispanic",14.4
2020,Nevada,Frequent mental distress among adults,Race/Ethnicity,Hispanic,18.8
2020,New Hampshire,Average mentally unhealthy days among adults,Age,Age 45-64,3.1
2020,Mississippi,Depression among adults,Race/Ethnicity,Hispanic,30.4
2020,Missouri,Average mentally unhealthy days among adults,Age,Age >=65,1.9
2020,Montana,Frequent mental distress among adults,Race/Ethnicity,"American Indian or Alaska Native, non-Hispanic",17.8
2020,Massachusetts,Frequent mental distress among adults,Race/Ethnicity,"White, non-Hispanic",12.7
2020,Mississippi,Postpartum depressive symptoms among women with a recent live birth,Overall,Overall,21.7
2020,Missouri,Frequent mental distress among adults,Race/Ethnicity,"White, non-Hispanic",14.8
2020,Massachusetts,Depression among adults,Age,Age 18-44,20.6
2020,Nebraska,Frequent mental distress among adults,Race/Ethnicity,"American Indian or Alaska Native, non-Hispanic",16.8
2020,Minnesota,Depression among adults,Race/Ethnicity,"American Indian or Alaska Native, non-Hispanic",38.8
2020,Missouri,Depression among adults,Race/Ethnicity,"Black, non-Hispanic",17.0
2020,Nevada,Frequent mental distress among adults,Age,Age 18-44,20.7
2020,Nebraska,Frequent mental distress among adults,Race/Ethnicity,Hispanic,11.5
2020,Michigan,Depression among adults,Race/Ethnicity,"Multiracial, non-Hispanic",18.1
2020,Montana,Postpartum depressive symptoms among women with a recent live birth,Race/Ethnicity,"Multiracial, non-Hispanic",16.1
2020,Montana,Average mentally unhealthy days among adults,Sex,Female,2.7
2020,Mississippi,Postpartum depressive symptoms among women with a recent live birth,Race/Ethnicity,"White, non-Hispanic",18.9
2020,New Hampshire,Depression among adults,Age,Age 18-44,27.4
2020,Minnesota,Frequent mental distress among adults,Sex,Male,9.0
2020,New Jersey,Average mentally unhealthy days among adults,Overall,Overall,2.7
2020,Montana,Depression among adults,Sex,Female,30.1
2020,Nevada,Average mentally unhealthy days among adults,Overall,Overall,2.1
2020,Minnesota,Depression among adults,Race/Ethnicity,"Multiracial, non-Hispanic",27.7
2020,Missouri,Frequent mental distress among adults,Overall,Overall,15.2
2020,Minnesota,Average mentally unhealthy days among adults,Race/Ethnicity,Hispanic,2.0
2020,Massachusetts,Average mentally unhealthy days among adults,Age,Age >=65,1.7
2020,Massachusetts,Average mentally unhealthy days among adults,Age,Age 45-64,3.5
2020,Michigan,Depression among adults,Age,Age 45-64,18.3
2020,Minnesota,Postpartum depressive symptoms among women with a recent live birth,Race/Ethnicity,"Multiracial, non-Hispanic",13.0
2020,Nevada,Average mentally unhealthy days among adults,Race/Ethnicity,"Asian, non-Hispanic",0.0
2020,Massachusetts,Average mentally unhealthy days among adults,Race/Ethnicity,Hispanic,3.2
2020,New Mexico,Average mentally unhealthy days among adults,Overall,Overall,2.5
2020,New Mexico,Frequent mental distress among adults,Age,Age 45-64,14.4
2020,Massachusetts,Frequent mental distress among adults,Race/Ethnicity,"Black, non-Hispanic",13.0
2020,New Mexico,Depression among adults,Race/Ethnicity,"American Indian or Alaska Native, non-Hispanic",13.5
2020,Minnesota,Frequent mental distress among adults,Race/Ethnicity,"Asian, non-Hispanic",6.3
2020,Michigan,Postpartum depressive symptoms among women with a recent live birth,Race/Ethnicity,"White, non-Hispanic",13.4
2020,Nebraska,Depression among adults,Race/Ethnicity,"White, non-Hispanic",18.6
2020,Missouri,Depression among adults,Race/Ethnicity,Hispanic,21.4
2020,New Mexico,Frequent mental distress among adults,Race/Ethnicity,"White, non-Hispanic",13.6
2020,Massachusetts,Depression among adults,Race/Ethnicity,"Multiracial, non-Hispanic",27.6
2020,Montana,Frequent mental distress among adults,Sex,Female,17.8
2020,New Jersey,Depression among adults,Race/Ethnicity,"Multiracial, non-Hispanic",22.0
2020,New Jersey,Frequent mental distress among adults,Age,Age >=65,7.9
2020,New Jersey,Frequent mental distress among adults,Sex,Male,10.4
2020,Nebraska,Depression among adults,Sex,Female,22.7
2020,Massachusetts,Depression among adults,Sex,Male,13.1
2020,Mississippi,Depression among adults,Age,Age >=65,15.2
2020,Missouri,Average mentally unhealthy days among adults,Race/Ethnicity,"Black, non-Hispanic",1.9
2020,New Jersey,Average mentally unhealthy days among adults,Age,Age >=65,2.0
2020,Nevada,Depression among adults,Sex,Female,21.5
2020,Missouri,Depression among adults,Race/Ethnicity,"White, non-Hispanic",25.0
2020,Massachusetts,Frequent mental distress among adults,Overall,Overall,13.4
2020,Missouri,Depression among adults,Race/Ethnicity,"Multiracial, non-Hispanic",28.7
2020,Nevada,Frequent mental distress among adults,Sex,Female,19.4
2020,Montana,Frequent mental distress among adults,Overall,Overall,13.8
2020,Mississippi,Frequent mental distress among adults,Overall,Overall,14.7
2020,New Hampshire,Depression among adults,Race/Ethnicity,"White, non-Hispanic",22.5
2020,Nebraska,Depression among adults,Overall,Overall,17.1
2020,Massachusetts,Postpartum depressive symptoms among women with a recent live birth,Race/Ethnicity,"Black, non-Hispanic",16.6
2020,Massachusetts,Frequent mental distress among adults,Race/Ethnicity,"Multiracial, non-Hispanic",23.6
2020,Massachusetts,Average mentally unhealthy days among adults,Sex,Male,3.2
2020,Montana,Frequent mental distress among adults,Age,Age >=65,7.0
2020,Missouri,Average mentally unhealthy days among adults,Race/Ethnicity,"American Indian or Alaska Native, non-Hispanic",0.0
2020,Michigan,Depression among adults,Age,Age >=65,15.2
2020,New Mexico,Frequent mental distress among adults,Race/Ethnicity,Hispanic,12.7
2020,New Hampshire,Frequent mental distress among adults,Sex,Female,19.3
2020,Nebraska,Frequent mental distress among adults,Race/Ethnicity,"Multiracial, non-Hispanic",28.7
2020,Nevada,Depression among adults,Age,Age 45-64,16.5
2020,Missouri,Depression among adults,Race/Ethnicity,"American Indian or Alaska Native, non-Hispanic",39.8
2020,Missouri,Frequent mental distress among adults,Race/Ethnicity,Hispanic,20.6
2020,New Hampshire,Depression among adults,Sex,Female,29.9
2020,Massachusetts,Average mentally unhealthy days among adults,Race/Ethnicity,"White, non-Hispanic",3.0
2020,Nebraska,Average mentally unhealthy days among adults,Sex,Male,2.3
2020,Mississippi,Depression among adults,Sex,Male,14.6
2020,Minnesota,Depression among adults,Race/Ethnicity,"Multiracial, non-Hispanic",30.7
2020,Montana,Postpartum depressive symptoms among women with a recent live birth,Overall,Overall,14.9
2020,Minnesota,Average mentally unhealthy days among adults,Age,Age 18-44,3.9
2020,New Hampshire,Postpartum depressive symptoms among women with a recent live birth,Race/Ethnicity,"White, non-Hispanic",12.5
2020,New Jersey,Frequent mental distress among adults,Race/Ethnicity,"White, non-Hispanic",12.0
2020,New Mexico,Postpartum depressive symptoms among women with a recent live birth,Race/Ethnicity,Hispanic,13.0
2020,New Mexico,Depression among adults,Overall,Overall,17.6
2020,Nebraska,Postpartum depressive symptoms among women with a recent live birth,Race/Ethnicity,"American Indian or Alaska Native, non-Hispanic",27.0
2020,Mississippi,Depression among adults,Overall,Overall,20.9
2020,New Mexico,Depression among adults,Sex,Female,22.5
2020,Missouri,Depression among adults,Sex,Male,16.2
2020,Massachusetts,Frequent mental distress among adults,Sex,Male,10.6
2020,Nebraska,Depression among adults,Race/Ethnicity,Hispanic,10.6
2020,New Jersey,Frequent mental distress among adults,Overall,Overall,12.8
2020,Nevada,Frequent mental distress among adults,Overall,Overall,17.9
2020,New Jersey,Postpartum depressive symptoms among women with a recent live birth,Race/Ethnicity,"Black, non-Hispanic",15.7
2020,Missouri,Average mentally unhealthy days among adults,Age,Age 45-64,2.5
2020,Nevada,Frequent mental distress among adults,Race/Ethnicity,"Black, non-Hispanic",11.7
2020,Michigan,Frequent mental distress among adults,Race/Ethnicity,Hispanic,14.3
2020,Minnesota,Frequent mental distress among adults,Race/Ethnicity,"Black, non-Hispanic",12.0
2020,Minnesota,Frequent mental distress among adults,Race/Ethnicity,"Multiracial, non-Hispanic",20.1
2020,Missouri,Depression among adults,Age,Age 18-44,26.5
2020,New Hampshire,Frequent mental distress among adults,Race/Ethnicity,"Multiracial, non-Hispanic",28.2
2020,Montana,Depression among adults,Overall,Overall,22.6
2020,Michigan,Frequent mental distress among adults,Age,Age >=65,10.6
2020,Nebraska,Average mentally unhealthy days among adults,Overall,Overall,2.7
2020,Minnesota,Average mentally unhealthy days among adults,Sex,Male,3.4
2020,Nebraska,Frequent mental distress among adults,Age,Age 45-64,10.3
2020,Michigan,Frequent mental distress among adults,Sex,Female,21.2
2020,New Jersey,Depression among adults,Race/Ethnicity,"Asian, non-Hispanic",10.1
2020,Minnesota,Depression among adults,Age,Age 18-44,22.8
2020,Mississippi,Average mentally unhealthy days among adults,Sex,Female,1.7
2020,Michigan,Depression among adults,Sex,Male,14.1
2020,New Mexico,Average mentally unhealthy days among adults,Race/Ethnicity,"White, non-Hispanic",2.9
2020,New Mexico,Average mentally unhealthy days among adults,Age,Age 18-44,2.1
2020,Montana,Postpartum depressive symptoms among women with a recent live birth,Race/Ethnicity,Hispanic,16.4
2020,Missouri,Depression among adults,Race/Ethnicity,Hispanic,20.4
2020,Minnesota,Depression among adults,Race/Ethnicity,"Black, non-Hispanic",15.7
2020,New Mexico,Postpartum depressive symptoms among women with a recent live birth,Race/Ethnicity,"American Indian or Alaska Native, non-Hispanic",21.9
2020,New Jersey,Depression among adults,Age,Age >=65,12.3
2020,Nebraska,Postpartum depressive symptoms among women with a recent live birth,Race/Ethnicity,Hispanic,13.8
2020,Minnesota,Average mentally unhealthy days among adults,Sex,Female,3.8
2020,Massachusetts,Depression among adults,Age,Age 45-64,17.7
2020,New Hampshire,Frequent mental distress among adults,Sex,Male,9.7
2020,Missouri,Frequent mental distress among adults,Overall,Overall,15.9
2020,Nevada,Frequent mental distress among adults,Age,Age >=65,10.3
2020,New Jersey,Depression among adults,Sex,Male,12.4
2020,Massachusetts,Average mentally unhealthy days among adults,Overall,Overall,2.9
2020,Minnesota,Frequent mental distress among adults,Sex,Female,16.1
2020,Michigan,Average mentally unhealthy days among adults,Age,Age 45-64,2.5
2020,New Mexico,Frequent mental distress among adults,Race/Ethnicity,"American Indian or Alaska Native, non-Hispanic",11.1
2020,Montana,Frequent mental distress among adults,Race/Ethnicity,Hispanic,12.4
2020,Nebraska,Average mentally unhealthy days among adults,Age,Age >=65,2.4
2020,New Mexico,Frequent mental distress among adults,Sex,Male,11.1
2020,Nevada,Frequent mental distress among adults,Race/Ethnicity,Hispanic,17.5
2020,New Hampshire,Depression among adults,Sex,Male,15.0
2020,Michigan,Frequent mental distress among adults,Race/Ethnicity,"Multiracial, non-Hispanic",23.6
2020,Minnesota,Postpartum depressive symptoms among women with a recent live birth,Overall,Overall,13.8
2020,Minnesota,Frequent mental distress among adults,Age,Age 45-64,9.8
2020,New Mexico,Average mentally unhealthy days among adults,Sex,Male,1.8
2020,Nevada,Depression among adults,Race/Ethnicity,"Black, non-Hispanic",13.9
2020,Missouri,Average mentally unhealthy days among adults,Sex,Male,2.5
2020,Minnesota,Postpartum depressive symptoms among women with a recent live birth,Race/Ethnicity,"Black, non-Hispanic",18.0
2020,Montana,Depression among adults,Race/Ethnicity,Hispanic,25.9
2020,Nebraska,Depression among adults,Race/Ethnicity,"Multiracial, non-Hispanic",29.9
2020,Montana,Average mentally unhealthy days among adults,Sex,Female,2.8
2020,Massachusetts,Depression among adults,Race/Ethnicity,"White, non-Hispanic",19.8
2020,Mississippi,Average mentally unhealthy days among adults,Age,Age >=65,1.5
2020,New Hampshire,Depression among adults,Age,Age 45-64,19.2
2020,Missouri,Postpartum depressive symptoms among women with a recent live birth,Race/Ethnicity,"White, non-Hispanic",13.0
2020,New Mexico,Depression among adults,Age,Age >=65,14.5
2020,Montana,Depression among adults,Race/Ethnicity,"White, non-Hispanic",21.8
2020,Mississippi,Depression among adults,Sex,Male,14.8
2020,New Hampshire,Average mentally unhealthy days among adults,Race/Ethnicity,"White, non-Hispanic",2.7
2020,Montana,Average mentally unhealthy days among adults,Overall,Overall,2.5
2020,Nebraska,Average mentally unhealthy days among adults,Sex,Male,2.3
2020,New Jersey,Average mentally unhealthy days among adults,Race/Ethnicity,"White, non-Hispanic",3.2
2020,Massachusetts,Average mentally unhealthy days among adults,Race/Ethnicity,"White, non-Hispanic",3.1
2020,Minnesota,Postpartum depressive symptoms among women with a recent live birth,Race/Ethnicity,Hispanic,15.5
2020,New Hampshire,Depression among adults,Race/Ethnicity,Hispanic,28.3
2020,New Jersey,Frequent mental distress among adults,Race/Ethnicity,"Black, non-Hispanic",11.6
2020,Mississippi,Frequent mental distress among adults,Sex,Female,19.5
2020,New Mexico,Frequent mental distress among adults,Race/Ethnicity,"White, non-Hispanic",15.8
2020,Nebraska,Frequent mental distress among adults,Sex,Female,15.1
2020,New Hampshire,Average mentally unhealthy days among adults,Sex,Male,3.1
2020,New Hampshire,Frequent mental distress among adults,Age,Age >=65,6.6
2020,Massachusetts,Depression among adults,Race/Ethnicity,"Multiracial, non-Hispanic",27.1
2020,New Jersey,Average mentally unhealthy days among adults,Race/Ethnicity,"White, non-Hispanic",3.2
2020,Montana,Frequent mental distress among adults,Race/Ethnicity,"White, non-Hispanic",13.0
2020,Nebraska,Average mentally unhealthy days among adults,Race/Ethnicity,"White, non-Hispanic",2.8
2020,New Hampshire,Average mentally unhealthy days among adults,Overall,Overall,2.8
2020,Nevada,Average mentally unhealthy days among adults,Race/Ethnicity,"White, non-Hispanic",1.7
2020,Missouri,Frequent mental distress among adults,Sex,Female,19.0
2020,Montana,Depression among adults,Overall,Overall,23.3
2020,Mississippi,Depression among adults,Race/Ethnicity,"White, non-Hispanic",23.4
2020,Missouri,Frequent mental distress among adults,Race/Ethnicity,"White, non-Hispanic",13.9
2020,Minnesota,Depression among adults,Overall,Overall,20.2
2020,Minnesota,Frequent mental distress among adults,Overall,Overall,12.7
2020,Michigan,Depression among adults,Race/Ethnicity,Hispanic,23.5
2020,Massachusetts,Postpartum depressive symptoms among women with a recent live birth,Race/Ethnicity,"White, non-Hispanic",7.2
2020,Nevada,Depression among adults,Race/Ethnicity,"White, non-Hispanic",22.3
2020,New Hampshire,Depression among adults,Sex,Female,27.7
2020,Minnesota,Depression among adults,Race/Ethnicity,"White, non-Hispanic",21.9
2020,Mississippi,Depression among adults,Race/Ethnicity,"White, non-Hispanic",24.6
2020,New Hampshire,Depression among adults,Race/Ethnicity,"White, non-Hispanic",21.1
2020,Minnesota,Depression among adults,Age,Age 45-64,19.3
2020,Montana,Depression among adults,Sex,Female,31.5
2020,Michigan,Depression among adults,Race/Ethnicity,Hispanic,25.3
2020,New Hampshire,Average mentally unhealthy days among adults,Sex,Female,2.6
2020,Nebraska,Depression among adults,Age,Age 45-64,15.5
2020,Minnesota,Average mentally unhealthy days among adults,Race/Ethnicity,"Asian, non-Hispanic",4.1
2020,Massachusetts,Depression among adults,Race/Ethnicity,"Black, non-Hispanic",17.9
2020,Massachusetts,Frequent mental distress among adults,Race/Ethnicity,"White, non-Hispanic",14.0
2020,New Mexico,Depression among adults,Overall,Overall,17.8
2020,Missouri,Depression among adults,Age,Age 45-64,22.7
2020,Michigan,Depression among adults,Age,Age 18-44,22.8
2020,Missouri,Depression among adults,Sex,Female,30.9
2020,New Hampshire,Frequent mental distress among adults,Race/Ethnicity,Hispanic,18.3
2020,New Mexico,Depression among adults,Race/Ethnicity,"White, non-Hispanic",21.6
2020,Nebraska,Frequent mental distress among adults,Race/Ethnicity,"White, non-Hispanic",12.2
2020,Nevada,Average mentally unhealthy days among adults,Race/Ethnicity,"Multiracial, non-Hispanic",0.0
2020,Montana,Frequent mental distress among adults,Race/Ethnicity,"White, non-Hispanic",12.1
2020,Nebraska,Frequent mental distress among adults,Overall,Overall,12.2
2020,Montana,Frequent mental distress among adults,Sex,Male,9.9
2020,Nevada,Frequent mental distress among adults,Sex,Male,16.4
2020,New Jersey,Depression among adults,Race/Ethnicity,Hispanic,14.5
2020,Montana,Frequent mental distress among adults,Race/Ethnicity,"American Indian or Alaska Native, non-Hispanic",17.7
2020,New Hampshire,Depression among adults,Overall,Overall,22.5
2020,Michigan,Average mentally unhealthy days among adults,Sex,Female,2.5
2020,New Jersey,Frequent mental distress among adults,Race/Ethnicity,"Multiracial, non-Hispanic",11.7
2020,Mississippi,Frequent mental distress among adults,Race/Ethnicity,"Black, non-Hispanic",14.0
2020,Missouri,Average mentally unhealthy days among adults,Overall,Overall,2.7
2020,Minnesota,Frequent mental distress among adults,Race/Ethnicity,"Multiracial, non-Hispanic",21.5
2020,New Mexico,Frequent mental distress among adults,Sex,Female,15.1
2020,Michigan,Depression among adults,Race/Ethnicity,"White, non-Hispanic",20.2
2020,New Jersey,Depression among adults,Overall,Overall,15.6
2020,New Jersey,Average mentally unhealthy days among adults,Age,Age 18-44,2.9
2020,Nebraska,Average mentally unhealthy days among adults,Sex,Female,3.0
2020,Minnesota,Average mentally unhealthy days among adults,Sex,Female,3.8
2020,Michigan,Frequent mental distress among adults,Age,Age 18-44,20.1
2020,Mississippi,Average mentally unhealthy days among adults,Sex,Male,1.8
2020,Minnesota,Average mentally unhealthy days among adults,Sex,Male,3.3
2020,Nebraska,Average mentally unhealthy days among adults,Overall,Overall,2.6
2020,Michigan,Frequent mental distress among adults,Race/Ethnicity,"Multiracial, non-Hispanic",24.2
2020,Mississippi,Depression among adults,Race/Ethnicity,Hispanic,36.4
2020,New Mexico,Average mentally unhealthy days among adults,Sex,Female,3.2
2020,Minnesota,Depression among adults,Race/Ethnicity,Hispanic,14.5
2020,New Mexico,Depression among adults,Race/Ethnicity,Hispanic,16.1
2020,Massachusetts,Postpartum depressive symptoms among women with a recent live birth,Race/Ethnicity,"Asian, non-Hispanic",20.4
2020,Missouri,Average mentally unhealthy days among adults,Sex,Female,2.7
2020,Massachusetts,Frequent mental distress among adults,Age,Age >=65,7.0
2020,New Jersey,Average mentally unhealthy days among adults,Sex,Male,2.4
2020,Minnesota,Frequent mental distress among adults,Race/Ethnicity,Hispanic,13.7
2020,New Hampshire,Frequent mental distress among adults,Race/Ethnicity,"White, non-Hispanic",14.1
2020,Nevada,Depression among adults,Sex,Male,13.6
2020,Nebraska,Depression among adults,Sex,Female,22.1
2020,Missouri,Depression among adults,Race/Ethnicity,"American Indian or Alaska Native, non-Hispanic",38.2
2020,Mississippi,Average mentally unhealthy days among adults,Race/Ethnicity,"White, non-Hispanic",1.7
2020,Missouri,Postpartum depressive symptoms among women with a recent live birth,Overall,Overall,13.3
2020,Massachusetts,Depression among adults,Sex,Male,12.8
2020,Montana,Depression among adults,Race/Ethnicity,"American Indian or Alaska Native, non-Hispanic",28.8
2020,Massachusetts,Frequent mental distress among adults,Sex,Female,15.3
2020,Massachusetts,Frequent mental distress among adults,Overall,Overall,12.9
2020,Montana,Average mentally unhealthy days among adults,Race/Ethnicity,"White, non-Hispanic",2.5
2020,Nevada,Frequent mental distress among adults,Overall,Overall,17.3
2020,Mississippi,Average mentally unhealthy days among adults,Age,Age 45-64,1.5
2020,Michigan,Postpartum depressive symptoms among women with a recent live birth,Overall,Overall,16.1
2020,Missouri,Postpartum depressive symptoms among women with a recent live birth,Race/Ethnicity,Hispanic,12.4
2020,New Jersey,Postpartum depressive symptoms among women with a recent live birth,Race/Ethnicity,"Asian, non-Hispanic",21.4
2020,Minnesota,Average mentally unhealthy days among adults,Overall,Overall,3.6
2020,New Jersey,Frequent mental distress among adults,Sex,Female,14.4
2020,Missouri,Frequent mental distress among adults,Race/Ethnicity,"Black, non-Hispanic",19.6
2020,Nebraska,Postpartum depressive symptoms among women with a recent live birth,Race/Ethnicity,"Asian, non-Hispanic",19.8
2020,New Hampshire,Frequent mental distress among adults,Overall,Overall,13.7
2020,New Jersey,Depression among adults,Age,Age 18-44,17.5
2020,Nebraska,Postpartum depressive symptoms among women with a recent live birth,Race/Ethnicity,"White, non-Hispanic",10.1
2020,New Jersey,Frequent mental distress among adults,Race/Ethnicity,Hispanic,13.8
2020,Michigan,Depression among adults,Race/Ethnicity,"Black, non-Hispanic",15.7
2020,Missouri,Average mentally unhealthy days among adults,Race/Ethnicity,"White, non-Hispanic",3.0
2020,Mississippi,Average mentally unhealthy days among adults,Race/Ethnicity,"White, non-Hispanic",1.6
2020,New Mexico,Frequent mental distress among adults,Age,Age >=65,8.2
2020,Nebraska,Depression among adults,Race/Ethnicity,"Multiracial, non-Hispanic",30.0
2020,Massachusetts,Average mentally unhealthy days among adults,Overall,Overall,2.8
2020,Mississippi,Frequent mental distress among adults,Age,Age >=65,8.8
2020,Mississippi,Frequent mental distress among adults,Race/Ethnicity,"White, non-Hispanic",14.7
2020,Massachusetts,Average mentally unhealthy days among adults,Sex,Female,2.6
2020,New Jersey,Frequent mental distress among adults,Overall,Overall,12.3
2020,Mississippi,Postpartum depressive symptoms among women with a recent live birth,Race/Ethnicity,"Black, non-Hispanic",24.8
2020,Minnesota,Frequent mental distress among adults,Race/Ethnicity,"Black, non-Hispanic",12.9
2020,New Mexico,Average mentally unhealthy days among adults,Age,Age 45-64,3.4
2020,Michigan,Average mentally unhealthy days among adults,Age,Age 18-44,2.9
2020,Massachusetts,Depression among adults,Race/Ethnicity,"White, non-Hispanic",18.6
2020,Montana,Depression among adults,Race/Ethnicity,"White, non-Hispanic",22.7
2020,New Hampshire,Average mentally unhealthy days among adults,Age,Age >=65,2.8
2020,Massachusetts,Depression among adults,Overall,Overall,17.9
2020,New Hampshire,Frequent mental distress among adults,Overall,Overall,14.6
2020,Mississippi,Frequent mental distress among adults,Race/Ethnicity,"Black, non-Hispanic",13.4
2020,New Jersey,Depression among adults,Sex,Male,12.2
2020,New Jersey,Average mentally unhealthy days among adults,Overall,Overall,2.7
2020,Michigan,Frequent mental distress among adults,Race/Ethnicity,"Black, non-Hispanic",16.9
2020,Minnesota,Average mentally unhealthy days among adults,Age,Age >=65,2.8
2020,New Mexico,Average mentally unhealthy days among adults,Age,Age >=65,2.0
2020,Michigan,Depression among adults,Race/Ethnicity,"White, non-Hispanic",21.2
2020,Montana,Average mentally unhealthy days among adults,Age,Age >=65,3.0
2020,New Mexico,Frequent mental distress among adults,Race/Ethnicity,"American Indian or Alaska Native, non-Hispanic",10.7
2020,Montana,Average mentally unhealthy days among adults,Race/Ethnicity,"White, non-Hispanic",2.6
2020,Mississippi,Average mentally unhealthy days among adults,Age,Age 18-44,2.0
2020,Michigan,Frequent mental distress among adults,Sex,Male,11.4
2020,Missouri,Postpartum depressive symptoms among women with a recent live birth,Race/Ethnicity,"Multiracial, non-Hispanic",18.4
2020,Nebraska,Postpartum depressive symptoms among women with a recent live birth,Race/Ethnicity,"Multiracial, non-Hispanic",14.2
2020,Minnesota,Depression among adults,Race/Ethnicity,"Asian, non-Hispanic",6.1
2020,Montana,Depression among adults,Age,Age 45-64,21.6
2020,New Jersey,Depression among adults,Race/Ethnicity,"Black, non-Hispanic",14.4
2020,Nevada,Depression among adults,Race/Ethnicity,Hispanic,14.2
2020,Missouri,Frequent mental distress among adults,Race/Ethnicity,"Multiracial, non-Hispanic",22.0
2020,Minnesota,Frequent mental distress among adults,Race/Ethnicity,"American Indian or Alaska Native, non-Hispanic",22.7
2020,Missouri,Frequent mental distress among adults,Race/Ethnicity,"American Indian or Alaska Native, non-Hispanic",21.8
2020,Mississippi,Frequent mental distress among adults,Overall,Overall,14.4
2020,Montana,Postpartum depressive symptoms among women with a recent live birth,Race/Ethnicity,"American Indian or Alaska Native, non-Hispanic",20.6
2020,Montana,Average mentally unhealthy days among adults,Overall,Overall,2.4
2020,Massachusetts,Depression among adults,Race/Ethnicity,Hispanic,23.1
2020,New Jersey,Average mentally unhealthy days among adults,Race/Ethnicity,Hispanic,1.9
2020,Mississippi,Frequent mental distress among adults,Sex,Male,9.6
2020,New Hampshire,Depression among adults,Race/Ethnicity,Hispanic,24.8
2020,Massachusetts,Frequent mental distress among adults,Race/Ethnicity,Hispanic,17.9
2020,Massachusetts,Frequent mental distress among adults,Race/Ethnicity,"Asian, non-Hispanic",4.9
2020,Nebraska,Frequent mental distress among adults,Sex,Male,9.3
2020,Michigan,Postpartum depressive symptoms among women with a recent live birth,Race/Ethnicity,Hispanic,17.9
2020,Nevada,Depression among adults,Age,Age 18-44,18.6
2020,Mississippi,Depression among adults,Age,Age 18-44,22.3
2020,New Mexico,Depression among adults,Sex,Male,12.8
2020,Nevada,Average mentally unhealthy days among adults,Sex,Female,3.1
2020,New Jersey,Average mentally unhealthy days among adults,Sex,Female,3.0
2020,Montana,Frequent mental distress among adults,Sex,Male,9.5
2020,Missouri,Frequent mental distress among adults,Sex,Female,20.3
2020,Michigan,Average mentally unhealthy days among adults,Race/Ethnicity,"White, non-Hispanic",3.0
2020,Nevada,Frequent mental distress among adults,Race/Ethnicity,"White, non-Hispanic",20.4
2020,Minnesota,Depression among adults,Sex,Male,13.6
2020,New Jersey,Depression among adults,Race/Ethnicity,"White, non-Hispanic",17.9
2020,New Jersey,Frequent mental distress among adults,Race/Ethnicity,"Black, non-Hispanic",11.4
2020,Minnesota,Frequent mental distress among adults,Sex,Female,15.3
2020,Montana,Frequent mental distress among adults,Age,Age 18-44,17.6
2020,New Hampshire,Average mentally unhealthy days among adults,Sex,Female,2.6
2020,Puerto Rico,Depression among adults,Age,Age >=65,15.9
2020,North Carolina,Frequent mental distress among adults,Race/Ethnicity,"Black, non-Hispanic",11.6
2020,Ohio,Average mentally unhealthy days among adults,Overall,Overall,2.8
2020,Ohio,Depression among adults,Race/Ethnicity,"Black, non-Hispanic",20.2
2020,Oregon,Depression among adults,Race/Ethnicity,Hispanic,16.6
2020,North Carolina,Average mentally unhealthy days among adults,Age,Age 18-44,2.6
2020,Rhode Island,Depression among adults,Race/Ethnicity,"White, non-Hispanic",22.0
2020,North Carolina,Depression among adults,Race/Ethnicity,"Black, non-Hispanic",16.9
2020,Pennsylvania,Postpartum depressive symptoms among women with a recent live birth,Race/Ethnicity,"White, non-Hispanic",11.5
2020,Rhode Island,Frequent mental distress among adults,Race/Ethnicity,"White, non-Hispanic",14.1
2020,Ohio,Average mentally unhealthy days among adults,Sex,Female,2.8
2020,New York,Frequent mental distress among adults,Race/Ethnicity,"Asian, non-Hispanic",11.2
2020,Ohio,Average mentally unhealthy days among adults,Race/Ethnicity,"Black, non-Hispanic",2.6
2020,Oregon,Frequent mental distress among adults,Overall,Overall,13.9
2020,South Carolina,Depression among adults,Sex,Female,28.7
2020,Oklahoma,Frequent mental distress among adults,Sex,Male,12.5
2020,Tennessee,Postpartum depressive symptoms among women with a recent live birth,Race/Ethnicity,Hispanic,12.3
2020,Oregon,Frequent mental distress among adults,Race/Ethnicity,"White, non-Hispanic",14.8
2020,Oregon,Frequent mental distress among adults,Race/Ethnicity,Hispanic,13.6
2020,Ohio,Average mentally unhealthy days among adults,Age,Age >=65,2.2
2020,Tennessee,Frequent mental distress among adults,Age,Age 45-64,15.6
2020,Tennessee,Average mentally unhealthy days among adults,Age,Age 45-64,2.7
2020,Oregon,Average mentally unhealthy days among adults,Sex,Female,3.2
2020,Oklahoma,Depression among adults,Race/Ethnicity,"White, non-Hispanic",23.4
2020,Oklahoma,Frequent mental distress among adults,Sex,Male,12.7
2020,Oregon,Average mentally unhealthy days among adults,Overall,Overall,2.8
2020,New York,Depression among adults,Race/Ethnicity,Hispanic,17.3
2020,Rhode Island,Frequent mental distress among adults,Overall,Overall,13.3
2020,North Carolina,Average mentally unhealthy days among adults,Race/Ethnicity,"White, non-Hispanic",2.7
2020,North Carolina,Frequent mental distress among adults,Race/Ethnicity,"American Indian or Alaska Native, non-Hispanic",22.4
2020,Oregon,Depression among adults,Age,Age >=65,16.6
2020,Oregon,Depression among adults,Race/Ethnicity,"Black, non-Hispanic",25.8
2020,South Dakota,Depression among adults,Sex,Male,10.2
2020,Pennsylvania,Average mentally unhealthy days among adults,Overall,Overall,3.2
2020,Tennessee,Depression among adults,Race/Ethnicity,"Black, non-Hispanic",20.8
2020,South Carolina,Frequent mental distress among adults,Sex,Male,10.8
2020,South Carolina,Average mentally unhealthy days among adults,Age,Age 18-44,3.0
2020,Rhode Island,Average mentally unhealthy days among adults,Sex,Male,2.1
2020,Oregon,Postpartum depressive symptoms among women with a recent live birth,Race/Ethnicity,"Asian, non-Hispanic",20.5
2020,North Dakota,Average mentally unhealthy days among adults,Age,Age 45-64,4.2
2020,Oklahoma,Depression among adults,Race/Ethnicity,"American Indian or Alaska Native, non-Hispanic",25.1
2020,Oklahoma,Depression among adults,Sex,Male,16.2
2020,Pennsylvania,Frequent mental distress among adults,Age,Age 18-44,18.2
2020,South Carolina,Frequent mental distress among adults,Sex,Female,18.5
2020,South Carolina,Depression among adults,Age,Age 45-64,24.4
2020,North Carolina,Frequent mental distress among adults,Race/Ethnicity,"Multiracial, non-Hispanic",20.3
2020,North Carolina,Depression among adults,Race/Ethnicity,Hispanic,11.0
2020,Oregon,Frequent mental distress among adults,Sex,Male,10.5
2020,South Dakota,Depression among adults,Overall,Overall,16.5
2020,Puerto Rico,Depression among adults,Overall,Overall,15.3
2020,Pennsylvania,Frequent mental distress among adults,Sex,Female,18.6
2020,Pennsylvania,Frequent mental distress among adults,Race/Ethnicity,Hispanic,22.1
2020,South Dakota,Average mentally unhealthy days among adults,Overall,Overall,2.8
2020,Puerto Rico,Frequent mental distress among adults,Race/Ethnicity,Hispanic,11.1
2020,New York,Frequent mental distress among adults,Race/Ethnicity,"Multiracial, non-Hispanic",17.1
2020,South Dakota,Average mentally unhealthy days among adults,Age,Age 18-44,2.0
2020,Ohio,Average mentally unhealthy days among adults,Race/Ethnicity,"White, non-Hispanic",3.0
2020,Ohio,Depression among adults,Overall,Overall,22.7
2020,North Dakota,Frequent mental distress among adults,Age,Age 45-64,10.5
2020,Tennessee,Depression among adults,Sex,Female,31.8
2020,Pennsylvania,Average mentally unhealthy days among adults,Overall,Overall,3.3
2020,Rhode Island,Frequent mental distress among adults,Race/Ethnicity,Hispanic,11.3
2020,North Dakota,Depression among adults,Sex,Female,26.4
2020,South Carolina,Depression among adults,Race/Ethnicity,"Black, non-Hispanic",15.9
2020,North Dakota,Frequent mental distress among adults,Sex,Male,8.6
2020,Pennsylvania,Depression among adults,Sex,Male,14.0
2020,South Carolina,Depression among adults,Sex,Male,14.4
2020,Oregon,Average mentally unhealthy days among adults,Age,Age 18-44,2.6
2020,North Carolina,Frequent mental distress among adults,Sex,Female,16.1
2020,North Dakota,Depression among adults,Overall,Overall,19.7
2020,Oklahoma,Depression among adults,Overall,Overall,22.9
2020,Oklahoma,Average mentally unhealthy days among adults,Age,Age 45-64,3.0
2020,Tennessee,Frequent mental distress among adults,Race/Ethnicity,"Asian, non-Hispanic",13.4
2020,South Carolina,Frequent mental distress among adults,Race/Ethnicity,"Multiracial, non-Hispanic",30.7
2020,New York,Depression among adults,Race/Ethnicity,"Asian, non-Hispanic",8.8
2020,North Carolina,Depression among adults,Race/Ethnicity,"White, non-Hispanic",24.0
2020,Pennsylvania,Depression among adults,Overall,Overall,21.0
2020,North Dakota,Postpartum depressive symptoms among women with a recent live birth,Race/Ethnicity,"American Indian or Alaska Native, non-Hispanic",19.6
2020,South Carolina,Frequent mental distress among adults,Overall,Overall,14.7
2020,North Dakota,Average mentally unhealthy days among adults,Overall,Overall,3.4
2020,Ohio,Frequent mental distress among adults,Race/Ethnicity,"Multiracial, non-Hispanic",22.4
2020,Puerto Rico,Frequent mental distress among adults,Age,Age >=65,7.0
2020,Pennsylvania,Average mentally unhealthy days among adults,Sex,Female,3.7
2020,Oregon,Frequent mental distress among adults,Race/Ethnicity,"Black, non-Hispanic",15.5
2020,New York,Depression among adults,Age,Age 18-44,18.9
2020,Oklahoma,Average mentally unhealthy days among adults,Sex,Female,2.9
2020,Oregon,Depression among adults,Race/Ethnicity,"American Indian or Alaska Native, non-Hispanic",16.1
2020,Pennsylvania,Frequent mental distress among adults,Race/Ethnicity,Hispanic,21.7
2020,North Dakota,Average mentally unhealthy days among adults,Sex,Female,4.0
2020,New York,Average mentally unhealthy days among adults,Race/Ethnicity,"Black, non-Hispanic",1.3
2020,Ohio,Depression among adults,Race/Ethnicity,"Multiracial, non-Hispanic",32.5
2020,Tennessee,Depression among adults,Race/Ethnicity,Hispanic,20.6
2020,North Carolina,Frequent mental distress among adults,Overall,Overall,13.2
2020,Puerto Rico,Depression among adults,Sex,Male,12.3
2020,New York,Frequent mental distress among adults,Sex,Female,15.2
2020,Rhode Island,Depression among adults,Age,Age >=65,16.3
2020,Pennsylvania,Frequent mental distress among adults,Race/Ethnicity,"White, non-Hispanic",14.9
2020,New York,Postpartum depressive symptoms among women with a recent live birth,Race/Ethnicity,Hispanic,9.1
2020,North Carolina,Average mentally unhealthy days among adults,Sex,Male,2.6
2020,North Carolina,Depression among adults,Sex,Male,14.9
2020,South Dakota,Frequent mental distress among adults,Race/Ethnicity,"American Indian or Alaska Native, non-Hispanic",8.2
2020,North Carolina,Depression among adults,Race/Ethnicity,"American Indian or Alaska Native, non-Hispanic",31.1
2020,Rhode Island,Frequent mental distress among adults,Race/Ethnicity,"White, non-Hispanic",13.0
2020,Ohio,Frequent mental distress among adults,Sex,Female,19.7
2020,Oregon,Postpartum depressive symptoms among women with a recent live birth,Race/Ethnicity,Hispanic,11.2
2020,New York,Postpartum depressive symptoms among women with a recent live birth,Overall,Overall,10.0
2020,Oregon,Depression among adults,Sex,Female,27.1
2020,Ohio,Frequent mental distress among adults,Age,Age 18-44,19.8
2020,Rhode Island,Average mentally unhealthy days among adults,Sex,Female,2.6
2020,Rhode Island,Frequent mental distress among adults,Sex,Male,10.8
2020,South Dakota,Frequent mental distress among adults,Sex,Female,12.9
2020,New York,Average mentally unhealthy days among adults,Sex,Female,2.3
2020,Pennsylvania,Depression among adults,Race/Ethnicity,"Multiracial, non-Hispanic",32.9
2020,Oklahoma,Depression among adults,Age,Age >=65,15.6
2020,South Dakota,Frequent mental distress among adults,Age,Age >=65,5.1
2020,Tennessee,Average mentally unhealthy days among adults,Sex,Female,2.7
2020,Rhode Island,Depression among adults,Race/Ethnicity,Hispanic,21.3
2020,South Carolina,Frequent mental distress among adults,Age,Age >=65,7.1
2020,South Carolina,Depression among adults,Race/Ethnicity,"Multiracial, non-Hispanic",38.6
2020,Ohio,Frequent mental distress among adults,Overall,Overall,15.3
2020,Rhode Island,Average mentally unhealthy days among adults,Overall,Overall,2.4
2020,Oklahoma,Frequent mental distress among adults,Race/Ethnicity,"White, non-Hispanic",15.8
2020,New York,Average mentally unhealthy days among adults,Age,Age 45-64,2.8
2020,North Carolina,Depression among adults,Overall,Overall,20.8
2020,Oklahoma,Depression among adults,Race/Ethnicity,Hispanic,15.4
2020,Ohio,Depression among adults,Sex,Female,27.9
2020,Tennessee,Frequent mental distress among adults,Sex,Female,18.9
2020,North Dakota,Frequent mental distress among adults,Race/Ethnicity,"White, non-Hispanic",10.2
2020,New York,Frequent mental distress among adults,Age,Age 18-44,15.4
2020,South Dakota,Depression among adults,Age,Age >=65,12.1
2020,New York,Depression among adults,Race/Ethnicity,"White, non-Hispanic",19.4
2020,Tennessee,Depression among adults,Age,Age 45-64,26.2
2020,Pennsylvania,Depression among adults,Race/Ethnicity,Hispanic,29.7
2020,Tennessee,Average mentally unhealthy days among adults,Overall,Overall,2.6
2020,Oklahoma,Depression among adults,Race/Ethnicity,"White, non-Hispanic",24.4
2020,New York,Average mentally unhealthy days among adults,Race/Ethnicity,Hispanic,1.7
2020,Tennessee,Frequent mental distress among adults,Race/Ethnicity,"White, non-Hispanic",16.0
2020,Oklahoma,Depression among adults,Age,Age 18-44,24.5
2020,Oregon,Depression among adults,Race/Ethnicity,"Multiracial, non-Hispanic",28.9
2020,South Dakota,Average mentally unhealthy days among adults,Sex,Male,2.9
2020,Pennsylvania,Frequent mental distress among adults,Race/Ethnicity,"Black, non-Hispanic",14.9
2020,Ohio,Frequent mental distress among adults,Age,Age 45-64,13.8
2020,Rhode Island,Frequent mental distress among adults,Sex,Male,11.1
2020,New York,Depression among adults,Race/Ethnicity,Hispanic,17.0
2020,South Carolina,Average mentally unhealthy days among adults,Sex,Female,2.5
2020,Ohio,Frequent mental distress among adults,Race/Ethnicity,Hispanic,20.9
2020,North Carolina,Average mentally unhealthy days among adults,Age,Age 45-64,3.0
2020,North Dakota,Frequent mental distress among adults,Overall,Overall,11.5
2020,New York,Average mentally unhealthy days among adults,Age,Age 18-44,2.7
2020,Rhode Island,Depression among adults,Race/Ethnicity,"White, non-Hispanic",23.1
2020,Oregon,Average mentally unhealthy days among adults,Sex,Female,3.2
2020,Oregon,Frequent mental distress among adults,Sex,Female,18.1
2020,Pennsylvania,Frequent mental distress among adults,Sex,Female,17.2
2020,Tennessee,Frequent mental distress among adults,Age,Age 18-44,20.4
2020,Oklahoma,Frequent mental distress among adults,Overall,Overall,16.3
2020,Pennsylvania,Frequent mental distress among adults,Race/Ethnicity,"Multiracial, non-Hispanic",26.7
2020,North Dakota,Postpartum depressive symptoms among women with a recent live birth,Race/Ethnicity,"Black, non-Hispanic",23.1
2020,South Carolina,Average mentally unhealthy days among adults,Age,Age 45-64,2.2
2020,North Dakota,Frequent mental distress among adults,Age,Age >=65,4.8
2020,New York,Frequent mental distress among adults,Race/Ethnicity,"White, non-Hispanic",12.3
2020,South Carolina,Frequent mental distress among adults,Age,Age 18-44,18.3
2020,Rhode Island,Frequent mental distress among adults,Age,Age 45-64,12.7
2020,South Carolina,Depression among adults,Age,Age 18-44,22.4
2020,South Dakota,Postpartum depressive symptoms among women with a recent live birth,Race/Ethnicity,"Asian, non-Hispanic",13.7
2020,Pennsylvania,Average mentally unhealthy days among adults,Race/Ethnicity,"White, non-Hispanic",3.5
2020,North Carolina,Average mentally unhealthy days among adults,Sex,Female,2.6
2020,New York,Depression among adults,Overall,Overall,16.8
2020,Puerto Rico,Depression among adults,Race/Ethnicity,Hispanic,14.8
2020,South Carolina,Depression among adults,Race/Ethnicity,Hispanic,15.2
2020,Pennsylvania,Average mentally unhealthy days among adults,Age,Age >=65,2.9
2020,Ohio,Depression among adults,Race/Ethnicity,Hispanic,26.0
2020,Pennsylvania,Depression among adults,Age,Age 45-64,19.2
2020,New York,Average mentally unhealthy days among adults,Race/Ethnicity,"Black, non-Hispanic",1.4
2020,Ohio,Average mentally unhealthy days among adults,Sex,Male,2.7
2020,New York,Frequent mental distress among adults,Race/Ethnicity,"Black, non-Hispanic",14.7
2020,New York,Depression among adults,Race/Ethnicity,"Black, non-Hispanic",15.7
2020,Puerto Rico,Depression among adults,Overall,Overall,14.7
2020,Tennessee,Frequent mental distress among adults,Race/Ethnicity,"Multiracial, non-Hispanic",27.5
2020,South Dakota,Frequent mental distress among adults,Overall,Overall,9.4
2020,Oregon,Frequent mental distress among adults,Age,Age >=65,8.9
2020,Rhode Island,Depression among adults,Sex,Male,16.1
2020,Oklahoma,Depression among adults,Sex,Male,16.3
2020,Tennessee,Frequent mental distress among adults,Sex,Male,14.6
2020,North Carolina,Depression among adults,Race/Ethnicity,Hispanic,12.0
2020,Oregon,Depression among adults,Age,Age 18-44,24.7
2020,Oklahoma,Average mentally unhealthy days among adults,Sex,Male,2.8
2020,Pennsylvania,Average mentally unhealthy days among adults,Sex,Male,2.7
2020,Tennessee,Postpartum depressive symptoms among women with a recent live birth,Overall,Overall,15.3
2020,Rhode Island,Frequent mental distress among adults,Race/Ethnicity,Hispanic,11.9
2020,Pennsylvania,Postpartum depressive symptoms among women with a recent live birth,Race/Ethnicity,"Asian, non-Hispanic",22.2
2020,Ohio,Average mentally unhealthy days among adults,Race/Ethnicity,"Black, non-Hispanic",2.5
2020,Rhode Island,Average mentally unhealthy days among adults,Sex,Male,2.1
2020,Oregon,Depression among adults,Sex,Male,15.3
2020,Oklahoma,Frequent mental distress among adults,Race/Ethnicity,"White, non-Hispanic",16.6
2020,North Dakota,Depression among adults,Race/Ethnicity,"American Indian or Alaska Native, non-Hispanic",26.1
2020,South Carolina,Frequent mental distress among adults,Sex,Female,19.9
2020,Oregon,Frequent mental distress among adults,Race/Ethnicity,Hispanic,13.8
2020,Puerto Rico,Frequent mental distress among adults,Race/Ethnicity,Hispanic,11.3
2020,North Dakota,Postpartum depressive symptoms among women with a recent live birth,Race/Ethnicity,"White, non-Hispanic",12.1
2020,South Carolina,Depression among adults,Race/Ethnicity,"White, non-Hispanic",24.0
2020,North Dakota,Depression among adults,Race/Ethnicity,Hispanic,28.1
2020,North Dakota,Depression among adults,Race/Ethnicity,"Multiracial, non-Hispanic",50.7
2020,New York,Depression among adults,Age,Age >=65,14.5
2020,South Carolina,Frequent mental distress among adults,Sex,Male,10.5
2020,Ohio,Average mentally unhealthy days among adults,Overall,Overall,2.7
2020,South Dakota,Depression among adults,Sex,Male,10.2
2020,Ohio,Depression among adults,Race/Ethnicity,"American Indian or Alaska Native, non-Hispanic",17.1
2020,Rhode Island,Depression among adults,Overall,Overall,21.1
2020,New York,Frequent mental distress among adults,Race/Ethnicity,Hispanic,13.3
2020,North Carolina,Frequent mental distress among adults,Age,Age 45-64,12.6
2020,Ohio,Depression among adults,Sex,Female,29.2
2020,Ohio,Depression among adults,Race/Ethnicity,"White, non-Hispanic",23.5
2020,Oklahoma,Depression among adults,Race/Ethnicity,"Black, non-Hispanic",24.5
2020,South Dakota,Depression among adults,Age,Age 18-44,18.9
2020,Puerto Rico,Depression among adults,Sex,Female,16.8
2020,Oklahoma,Average mentally unhealthy days among adults,Age,Age 18-44,3.0
2020,Pennsylvania,Frequent mental distress among adults,Age,Age 45-64,13.7
2020,Tennessee,Depression among adults,Overall,Overall,24.1
2020,New York,Depression among adults,Race/Ethnicity,"American Indian or Alaska Native, non-Hispanic",31.1
2020,North Carolina,Depression among adults,Race/Ethnicity,"White, non-Hispanic",23.6
2020,Tennessee,Average mentally unhealthy days among adults,Overall,Overall,2.7
2020,Puerto Rico,Frequent mental distress among adults,Overall,Overall,11.2
2020,South Carolina,Frequent mental distress among adults,Race/Ethnicity,"Black, non-Hispanic",14.4
2020,Oklahoma,Frequent mental distress among adults,Race/Ethnicity,"Black, non-Hispanic",20.2
2020,Tennessee,Depression among adults,Sex,Female,31.2
2020,Oregon,Depression among adults,Overall,Overall,21.6
2020,North Carolina,Depression among adults,Age,Age 45-64,21.6
2020,Pennsylvania,Depression among adults,Sex,Male,14.5
2020,Ohio,Depression among adults,Age,Age >=65,15.1
2020,Rhode Island,Frequent mental distress among adults,Race/Ethnicity,"Black, non-Hispanic",10.8
2020,South Carolina,Average mentally unhealthy days among adults,Race/Ethnicity,"Black, non-Hispanic",3.3
2020,North Carolina,Average mentally unhealthy days among adults,Race/Ethnicity,"Black, non-Hispanic",2.6
2020,North Dakota,Depression among adults,Age,Age 45-64,19.2
2020,South Carolina,Frequent mental distress among adults,Race/Ethnicity,"Multiracial, non-Hispanic",25.6
2020,Ohio,Depression among adults,Age,Age 45-64,21.7
2020,Oregon,Frequent mental distress among adults,Sex,Female,17.3
2020,Oklahoma,Frequent mental distress among adults,Race/Ethnicity,Hispanic,9.9
2020,North Dakota,Depression among adults,Race/Ethnicity,"White, non-Hispanic",19.8
2020,Oregon,Postpartum depressive symptoms among women with a recent live birth,Race/Ethnicity,"Hawaiian or Pacific Islander, non-Hispanic",16.2
2020,South Dakota,Average mentally unhealthy days among adults,Race/Ethnicity,"White, non-Hispanic",3.0
2020,Oklahoma,Depression among adults,Race/Ethnicity,Hispanic,14.9
2020,Pennsylvania,Depression among adults,Age,Age >=65,14.7
2020,South Dakota,Postpartum depressive symptoms among women with a recent live birth,Race/Ethnicity,Hispanic,10.6
2020,Tennessee,Postpartum depressive symptoms among women with a recent live birth,Race/Ethnicity,"White, non-Hispanic",14.2
2020,South Carolina,Average mentally unhealthy days among adults,Race/Ethnicity,"White, non-Hispanic",2.2
2020,Oregon,Depression among adults,Race/Ethnicity,"White, non-Hispanic",22.6
2020,New York,Average mentally unhealthy days among adults,Race/Ethnicity,"White, non-Hispanic",2.9
2020,Tennessee,Depression among adults,Race/Ethnicity,"Multiracial, non-Hispanic",39.3
2020,New York,Frequent mental distress among adults,Age,Age 45-64,11.4
2020,Pennsylvania,Depression among adults,Race/Ethnicity,"White, non-Hispanic",19.9
2020,North Dakota,Postpartum depressive symptoms among women with a recent live birth,Overall,Overall,14.5
2020,South Dakota,Frequent mental distress among adults,Race/Ethnicity,"American Indian or Alaska Native, non-Hispanic",8.0
2020,New York,Depression among adults,Race/Ethnicity,"White, non-Hispanic",18.4
2020,Rhode Island,Depression among adults,Race/Ethnicity,Hispanic,20.5
2020,Pennsylvania,Postpartum depressive symptoms among women with a recent live birth,Race/Ethnicity,"Black, non-Hispanic",16.2
2020,Puerto Rico,Postpartum depressive symptoms among women with a recent live birth,Overall,Overall,11.3
2020,North Dakota,Frequent mental distress among adults,Race/Ethnicity,"Multiracial, non-Hispanic",25.6
2020,Ohio,Frequent mental distress among adults,Race/Ethnicity,"White, non-Hispanic",16.2
2020,South Dakota,Average mentally unhealthy days among adults,Age,Age 45-64,4.3
2020,North Carolina,Depression among adults,Sex,Male,15.2
2020,Oklahoma,Frequent mental distress among adults,Race/Ethnicity,"American Indian or Alaska Native, non-Hispanic",18.2
2020,Puerto Rico,Frequent mental distress among adults,Sex,Female,12.9
2020,Rhode Island,Average mentally unhealthy days among adults,Age,Age 18-44,2.9
2020,Oklahoma,Average mentally unhealthy days among adults,Race/Ethnicity,"White, non-Hispanic",2.8
2020,Oregon,Depression among adults,Race/Ethnicity,"Black, non-Hispanic",24.0
2020,Ohio,Frequent mental distress among adults,Sex,Male,11.8
2020,North Dakota,Average mentally unhealthy days among adults,Sex,Female,4.2
2020,South Dakota,Frequent mental distress among adults,Sex,Female,12.1
2020,North Carolina,Frequent mental distress among adults,Sex,Female,15.3
2020,South Dakota,Depression among adults,Race/Ethnicity,"Multiracial, non-Hispanic",23.0
2020,South Carolina,Average mentally unhealthy days among adults,Sex,Female,2.6
2020,Tennessee,Average mentally unhealthy days among adults,Sex,Male,2.5
2020,New York,Frequent mental distress among adults,Sex,Male,10.7
2020,Ohio,Frequent mental distress among adults,Overall,Overall,16.0
2020,South Carolina,Average mentally unhealthy days among adults,Overall,Overall,2.5
2020,South Carolina,Depression among adults,Overall,Overall,21.4
2020,Puerto Rico,Frequent mental distress among adults,Age,Age 18-44,10.5
2020,Oregon,Frequent mental distress among adults,Race/Ethnicity,"Black, non-Hispanic",15.7
2020,North Dakota,Frequent mental distress among adults,Age,Age 18-44,14.6
2020,Oregon,Average mentally unhealthy days among adults,Age,Age >=65,2.3
2020,South Carolina,Depression among adults,Sex,Male,14.5
2020,Tennessee,Frequent mental distress among adults,Race/Ethnicity,Hispanic,15.7
2020,South Carolina,Depression among adults,Race/Ethnicity,"White, non-Hispanic",22.9
2020,Pennsylvania,Average mentally unhealthy days among adults,Race/Ethnicity,"White, non-Hispanic",3.3
2020,Ohio,Frequent mental distress among adults,Race/Ethnicity,"White, non-Hispanic",15.1
2020,Pennsylvania,Average mentally unhealthy days among adults,Sex,Male,2.9
2020,North Dakota,Average mentally unhealthy days among adults,Race/Ethnicity,"White, non-Hispanic",3.5
2020,New York,Depression among adults,Overall,Overall,16.9
2020,Pennsylvania,Frequent mental distress among adults,Sex,Male,11.1
2020,Tennessee,Frequent mental distress among adults,Overall,Overall,16.7
2020,Ohio,Depression among adults,Race/Ethnicity,"Black, non-Hispanic",19.7
2020,Tennessee,Frequent mental distress among adults,Race/Ethnicity,"White, non-Hispanic",17.2
2020,Tennessee,Frequent mental distress among adults,Race/Ethnicity,"Multiracial, non-Hispanic",33.0
2020,Oregon,Depression among adults,Race/Ethnicity,"Multiracial, non-Hispanic",28.8
2020,Tennessee,Depression among adults,Age,Age >=65,17.8
2020,New York,Depression among adults,Race/Ethnicity,"Multiracial, non-Hispanic",16.4
2020,North Dakota,Depression among adults,Race/Ethnicity,"Multiracial, non-Hispanic",44.3
2020,North Carolina,Average mentally unhealthy days among adults,Sex,Female,2.6
2020,New York,Frequent mental distress among adults,Race/Ethnicity,"White, non-Hispanic",13.4
2020,South Dakota,Depression among adults,Sex,Female,23.0
2020,Puerto Rico,Depression among adults,Race/Ethnicity,Hispanic,15.4
2020,Pennsylvania,Postpartum depressive symptoms among women with a recent live birth,Race/Ethnicity,Hispanic,9.8
2020,Pennsylvania,Frequent mental distress among adults,Overall,Overall,15.1
2020,North Dakota,Frequent mental distress among adults,Race/Ethnicity,"American Indian or Alaska Native, non-Hispanic",19.1
2020,North Dakota,Frequent mental distress among adults,Sex,Female,14.2
2020,Oklahoma,Frequent mental distress among adults,Overall,Overall,15.9
2020,Pennsylvania,Depression among adults,Race/Ethnicity,"Black, non-Hispanic",19.1
2020,Rhode Island,Average mentally unhealthy days among adults,Race/Ethnicity,"Multiracial, non-Hispanic",0.0
2020,New York,Average mentally unhealthy days among adults,Race/Ethnicity,"White, non-Hispanic",2.9
2020,Oklahoma,Depression among adults,Age,Age 45-64,25.5
2020,South Dakota,Frequent mental distress among adults,Overall,Overall,9.8
2020,North Carolina,Depression among adults,Sex,Female,26.6
2020,South Dakota,Frequent mental distress among adults,Age,Age 45-64,7.8
2020,South Carolina,Frequent mental distress among adults,Race/Ethnicity,"White, non-Hispanic",14.5
2020,South Carolina,Frequent mental distress among adults,Age,Age 45-64,15.4
2020,South Carolina,Depression among adults,Age,Age >=65,15.4
2020,Rhode Island,Frequent mental distress among adults,Sex,Female,16.5
2020,North Dakota,Depression among adults,Age,Age >=65,10.4
2020,Oklahoma,Frequent mental distress among adults,Race/Ethnicity,"Black, non-Hispanic",20.9
2020,Ohio,Frequent mental distress among adults,Race/Ethnicity,Hispanic,20.6
2020,South Carolina,Depression among adults,Race/Ethnicity,Hispanic,15.6
2020,New York,Average mentally unhealthy days among adults,Age,Age >=65,2.0
2020,Tennessee,Depression among adults,Sex,Male,16.7
2020,South Dakota,Frequent mental distress among adults,Sex,Male,6.8
2020,South Dakota,Depression among adults,Race/Ethnicity,"American Indian or Alaska Native, non-Hispanic",20.8
2020,Oregon,Average mentally unhealthy days among adults,Sex,Male,2.5
2020,Oregon,Frequent mental distress among adults,Race/Ethnicity,"Multiracial, non-Hispanic",15.4
2020,Ohio,Depression among adults,Sex,Male,15.8
2020,Rhode Island,Depression among adults,Overall,Overall,21.6
2020,North Carolina,Frequent mental distress among adults,Age,Age 18-44,15.4
2020,Tennessee,Frequent mental distress among adults,Age,Age >=65,8.1
2020,Oklahoma,Frequent mental distress among adults,Sex,Female,19.2
2020,New York,Frequent mental distress among adults,Overall,Overall,13.1
2020,Rhode Island,Depression among adults,Sex,Male,16.3
2020,New York,Depression among adults,Sex,Female,19.4
2020,Tennessee,Frequent mental distress among adults,Sex,Male,14.2
2020,Oregon,Frequent mental distress among adults,Race/Ethnicity,"Multiracial, non-Hispanic",16.2
2020,Pennsylvania,Frequent mental distress among adults,Race/Ethnicity,"Multiracial, non-Hispanic",33.2
2020,Puerto Rico,Depression among adults,Sex,Female,17.6
2020,South Dakota,Postpartum depressive symptoms among women with a recent live birth,Race/Ethnicity,"American Indian or Alaska Native, non-Hispanic",20.6
2020,South Dakota,Postpartum depressive symptoms among women with a recent live birth,Race/Ethnicity,"Black, non-Hispanic",21.9
2020,North Carolina,Average mentally unhealthy days among adults,Overall,Overall,2.6
2020,Oklahoma,Average mentally unhealthy days among adults,Sex,Male,2.9
2020,Oklahoma,Depression among adults,Sex,Female,30.2
2020,New York,Postpartum depressive symptoms among women with a recent live birth,Race/Ethnicity,"Asian, non-Hispanic",10.5
2020,Pennsylvania,Depression among adults,Overall,Overall,20.2
2020,Oregon,Postpartum depressive symptoms among women with a recent live birth,Overall,Overall,15.7
2020,New York,Average mentally unhealthy days among adults,Sex,Male,2.8
2020,Ohio,Average mentally unhealthy days among adults,Race/Ethnicity,"White, non-Hispanic",2.9
2020,New York,Frequent mental distress among adults,Race/Ethnicity,"Black, non-Hispanic",14.3
2020,Pennsylvania,Depression among adults,Race/Ethnicity,Hispanic,28.3
2020,Tennessee,Postpartum depressive symptoms among women with a recent live birth,Race/Ethnicity,"Black, non-Hispanic",18.6
2020,North Carolina,Depression among adults,Race/Ethnicity,"Multiracial, non-Hispanic",34.7
2020,Oklahoma,Average mentally unhealthy days among adults,Age,Age >=65,2.3
2020,Oregon,Frequent mental distress among adults,Age,Age 18-44,17.3
2020,New York,Depression among adults,Race/Ethnicity,"Black, non-Hispanic",15.3
2020,South Dakota,Average mentally unhealthy days among adults,Sex,Male,3.0
2020,North Dakota,Average mentally unhealthy days among adults,Age,Age >=65,1.9
2020,Oregon,Frequent mental distress among adults,Overall,Overall,14.3
2020,Oklahoma,Frequent mental distress among adults,Race/Ethnicity,Hispanic,9.1
2020,Oklahoma,Average mentally unhealthy days among adults,Race/Ethnicity,"White, non-Hispanic",2.8
2020,Oklahoma,Frequent mental distress among adults,Race/Ethnicity,"Multiracial, non-Hispanic",22.0
2020,Oregon,Depression among adults,Overall,Overall,21.2
2020,North Carolina,Depression among adults,Age,Age 18-44,21.3
2020,New York,Average mentally unhealthy days among adults,Overall,Overall,2.6
2020,Ohio,Depression among adults,Race/Ethnicity,"White, non-Hispanic",22.4
2020,North Dakota,Frequent mental distress among adults,Sex,Female,14.6
2020,North Carolina,Average mentally unhealthy days among adults,Race/Ethnicity,"Black, non-Hispanic",2.6
2020,New York,Average mentally unhealthy days among adults,Race/Ethnicity,"Asian, non-Hispanic",3.8
2020,North Carolina,Frequent mental distress among adults,Race/Ethnicity,"American Indian or Alaska Native, non-Hispanic",19.3
2020,South Dakota,Depression among adults,Age,Age 45-64,15.0
2020,New York,Average mentally unhealthy days among adults,Sex,Male,2.8
2020,North Dakota,Depression among adults,Race/Ethnicity,Hispanic,24.7
2020,South Dakota,Postpartum depressive symptoms among women with a recent live birth,Race/Ethnicity,"Multiracial, non-Hispanic",23.0
2020,Ohio,Depression among adults,Age,Age 18-44,26.0
2020,Oregon,Postpartum depressive symptoms among women with a recent live birth,Race/Ethnicity,"Black, non-Hispanic",22.9
2020,Pennsylvania,Depression among adults,Sex,Female,26.1
2020,Tennessee,Average mentally unhealthy days among adults,Race/Ethnicity,"White, non-Hispanic",2.3
2020,Ohio,Average mentally unhealthy days among adults,Sex,Male,2.7
2020,New York,Frequent mental distress among adults,Race/Ethnicity,Hispanic,13.3
2020,Rhode Island,Depression among adults,Race/Ethnicity,"Black, non-Hispanic",14.6
2020,South Carolina,Average mentally unhealthy days among adults,Race/Ethnicity,"White, non-Hispanic",2.1
2020,New York,Depression among adults,Sex,Male,13.9
2020,North Carolina,Frequent mental distress among adults,Race/Ethnicity,"White, non-Hispanic",14.7
2020,South Dakota,Depression among adults,Race/Ethnicity,"White, non-Hispanic",15.9
2020,North Dakota,Depression among adults,Race/Ethnicity,"American Indian or Alaska Native, non-Hispanic",24.7
2020,Oklahoma,Depression among adults,Race/Ethnicity,"Black, non-Hispanic",24.5
2020,South Dakota,Frequent mental distress among adults,Race/Ethnicity,"White, non-Hispanic",9.9
2020,Pennsylvania,Depression among adults,Race/Ethnicity,"White, non-Hispanic",21.1
2020,North Carolina,Average mentally unhealthy days among adults,Overall,Overall,2.6
2020,Tennessee,Average mentally unhealthy days among adults,Race/Ethnicity,"White, non-Hispanic",2.4
2020,Rhode Island,Depression among adults,Race/Ethnicity,"Multiracial, non-Hispanic",30.9
2020,Tennessee,Frequent mental distress among adults,Race/Ethnicity,"Black, non-Hispanic",14.1
2020,Pennsylvania,Frequent mental distress among adults,Overall,Overall,14.2
2020,Oregon,Average mentally unhealthy days among adults,Race/Ethnicity,"White, non-Hispanic",3.0
2020,Ohio,Frequent mental distress among adults,Race/Ethnicity,"American Indian or Alaska Native, non-Hispanic",22.8
2020,Puerto Rico,Frequent mental distress among adults,Overall,Overall,11.0
2020,Puerto Rico,Frequent mental distress among adults,Age,Age 45-64,14.7
2020,South Carolina,Frequent mental distress among adults,Race/Ethnicity,"Black, non-Hispanic",15.0
2020,Rhode Island,Average mentally unhealthy days among adults,Age,Age 45-64,2.1
2020,Oregon,Depression among adults,Race/Ethnicity,"Asian, non-Hispanic",10.8
2020,Puerto Rico,Depression among adults,Age,Age 18-44,9.5
2020,South Dakota,Average mentally unhealthy days among adults,Race/Ethnicity,"White, non-Hispanic",3.1
2020,Oklahoma,Depression among adults,Race/Ethnicity,"Multiracial, non-Hispanic",29.0
2020,North Dakota,Average mentally unhealthy days among adults,Sex,Male,2.8
2020,Tennessee,Depression among adults,Race/Ethnicity,"Multiracial, non-Hispanic",38.1
2020,Ohio,Depression among adults,Race/Ethnicity,Hispanic,27.2
2020,Pennsylvania,Frequent mental distress among adults,Race/Ethnicity,"Black, non-Hispanic",15.3
2020,Tennessee,Depression among adults,Overall,Overall,24.4
2020,New York,Frequent mental distress among adults,Sex,Male,10.5
2020,South Dakota,Average mentally unhealthy days among adults,Overall,Overall,2.9
2020,Puerto Rico,Frequent mental distress among adults,Sex,Male,9.2
2020,Pennsylvania,Average mentally unhealthy days among adults,Age,Age 18-44,3.3
2020,North Dakota,Depression among adults,Sex,Male,13.4
2020,Ohio,Frequent mental distress among adults,Sex,Male,12.2
2020,Oregon,Postpartum depressive symptoms among women with a recent live birth,Race/Ethnicity,"White, non-Hispanic",16.4
2020,South Carolina,Average mentally unhealthy days among adults,Race/Ethnicity,"Black, non-Hispanic",3.2
2020,Tennessee,Frequent mental distress among adults,Race/Ethnicity,Hispanic,16.9
2020,Pennsylvania,Depression among adults,Age,Age 18-44,24.2
2020,Rhode Island,Average mentally unhealthy days among adults,Race/Ethnicity,"White, non-Hispanic",2.6
2020,Rhode Island,Frequent mental distress among adults,Age,Age >=65,7.4
2020,Oklahoma,Frequent mental distress among adults,Age,Age >=65,9.6
2020,North Dakota,Depression among adults,Sex,Male,13.6
2020,South Carolina,Average mentally unhealthy days among adults,Sex,Male,2.4
2020,South Carolina,Frequent mental distress among adults,Race/Ethnicity,Hispanic,13.0
2020,Rhode Island,Average mentally unhealthy days among adults,Race/Ethnicity,"Multiracial, non-Hispanic",0.0
2020,Pennsylvania,Frequent mental distress among adults,Sex,Male,11.6
2020,Tennessee,Average mentally unhealthy days among adults,Sex,Male,2.6
2020,Oklahoma,Frequent mental distress among adults,Race/Ethnicity,"American Indian or Alaska Native, non-Hispanic",18.3
2020,Oregon,Postpartum depressive symptoms among women with a recent live birth,Race/Ethnicity,"American Indian or Alaska Native, non-Hispanic",20.8
2020,Oklahoma,Frequent mental distress among adults,Sex,Female,19.9
2020,Puerto Rico,Postpartum depressive symptoms among women with a recent live birth,Race/Ethnicity,Hispanic,11.0
2020,South Carolina,Frequent mental distress among adults,Race/Ethnicity,"White, non-Hispanic",16.0
2020,South Carolina,Depression among adults,Overall,Overall,21.7
2020,North Carolina,Average mentally unhealthy days among adults,Race/Ethnicity,"White, non-Hispanic",2.8
2020,North Dakota,Average mentally unhealthy days among adults,Age,Age 18-44,3.6
2020,North Carolina,Frequent mental distress among adults,Race/Ethnicity,"Multiracial, non-Hispanic",23.9
2020,North Carolina,Frequent mental distress among adults,Race/Ethnicity,Hispanic,6.8
2020,South Carolina,Depression among adults,Race/Ethnicity,"Multiracial, non-Hispanic",39.7
2020,North Dakota,Average mentally unhealthy days among adults,Race/Ethnicity,"White, non-Hispanic",3.6
2020,South Dakota,Depression among adults,Sex,Female,22.1
2020,Ohio,Average mentally unhealthy days among adults,Age,Age 45-64,2.7
2020,Oregon,Frequent mental distress among adults,Sex,Male,10.3
2020,Pennsylvania,Postpartum depressive symptoms among women with a recent live birth,Race/Ethnicity,"Multiracial, non-Hispanic",20.1
2020,South Carolina,Average mentally unhealthy days among adults,Overall,Overall,2.6
2020,Oregon,Postpartum depressive symptoms among women with a recent live birth,Race/Ethnicity,"Multiracial, non-Hispanic",16.0
2020,Rhode Island,Depression among adults,Age,Age 45-64,21.4
2020,Rhode Island,Frequent mental distress among adults,Sex,Female,15.6
2020,New York,Frequent mental distress among adults,Race/Ethnicity,"Asian, non-Hispanic",11.6
2020,Tennessee,Frequent mental distress among adults,Sex,Female,17.9
2020,Tennessee,Depression among adults,Race/Ethnicity,"White, non-Hispanic",25.1
2020,Pennsylvania,Depression among adults,Race/Ethnicity,"Multiracial, non-Hispanic",35.3
2020,Oregon,Average mentally unhealthy days among adults,Overall,Overall,2.8
2020,South Dakota,Frequent mental distress among adults,Age,Age 18-44,12.6
2020,Oregon,Frequent mental distress among adults,Age,Age 45-64,12.6
2020,North Carolina,Depression among adults,Race/Ethnicity,"Multiracial, non-Hispanic",33.8
2020,Oregon,Depression among adults,Race/Ethnicity,"White, non-Hispanic",21.7
2020,North Dakota,Depression among adults,Race/Ethnicity,"White, non-Hispanic",18.9
2020,New York,Depression among adults,Race/Ethnicity,"Multiracial, non-Hispanic",16.9
2020,Rhode Island,Frequent mental distress among adults,Overall,Overall,13.8
2020,New York,Postpartum depressive symptoms among women with a recent live birth,Race/Ethnicity,"White, non-Hispanic",8.0
2020,North Carolina,Depression among adults,Overall,Overall,20.9
2020,South Dakota,Depression among adults,Overall,Overall,16.1
2020,North Carolina,Depression among adults,Race/Ethnicity,"Black, non-Hispanic",16.7
2020,Oklahoma,Average mentally unhealthy days among adults,Overall,Overall,2.9
2020,Tennessee,Frequent mental distress among adults,Overall,Overall,16.1
2020,Pennsylvania,Depression among adults,Race/Ethnicity,"Black, non-Hispanic",18.8
2020,Pennsylvania,Frequent mental distress among adults,Race/Ethnicity,"White, non-Hispanic",13.6
2020,North Dakota,Postpartum depressive symptoms among women with a recent live birth,Race/Ethnicity,Hispanic,25.8
2020,North Carolina,Frequent mental distress among adults,Race/Ethnicity,"White, non-Hispanic",13.8
2020,South Carolina,Frequent mental distress among adults,Overall,Overall,15.5
2020,New York,Frequent mental distress among adults,Race/Ethnicity,"Multiracial, non-Hispanic",16.7
2020,Ohio,Frequent mental distress among adults,Race/Ethnicity,"Black, non-Hispanic",15.2
2020,South Dakota,Postpartum depressive symptoms among women with a recent live birth,Overall,Overall,12.6
2020,Rhode Island,Frequent mental distress among adults,Race/Ethnicity,"Black, non-Hispanic",11.3
2020,Tennessee,Depression among adults,Race/Ethnicity,"Black, non-Hispanic",21.2
2020,South Carolina,Average mentally unhealthy days among adults,Age,Age >=65,1.8
2020,Pennsylvania,Depression among adults,Sex,Female,27.4
2020,North Carolina,Frequent mental distress among adults,Age,Age >=65,8.2
2020,Ohio,Average mentally unhealthy days among adults,Sex,Female,2.8
2020,Oklahoma,Depression among adults,Race/Ethnicity,"American Indian or Alaska Native, non-Hispanic",24.9
2020,Oregon,Depression among adults,Race/Ethnicity,"American Indian or Alaska Native, non-Hispanic",17.8
2020,New York,Frequent mental distress among adults,Overall,Overall,12.7
2020,South Dakota,Average mentally unhealthy days among adults,Sex,Female,2.7
2020,Pennsylvania,Frequent mental distress among adults,Age,Age >=65,7.9
2020,New York,Depression among adults,Sex,Female,19.5
2020,Rhode Island,Average mentally unhealthy days among adults,Age,Age >=65,1.7
2020,Oregon,Depression among adults,Sex,Male,15.1
2020,North Dakota,Depression among adults,Age,Age 18-44,23.0
2020,North Carolina,Frequent mental distress among adults,Sex,Male,10.2
2020,North Dakota,Frequent mental distress among adults,Race/Ethnicity,"American Indian or Alaska Native, non-Hispanic",22.9
2020,North Carolina,Depression among adults,Age,Age >=65,18.7
2020,Oregon,Average mentally unhealthy days among adults,Sex,Male,2.5
2020,Rhode Island,Depression among adults,Sex,Female,26.6
2020,Tennessee,Depression among adults,Sex,Male,16.5
2020,Oregon,Frequent mental distress among adults,Race/Ethnicity,"White, non-Hispanic",13.8
2020,South Dakota,Frequent mental distress among adults,Sex,Male,6.8
2020,Washington,Depression among adults,Race/Ethnicity,"Hawaiian or Pacific Islander, non-Hispanic",21.0
2020,New York,Postpartum depressive symptoms among women with a recent live birth,Race/Ethnicity,"Black, non-Hispanic",13.9
2020,Ohio,Frequent mental distress among adults,Race/Ethnicity,"Black, non-Hispanic",15.2
2020,Rhode Island,Average mentally unhealthy days among adults,Sex,Female,2.8
2020,South Dakota,Frequent mental distress among adults,Race/Ethnicity,"White, non-Hispanic",9.3
2020,North Carolina,Frequent mental distress among adults,Sex,Male,10.1
2020,South Dakota,Depression among adults,Race/Ethnicity,"White, non-Hispanic",16.3
2020,North Dakota,Depression among adults,Overall,Overall,19.2
2020,South Carolina,Average mentally unhealthy days among adults,Sex,Male,2.5
2020,Ohio,Frequent mental distress among adults,Race/Ethnicity,"Multiracial, non-Hispanic",21.0
2020,Oregon,Average mentally unhealthy days among adults,Race/Ethnicity,"White, non-Hispanic",3.0
2020,Tennessee,Average mentally unhealthy days among adults,Sex,Female,2.7
2020,New York,Frequent mental distress among adults,Sex,Female,14.7
2020,Pennsylvania,Average mentally unhealthy days among adults,Sex,Female,3.6
2020,North Dakota,Frequent mental distress among adults,Overall,Overall,11.3
2020,New York,Depression among adults,Age,Age 45-64,15.3
2020,South Carolina,Depression among adults,Race/Ethnicity,"Black, non-Hispanic",16.3
2020,South Dakota,Average mentally unhealthy days among adults,Sex,Female,2.7
2020,South Carolina,Depression among adults,Sex,Female,27.7
2020,Ohio,Frequent mental distress among adults,Age,Age >=65,8.7
2020,Oregon,Depression among adults,Sex,Female,27.9
2020,New York,Depression among adults,Sex,Male,14.2
2020,North Dakota,Frequent mental distress among adults,Race/Ethnicity,"White, non-Hispanic",10.8
2020,Ohio,Depression among adults,Sex,Male,16.1
2020,New York,Average mentally unhealthy days among adults,Sex,Female,2.4
2020,New York,Frequent mental distress among adults,Age,Age >=65,9.1
2020,Oklahoma,Depression among adults,Overall,Overall,23.3
2020,North Carolina,Frequent mental distress among adults,Overall,Overall,12.9
2020,Rhode Island,Depression among adults,Sex,Female,25.8
2020,Tennessee,Frequent mental distress among adults,Race/Ethnicity,"Black, non-Hispanic",13.7
2020,New York,Depression among adults,Race/Ethnicity,"Asian, non-Hispanic",8.9
2020,Puerto Rico,Depression among adults,Sex,Male,12.7
2020,Rhode Island,Depression among adults,Race/Ethnicity,"Black, non-Hispanic",14.5
2020,South Dakota,Postpartum depressive symptoms among women with a recent live birth,Race/Ethnicity,"White, non-Hispanic",10.4
2020,South Dakota,Average mentally unhealthy days among adults,Age,Age >=65,2.6
2020,North Dakota,Average mentally unhealthy days among adults,Overall,Overall,3.5
2020,Rhode Island,Average mentally unhealthy days among adults,Overall,Overall,2.4
2020,Oregon,Depression among adults,Race/Ethnicity,"Asian, non-Hispanic",16.0
2020,Oregon,Depression among adults,Age,Age 45-64,19.6
2020,Oklahoma,Depression among adults,Sex,Female,29.3
2020,Oklahoma,Average mentally unhealthy days among adults,Sex,Female,2.9
2020,Pennsylvania,Postpartum depressive symptoms among women with a recent live birth,Overall,Overall,12.9
2020,Rhode Island,Frequent mental distress among adults,Age,Age 18-44,16.6
2020,North Dakota,Average mentally unhealthy days among adults,Sex,Male,2.9
2020,Oklahoma,Frequent mental distress among adults,Age,Age 18-44,18.0
2020,Rhode Island,Average mentally unhealthy days among adults,Race/Ethnicity,"White, non-Hispanic",2.9
2020,North Carolina,Frequent mental distress among adults,Race/Ethnicity,"Black, non-Hispanic",11.9
2020,Oklahoma,Frequent mental distress among adults,Race/Ethnicity,"Multiracial, non-Hispanic",23.4
2020,Ohio,Depression among adults,Overall,Overall,22.0
2020,Pennsylvania,Average mentally unhealthy days among adults,Age,Age 45-64,3.4
2020,North Dakota,Depression among adults,Sex,Female,25.3
2020,North Carolina,Frequent mental distress among adults,Race/Ethnicity,Hispanic,8.6
2020,Oregon,Average mentally unhealthy days among adults,Age,Age 45-64,3.6
2020,Ohio,Average mentally unhealthy days among adults,Age,Age 18-44,3.1
2020,Tennessee,Average mentally unhealthy days among adults,Age,Age 18-44,2.9
2020,New York,Average mentally unhealthy days among adults,Race/Ethnicity,"Asian, non-Hispanic",3.7
2020,North Dakota,Frequent mental distress among adults,Sex,Male,8.8
2020,Oklahoma,Depression among adults,Race/Ethnicity,"Multiracial, non-Hispanic",28.9
2020,Ohio,Depression among adults,Race/Ethnicity,"Multiracial, non-Hispanic",34.2
2020,Tennessee,Depression among adults,Race/Ethnicity,Hispanic,16.6
2020,Rhode Island,Depression among adults,Race/Ethnicity,"Multiracial, non-Hispanic",27.1
2020,North Carolina,Depression among adults,Sex,Female,26.1
2020,Oklahoma,Average mentally unhealthy days among adults,Overall,Overall,2.9
2020,Tennessee,Depression among adults,Age,Age 18-44,25.7
2020,Puerto Rico,Frequent mental distress among adults,Sex,Male,9.0
2020,Tennessee,Depression among adults,Race/Ethnicity,"White, non-Hispanic",26.1
2020,North Carolina,Average mentally unhealthy days among adults,Sex,Male,2.6
2020,Oregon,Depression among adults,Race/Ethnicity,Hispanic,15.6
2020,North Carolina,Depression among adults,Race/Ethnicity,"American Indian or Alaska Native, non-Hispanic",31.1
2020,New York,Average mentally unhealthy days among adults,Overall,Overall,2.6
2020,North Carolina,Average mentally unhealthy days among adults,Age,Age >=65,1.8
2020,Puerto Rico,Depression among adults,Age,Age 45-64,22.9
2020,Rhode Island,Frequent mental distress among adults,Race/Ethnicity,"Multiracial, non-Hispanic",27.9
2020,New York,Average mentally unhealthy days among adults,Race/Ethnicity,Hispanic,1.7
2020,Ohio,Frequent mental distress among adults,Sex,Female,18.5
2021,Alabama,Average mentally unhealthy days among adults,Overall,Overall,2.4
2020,Virginia,Frequent mental distress among adults,Sex,Female,15.7
2020,Wyoming,Frequent mental distress among adults,Race/Ethnicity,"Multiracial, non-Hispanic",31.2
2020,Vermont,Depression among adults,Age,Age 45-64,23.7
2020,Wyoming,Frequent mental distress among adults,Race/Ethnicity,"White, non-Hispanic",11.8
2020,United States,Depression among adults,Sex,Female,23.9
2020,United States,Frequent mental distress among adults,Age,Age >=65,8.1
2020,United States,Average mentally unhealthy days among adults,Race/Ethnicity,"White, non-Hispanic",3.0
2020,Vermont,Frequent mental distress among adults,Sex,Male,11.5
2020,Virginia,Frequent mental distress among adults,Race/Ethnicity,"White, non-Hispanic",13.8
2020,Texas,Frequent mental distress among adults,Overall,Overall,13.4
2020,West Virginia,Frequent mental distress among adults,Race/Ethnicity,"White, non-Hispanic",18.6
2020,Wisconsin,Depression among adults,Race/Ethnicity,"Multiracial, non-Hispanic",33.8
2020,Utah,Depression among adults,Race/Ethnicity,"White, non-Hispanic",24.6
2020,Vermont,Depression among adults,Sex,Female,28.5
2020,Wisconsin,Postpartum depressive symptoms among women with a recent live birth,Race/Ethnicity,Hispanic,18.6
2020,Texas,Average mentally unhealthy days among adults,Race/Ethnicity,"American Indian or Alaska Native, non-Hispanic",0.0
2020,Wyoming,Depression among adults,Race/Ethnicity,Hispanic,18.2
2020,Utah,Depression among adults,Overall,Overall,23.1
2020,Virginia,Average mentally unhealthy days among adults,Race/Ethnicity,"White, non-Hispanic",3.1
2020,Wisconsin,Frequent mental distress among adults,Sex,Male,10.0
2020,Vermont,Frequent mental distress among adults,Race/Ethnicity,"White, non-Hispanic",13.8
2020,Washington,Postpartum depressive symptoms among women with a recent live birth,Race/Ethnicity,"Asian, non-Hispanic",12.4
2020,Texas,Frequent mental distress among adults,Race/Ethnicity,"Black, non-Hispanic",13.9
2020,United States,Frequent mental distress among adults,Sex,Male,10.8
2020,United States,Depression among adults,Sex,Male,13.2
2020,Virginia,Depression among adults,Race/Ethnicity,Hispanic,10.1
2020,Texas,Depression among adults,Race/Ethnicity,Hispanic,14.8
2020,Wyoming,Frequent mental distress among adults,Age,Age 18-44,16.1
2020,Texas,Depression among adults,Sex,Female,22.5
2020,Wyoming,Postpartum depressive symptoms among women with a recent live birth,Race/Ethnicity,Hispanic,15.1
2020,Texas,Average mentally unhealthy days among adults,Age,Age >=65,2.2
2020,Wisconsin,Frequent mental distress among adults,Race/Ethnicity,"American Indian or Alaska Native, non-Hispanic",31.2
2020,Washington,Depression among adults,Race/Ethnicity,"Asian, non-Hispanic",9.9
2020,West Virginia,Depression among adults,Race/Ethnicity,"Multiracial, non-Hispanic",49.1
2020,Virginia,Average mentally unhealthy days among adults,Overall,Overall,3.1
2021,Alabama,Average mentally unhealthy days among adults,Race/Ethnicity,"Black, non-Hispanic",2.7
2020,Vermont,Depression among adults,Race/Ethnicity,"American Indian or Alaska Native, non-Hispanic",34.7
2020,Wisconsin,Frequent mental distress among adults,Overall,Overall,13.2
2020,Vermont,Average mentally unhealthy days among adults,Sex,Female,3.8
2021,Alabama,Depression among adults,Race/Ethnicity,Hispanic,27.4
2020,United States,Postpartum depressive symptoms among women with a recent live birth,Race/Ethnicity,"Multiracial, non-Hispanic",15.6
2020,Wisconsin,Depression among adults,Age,Age >=65,12.4
2020,Utah,Average mentally unhealthy days among adults,Sex,Male,3.3
2020,West Virginia,Average mentally unhealthy days among adults,Race/Ethnicity,"White, non-Hispanic",2.3
2020,Vermont,Postpartum depressive symptoms among women with a recent live birth,Overall,Overall,11.9
2021,Alabama,Frequent mental distress among adults,Sex,Female,21.5
2020,Wisconsin,Average mentally unhealthy days among adults,Age,Age 18-44,4.3
2020,Washington,Average mentally unhealthy days among adults,Overall,Overall,4.0
2021,Alabama,Frequent mental distress among adults,Overall,Overall,18.4
2020,Texas,Depression among adults,Race/Ethnicity,"Black, non-Hispanic",17.2
2020,Utah,Depression among adults,Race/Ethnicity,Hispanic,19.0
2020,Washington,Postpartum depressive symptoms among women with a recent live birth,Race/Ethnicity,"Multiracial, non-Hispanic",16.8
2020,Wisconsin,Depression among adults,Sex,Male,13.2
2020,United States,Frequent mental distress among adults,Sex,Female,16.0
2020,Texas,Average mentally unhealthy days among adults,Race/Ethnicity,"White, non-Hispanic",3.8
2020,West Virginia,Average mentally unhealthy days among adults,Age,Age >=65,2.2
2020,Virginia,Depression among adults,Race/Ethnicity,"Black, non-Hispanic",15.5
2020,Utah,Frequent mental distress among adults,Race/Ethnicity,"White, non-Hispanic",14.8
2020,Virginia,Depression among adults,Overall,Overall,17.2
2020,Washington,Frequent mental distress among adults,Race/Ethnicity,"Black, non-Hispanic",13.6
2021,Alabama,Current poor mental health among high school students,Grade,Grade 9,30.9
2020,Wyoming,Postpartum depressive symptoms among women with a recent live birth,Race/Ethnicity,"American Indian or Alaska Native, non-Hispanic",31.2
2020,West Virginia,Depression among adults,Sex,Female,33.8
2020,Washington,Average mentally unhealthy days among adults,Race/Ethnicity,"White, non-Hispanic",3.9
2020,Utah,Average mentally unhealthy days among adults,Overall,Overall,3.6
2020,Washington,Depression among adults,Overall,Overall,23.4
2020,Texas,Depression among adults,Age,Age 18-44,18.0
2020,West Virginia,Depression among adults,Age,Age 45-64,29.9
2021,Alabama,Frequent mental distress among adults,Sex,Male,15.8
2020,Vermont,Average mentally unhealthy days among adults,Age,Age 45-64,3.8
2020,Washington,Average mentally unhealthy days among adults,Sex,Female,4.1
2020,United States,Average mentally unhealthy days among adults,Sex,Male,2.7
2020,West Virginia,Depression among adults,Sex,Female,32.4
2021,Alabama,Frequent mental distress among adults,Race/Ethnicity,"Multiracial, non-Hispanic",33.0
2020,Utah,Frequent mental distress among adults,Age,Age >=65,7.5
2020,Utah,Average mentally unhealthy days among adults,Race/Ethnicity,"White, non-Hispanic",4.0
2020,Wisconsin,Depression among adults,Overall,Overall,19.8
2021,Alabama,Frequent mental distress among adults,Age,Age >=65,8.3
2020,Washington,Average mentally unhealthy days among adults,Race/Ethnicity,"Asian, non-Hispanic",5.5
2020,Virginia,Frequent mental distress among adults,Race/Ethnicity,"Black, non-Hispanic",13.0
2020,Washington,Average mentally unhealthy days among adults,Age,Age 45-64,4.0
2021,Alabama,Postpartum depressive symptoms among women with a recent live birth,Race/Ethnicity,"Black, non-Hispanic",19.2
2020,Wyoming,Depression among adults,Race/Ethnicity,"White, non-Hispanic",18.5
2020,United States,Frequent mental distress among adults,Race/Ethnicity,"Multiracial, non-Hispanic",21.1
2020,Wyoming,Depression among adults,Age,Age 18-44,22.4
2020,Utah,Frequent mental distress among adults,Sex,Male,10.7
2020,West Virginia,Average mentally unhealthy days among adults,Overall,Overall,2.0
2020,Virginia,Depression among adults,Age,Age >=65,13.1
2021,Alabama,Current poor mental health among high school students,Sex,Female,40.5
2020,Washington,Frequent mental distress among adults,Race/Ethnicity,"American Indian or Alaska Native, non-Hispanic",28.7
2020,Virginia,Average mentally unhealthy days among adults,Age,Age >=65,2.3
2020,Texas,Frequent mental distress among adults,Race/Ethnicity,Hispanic,13.0
2020,Virginia,Depression among adults,Race/Ethnicity,"White, non-Hispanic",20.6
2020,Washington,Average mentally unhealthy days among adults,Race/Ethnicity,Hispanic,2.1
2020,United States,Depression among adults,Race/Ethnicity,Hispanic,14.6
2020,West Virginia,Average mentally unhealthy days among adults,Sex,Male,1.9
2020,Texas,Average mentally unhealthy days among adults,Sex,Male,2.8
2020,West Virginia,Postpartum depressive symptoms among women with a recent live birth,Race/Ethnicity,"White, non-Hispanic",15.5
2020,Wisconsin,Average mentally unhealthy days among adults,Race/Ethnicity,"White, non-Hispanic",4.2
2021,Alabama,Current poor mental health among high school students,Race/Ethnicity,"Black, non-Hispanic",21.0
2020,Wisconsin,Depression among adults,Race/Ethnicity,Hispanic,19.4
2020,Washington,Depression among adults,Race/Ethnicity,"Multiracial, non-Hispanic",27.4
2020,Wyoming,Average mentally unhealthy days among adults,Age,Age 45-64,3.5
2020,Wisconsin,Average mentally unhealthy days among adults,Age,Age >=65,3.9
2020,West Virginia,Frequent mental distress among adults,Sex,Male,15.2
2020,Vermont,Frequent mental distress among adults,Race/Ethnicity,"Multiracial, non-Hispanic",35.8
2020,West Virginia,Average mentally unhealthy days among adults,Race/Ethnicity,Hispanic,0.0
2020,Washington,Frequent mental distress among adults,Age,Age >=65,8.3
2020,Vermont,Depression among adults,Race/Ethnicity,Hispanic,31.2
2020,Utah,Frequent mental distress among adults,Overall,Overall,15.0
2020,United States,Depression among adults,Overall,Overall,18.3
2020,Wisconsin,Frequent mental distress among adults,Race/Ethnicity,"White, non-Hispanic",13.0
2020,Utah,Depression among adults,Race/Ethnicity,"American Indian or Alaska Native, non-Hispanic",21.5
2020,Washington,Frequent mental distress among adults,Race/Ethnicity,"White, non-Hispanic",15.4
2020,United States,Average mentally unhealthy days among adults,Race/Ethnicity,"White, non-Hispanic",3.1
2021,Alabama,Depression among adults,Sex,Male,15.7
2020,Wyoming,Frequent mental distress among adults,Age,Age 45-64,10.3
2020,Washington,Depression among adults,Sex,Male,17.7
2020,Texas,Depression among adults,Race/Ethnicity,"White, non-Hispanic",21.2
2020,Texas,Frequent mental distress among adults,Race/Ethnicity,"White, non-Hispanic",15.8
2020,Wyoming,Postpartum depressive symptoms among women with a recent live birth,Overall,Overall,14.8
2020,Wyoming,Average mentally unhealthy days among adults,Sex,Female,2.9
2021,Alabama,Depression among adults,Race/Ethnicity,"White, non-Hispanic",24.3
2020,Texas,Frequent mental distress among adults,Overall,Overall,13.2
2020,West Virginia,Frequent mental distress among adults,Age,Age 45-64,19.0
2020,Wisconsin,Frequent mental distress among adults,Race/Ethnicity,"Black, non-Hispanic",15.3
2020,Texas,Depression among adults,Sex,Female,22.5
2020,Vermont,Depression among adults,Sex,Female,29.6
2020,Utah,Depression among adults,Sex,Female,30.1
2020,Wisconsin,Depression among adults,Race/Ethnicity,"Black, non-Hispanic",20.2
2020,Utah,Postpartum depressive symptoms among women with a recent live birth,Race/Ethnicity,Hispanic,17.0
2020,Washington,Postpartum depressive symptoms among women with a recent live birth,Race/Ethnicity,"Black, non-Hispanic",18.5
2020,Utah,Depression among adults,Overall,Overall,22.9
2020,Vermont,Frequent mental distress among adults,Age,Age 18-44,20.0
2020,Washington,Frequent mental distress among adults,Overall,Overall,13.7
2020,Washington,Frequent mental distress among adults,Race/Ethnicity,Hispanic,13.8
2020,Utah,Frequent mental distress among adults,Race/Ethnicity,"White, non-Hispanic",14.6
2020,United States,Depression among adults,Race/Ethnicity,"Black, non-Hispanic",16.1
2020,United States,Depression among adults,Sex,Female,23.3
2020,Washington,Frequent mental distress among adults,Sex,Male,11.0
2020,Texas,Depression among adults,Race/Ethnicity,Hispanic,14.7
2020,Texas,Depression among adults,Overall,Overall,17.7
2020,Texas,Average mentally unhealthy days among adults,Race/Ethnicity,Hispanic,1.9
2020,Texas,Frequent mental distress among adults,Sex,Male,11.4
2021,Alabama,Current poor mental health among high school students,Overall,Overall,27.5
2020,Washington,Postpartum depressive symptoms among women with a recent live birth,Race/Ethnicity,"American Indian or Alaska Native, non-Hispanic",21.0
2021,Alabama,Frequent mental distress among adults,Race/Ethnicity,Hispanic,23.6
2020,Virginia,Depression among adults,Race/Ethnicity,"Black, non-Hispanic",15.7
2020,Vermont,Depression among adults,Overall,Overall,23.3
2021,Alabama,Depression among adults,Age,Age 18-44,24.8
2020,Wyoming,Average mentally unhealthy days among adults,Sex,Male,2.8
2021,Alabama,Average mentally unhealthy days among adults,Race/Ethnicity,"Black, non-Hispanic",2.8
2020,Wyoming,Frequent mental distress among adults,Sex,Female,15.0
2020,Wisconsin,Depression among adults,Race/Ethnicity,"American Indian or Alaska Native, non-Hispanic",44.5
2020,Virginia,Depression among adults,Sex,Male,12.1
2021,Alabama,Frequent mental distress among adults,Race/Ethnicity,"White, non-Hispanic",18.5
2020,Utah,Frequent mental distress among adults,Age,Age 18-44,18.8
2020,Vermont,Depression among adults,Race/Ethnicity,"Multiracial, non-Hispanic",51.9
2021,Alabama,Frequent mental distress among adults,Overall,Overall,19.4
2021,Alabama,Postpartum depressive symptoms among women with a recent live birth,Race/Ethnicity,"White, non-Hispanic",19.8
2020,Utah,Depression among adults,Race/Ethnicity,"Multiracial, non-Hispanic",29.7
2021,Alabama,Current poor mental health among high school students,Grade,Grade 10,21.9
2020,Wisconsin,Average mentally unhealthy days among adults,Sex,Female,4.1
2020,Virginia,Frequent mental distress among adults,Race/Ethnicity,Hispanic,9.6
2020,Washington,Depression among adults,Race/Ethnicity,"American Indian or Alaska Native, non-Hispanic",37.3
2020,Texas,Average mentally unhealthy days among adults,Age,Age 18-44,3.0
2020,United States,Frequent mental distress among adults,Overall,Overall,13.9
2020,United States,Frequent mental distress among adults,Overall,Overall,13.5
2020,United States,Postpartum depressive symptoms among women with a recent live birth,Race/Ethnicity,"Black, non-Hispanic",16.7
2020,Washington,Average mentally unhealthy days among adults,Sex,Female,4.0
2020,Wyoming,Average mentally unhealthy days among adults,Overall,Overall,2.8
2020,Utah,Average mentally unhealthy days among adults,Age,Age 18-44,3.6
2020,Washington,Frequent mental distress among adults,Race/Ethnicity,"Black, non-Hispanic",13.7
2020,Wisconsin,Depression among adults,Age,Age 18-44,24.4
2020,United States,Depression among adults,Race/Ethnicity,Hispanic,14.7
2020,West Virginia,Average mentally unhealthy days among adults,Race/Ethnicity,"White, non-Hispanic",2.2
2020,Utah,Average mentally unhealthy days among adults,Sex,Male,3.3
2020,Wisconsin,Average mentally unhealthy days among adults,Age,Age 45-64,2.4
2020,Virginia,Average mentally unhealthy days among adults,Overall,Overall,3.1
2020,Washington,Average mentally unhealthy days among adults,Race/Ethnicity,"White, non-Hispanic",3.8
2020,Wisconsin,Frequent mental distress among adults,Sex,Male,9.4
2020,United States,Frequent mental distress among adults,Race/Ethnicity,"White, non-Hispanic",13.7
2020,Wisconsin,Depression among adults,Race/Ethnicity,"Multiracial, non-Hispanic",40.0
2020,Virginia,Average mentally unhealthy days among adults,Sex,Female,2.9
2020,Texas,Frequent mental distress among adults,Sex,Female,15.0
2020,Texas,Depression among adults,Race/Ethnicity,"Black, non-Hispanic",16.8
2020,Texas,Frequent mental distress among adults,Race/Ethnicity,"Black, non-Hispanic",13.7
2020,Wyoming,Average mentally unhealthy days among adults,Age,Age >=65,1.5
2020,Texas,Average mentally unhealthy days among adults,Race/Ethnicity,"White, non-Hispanic",3.6
2020,Utah,Frequent mental distress among adults,Race/Ethnicity,"Multiracial, non-Hispanic",19.7
2020,Virginia,Average mentally unhealthy days among adults,Race/Ethnicity,"American Indian or Alaska Native, non-Hispanic",0.0
2020,Vermont,Average mentally unhealthy days among adults,Sex,Female,3.7
2020,Wisconsin,Frequent mental distress among adults,Age,Age 45-64,11.7
2020,Virginia,Average mentally unhealthy days among adults,Sex,Male,3.4
2020,Virginia,Depression among adults,Race/Ethnicity,Hispanic,9.9
2020,Texas,Frequent mental distress among adults,Race/Ethnicity,"White, non-Hispanic",14.0
2020,Wyoming,Average mentally unhealthy days among adults,Race/Ethnicity,"White, non-Hispanic",3.1
2020,Washington,Depression among adults,Age,Age 18-44,25.0
2020,Texas,Average mentally unhealthy days among adults,Overall,Overall,2.8
2021,Alabama,Average mentally unhealthy days among adults,Sex,Male,2.7
2020,Virginia,Frequent mental distress among adults,Race/Ethnicity,"Asian, non-Hispanic",6.0
2020,Utah,Frequent mental distress among adults,Race/Ethnicity,"American Indian or Alaska Native, non-Hispanic",25.9
2020,Washington,Frequent mental distress among adults,Sex,Male,10.7
2020,Wyoming,Average mentally unhealthy days among adults,Overall,Overall,2.9
2020,Utah,Average mentally unhealthy days among adults,Age,Age 45-64,3.9
2020,Washington,Depression among adults,Age,Age 45-64,23.4
2020,Texas,Depression among adults,Sex,Male,12.7
2020,United States,Postpartum depressive symptoms among women with a recent live birth,Race/Ethnicity,"Asian, non-Hispanic",16.8
2020,West Virginia,Average mentally unhealthy days among adults,Age,Age 18-44,2.3
2020,Virginia,Frequent mental distress among adults,Sex,Female,15.0
2020,Virginia,Average mentally unhealthy days among adults,Race/Ethnicity,"Black, non-Hispanic",2.8
2020,Vermont,Average mentally unhealthy days among adults,Overall,Overall,3.6
2020,Virginia,Postpartum depressive symptoms among women with a recent live birth,Race/Ethnicity,"White, non-Hispanic",12.1
2020,United States,Postpartum depressive symptoms among women with a recent live birth,Race/Ethnicity,"White, non-Hispanic",12.0
2020,West Virginia,Frequent mental distress among adults,Race/Ethnicity,Hispanic,20.1
2020,Washington,Frequent mental distress among adults,Age,Age 18-44,17.4
2020,Utah,Depression among adults,Race/Ethnicity,"Black, non-Hispanic",20.1
2020,Wisconsin,Depression among adults,Race/Ethnicity,"American Indian or Alaska Native, non-Hispanic",38.7
2020,Texas,Frequent mental distress among adults,Race/Ethnicity,Hispanic,12.7
2020,Vermont,Depression among adults,Race/Ethnicity,Hispanic,29.9
2020,Utah,Average mentally unhealthy days among adults,Race/Ethnicity,"White, non-Hispanic",3.9
2020,Washington,Average mentally unhealthy days among adults,Race/Ethnicity,Hispanic,2.5
2020,Texas,Average mentally unhealthy days among adults,Sex,Male,2.7
2021,Alabama,Depression among adults,Race/Ethnicity,"Multiracial, non-Hispanic",18.8
2020,United States,Depression among adults,Race/Ethnicity,"White, non-Hispanic",21.8
2020,Wisconsin,Frequent mental distress among adults,Race/Ethnicity,"White, non-Hispanic",11.8
2020,West Virginia,Average mentally unhealthy days among adults,Sex,Male,1.8
2020,Wisconsin,Depression among adults,Sex,Female,28.1
2020,United States,Frequent mental distress among adults,Race/Ethnicity,Hispanic,13.5
2020,Wyoming,Depression among adults,Sex,Female,24.7
2020,Wyoming,Frequent mental distress among adults,Sex,Female,15.7
2020,Texas,Depression among adults,Race/Ethnicity,"American Indian or Alaska Native, non-Hispanic",24.9
2020,West Virginia,Depression among adults,Overall,Overall,26.4
2020,West Virginia,Depression among adults,Race/Ethnicity,"Multiracial, non-Hispanic",42.3
2020,Washington,Depression among adults,Race/Ethnicity,"Multiracial, non-Hispanic",27.9
2020,Virginia,Depression among adults,Overall,Overall,17.4
2020,Vermont,Frequent mental distress among adults,Race/Ethnicity,"Multiracial, non-Hispanic",36.9
2021,Alabama,Depression among adults,Race/Ethnicity,"Black, non-Hispanic",15.3
2020,Wyoming,Depression among adults,Sex,Female,25.9
2020,West Virginia,Postpartum depressive symptoms among women with a recent live birth,Overall,Overall,16.0
2020,Virginia,Frequent mental distress among adults,Overall,Overall,12.2
2020,Utah,Depression among adults,Age,Age >=65,15.9
2020,Washington,Frequent mental distress among adults,Race/Ethnicity,"White, non-Hispanic",14.2
2020,Washington,Postpartum depressive symptoms among women with a recent live birth,Race/Ethnicity,"White, non-Hispanic",11.0
2020,Utah,Frequent mental distress among adults,Race/Ethnicity,"Asian, non-Hispanic",9.1
2020,Vermont,Frequent mental distress among adults,Age,Age 45-64,12.8
2020,Wisconsin,Postpartum depressive symptoms among women with a recent live birth,Race/Ethnicity,"Asian, non-Hispanic",13.5
2020,Wyoming,Depression among adults,Age,Age 45-64,17.3
2020,Utah,Postpartum depressive symptoms among women with a recent live birth,Race/Ethnicity,"Multiracial, non-Hispanic",20.1
2020,Texas,Depression among adults,Age,Age >=65,15.0
2020,Texas,Depression among adults,Race/Ethnicity,"White, non-Hispanic",22.1
2020,Vermont,Frequent mental distress among adults,Sex,Female,18.9
2020,Utah,Frequent mental distress among adults,Sex,Male,11.1
2020,Virginia,Postpartum depressive symptoms among women with a recent live birth,Race/Ethnicity,"Black, non-Hispanic",11.2
2020,Wisconsin,Frequent mental distress among adults,Race/Ethnicity,Hispanic,12.9
2020,United States,Average mentally unhealthy days among adults,Sex,Female,3.0
2020,West Virginia,Frequent mental distress among adults,Race/Ethnicity,"White, non-Hispanic",17.5
2020,Washington,Frequent mental distress among adults,Race/Ethnicity,"American Indian or Alaska Native, non-Hispanic",28.2
2020,Virginia,Depression among adults,Race/Ethnicity,"White, non-Hispanic",19.7
2021,Alabama,Depression among adults,Sex,Male,16.1
2020,Texas,Frequent mental distress among adults,Age,Age 45-64,13.2
2020,West Virginia,Frequent mental distress among adults,Overall,Overall,18.6
2020,Washington,Depression among adults,Sex,Female,29.1
2020,Utah,Average mentally unhealthy days among adults,Race/Ethnicity,Hispanic,2.0
2021,Alabama,Depression among adults,Age,Age 45-64,25.3
2021,Alabama,Current poor mental health among high school students,Race/Ethnicity,"White, non-Hispanic",30.3
2020,Wyoming,Frequent mental distress among adults,Race/Ethnicity,Hispanic,14.4
2020,Utah,Frequent mental distress among adults,Sex,Female,18.6
2020,Virginia,Frequent mental distress among adults,Age,Age >=65,6.6
2020,Wyoming,Average mentally unhealthy days among adults,Sex,Male,2.9
2020,Virginia,Depression among adults,Sex,Male,12.1
2021,Alabama,Current poor mental health among high school students,Grade,Grade 11,27.2
2020,West Virginia,Frequent mental distress among adults,Sex,Male,14.2
2021,Alabama,Average mentally unhealthy days among adults,Sex,Female,2.1
2020,United States,Depression among adults,Race/Ethnicity,"American Indian or Alaska Native, non-Hispanic",23.6
2020,Virginia,Average mentally unhealthy days among adults,Age,Age 18-44,3.1
2020,Washington,Depression among adults,Race/Ethnicity,Hispanic,20.5
2020,United States,Depression among adults,Sex,Male,13.1
2020,Vermont,Depression among adults,Overall,Overall,23.9
2020,Washington,Average mentally unhealthy days among adults,Sex,Male,3.8
2020,Wyoming,Frequent mental distress among adults,Race/Ethnicity,Hispanic,16.0
2020,Wisconsin,Frequent mental distress among adults,Age,Age 18-44,16.6
2020,Washington,Frequent mental distress among adults,Sex,Female,16.7
2020,Texas,Depression among adults,Overall,Overall,17.6
2020,Utah,Average mentally unhealthy days among adults,Age,Age >=65,3.3
2020,Wisconsin,Depression among adults,Race/Ethnicity,Hispanic,15.5
2020,Texas,Average mentally unhealthy days among adults,Race/Ethnicity,Hispanic,1.8
2020,West Virginia,Average mentally unhealthy days among adults,Sex,Female,2.2
2020,Utah,Frequent mental distress among adults,Age,Age 45-64,12.0
2020,Utah,Depression among adults,Race/Ethnicity,"Multiracial, non-Hispanic",30.7
2020,Vermont,Depression among adults,Sex,Male,17.9
2021,Alabama,Frequent mental distress among adults,Age,Age 45-64,18.2
2020,Utah,Depression among adults,Race/Ethnicity,"American Indian or Alaska Native, non-Hispanic",19.8
2020,Vermont,Frequent mental distress among adults,Age,Age >=65,6.4
2020,Wisconsin,Postpartum depressive symptoms among women with a recent live birth,Race/Ethnicity,"Black, non-Hispanic",22.4
2020,United States,Frequent mental distress among adults,Race/Ethnicity,"White, non-Hispanic",14.9
2020,United States,Average mentally unhealthy days among adults,Age,Age 18-44,3.1
2020,Washington,Frequent mental distress among adults,Race/Ethnicity,"Multiracial, non-Hispanic",15.8
2020,United States,Frequent mental distress among adults,Sex,Female,16.6
2020,United States,Postpartum depressive symptoms among women with a recent live birth,Race/Ethnicity,"American Indian or Alaska Native, non-Hispanic",20.9
2020,Virginia,Average mentally unhealthy days among adults,Race/Ethnicity,"American Indian or Alaska Native, non-Hispanic",0.0
2020,Utah,Frequent mental distress among adults,Race/Ethnicity,Hispanic,15.0
2020,West Virginia,Depression among adults,Race/Ethnicity,"Black, non-Hispanic",14.3
2020,Virginia,Depression among adults,Race/Ethnicity,"Multiracial, non-Hispanic",28.2
2020,Texas,Frequent mental distress among adults,Race/Ethnicity,"Multiracial, non-Hispanic",24.8
2021,Alabama,Depression among adults,Age,Age >=65,13.8
2020,Wyoming,Average mentally unhealthy days among adults,Race/Ethnicity,"White, non-Hispanic",2.9
2020,Washington,Frequent mental distress among adults,Race/Ethnicity,"Asian, non-Hispanic",7.8
2020,Wisconsin,Frequent mental distress among adults,Sex,Female,16.4
2020,Wisconsin,Average mentally unhealthy days among adults,Sex,Female,4.0
2020,Texas,Frequent mental distress among adults,Sex,Male,11.4
2020,Utah,Postpartum depressive symptoms among women with a recent live birth,Overall,Overall,15.1
2020,West Virginia,Average mentally unhealthy days among adults,Race/Ethnicity,"Multiracial, non-Hispanic",0.0
2020,Wyoming,Postpartum depressive symptoms among women with a recent live birth,Race/Ethnicity,"White, non-Hispanic",14.5
2020,Virginia,Frequent mental distress among adults,Race/Ethnicity,"Black, non-Hispanic",13.5
2020,Washington,Depression among adults,Race/Ethnicity,"White, non-Hispanic",25.7
2020,Texas,Average mentally unhealthy days among adults,Age,Age 45-64,2.7
2020,Vermont,Average mentally unhealthy days among adults,Race/Ethnicity,"White, non-Hispanic",3.6
2020,United States,Postpartum depressive symptoms among women with a recent live birth,Race/Ethnicity,"Hawaiian or Pacific Islander, non-Hispanic",24.2
2020,United States,Frequent mental distress among adults,Age,Age 45-64,12.8
2020,Vermont,Depression among adults,Age,Age >=65,16.7
2021,Alabama,Depression among adults,Race/Ethnicity,"Black, non-Hispanic",15.6
2020,Virginia,Frequent mental distress among adults,Race/Ethnicity,"Multiracial, non-Hispanic",25.3
2020,Wisconsin,Frequent mental distress among adults,Race/Ethnicity,"Black, non-Hispanic",16.7
2020,Wisconsin,Depression among adults,Race/Ethnicity,"White, non-Hispanic",19.7
2021,Alabama,Frequent mental distress among adults,Race/Ethnicity,"White, non-Hispanic",17.0
2020,Utah,Average mentally unhealthy days among adults,Sex,Female,4.0
2020,Vermont,Depression among adults,Race/Ethnicity,"White, non-Hispanic",23.2
2020,Utah,Depression among adults,Sex,Female,30.1
2020,United States,Depression among adults,Age,Age 45-64,18.4
2020,Wyoming,Depression among adults,Race/Ethnicity,"Multiracial, non-Hispanic",23.5
2020,Virginia,Average mentally unhealthy days among adults,Sex,Female,2.9
2020,Washington,Postpartum depressive symptoms among women with a recent live birth,Overall,Overall,12.2
2020,United States,Frequent mental distress among adults,Race/Ethnicity,"Black, non-Hispanic",13.9
2021,Alabama,Average mentally unhealthy days among adults,Race/Ethnicity,"White, non-Hispanic",2.4
2020,West Virginia,Average mentally unhealthy days among adults,Age,Age 45-64,1.6
2020,Utah,Frequent mental distress among adults,Race/Ethnicity,"Black, non-Hispanic",18.6
2020,Virginia,Depression among adults,Age,Age 45-64,16.4
2020,Virginia,Postpartum depressive symptoms among women with a recent live birth,Race/Ethnicity,"Asian, non-Hispanic",21.9
2020,West Virginia,Average mentally unhealthy days among adults,Race/Ethnicity,"Multiracial, non-Hispanic",0.0
2020,Wisconsin,Frequent mental distress among adults,Race/Ethnicity,Hispanic,9.7
2020,Wyoming,Depression among adults,Sex,Male,12.1
2020,United States,Depression among adults,Age,Age 18-44,20.2
2020,Washington,Depression among adults,Age,Age >=65,20.0
2021,Alabama,Depression among adults,Race/Ethnicity,"Multiracial, non-Hispanic",20.3
2020,United States,Depression among adults,Race/Ethnicity,"Multiracial, non-Hispanic",28.5
2020,Texas,Frequent mental distress among adults,Age,Age 18-44,15.6
2021,Alabama,Average mentally unhealthy days among adults,Age,Age >=65,1.7
2020,Vermont,Frequent mental distress among adults,Overall,Overall,14.2
2020,West Virginia,Frequent mental distress among adults,Overall,Overall,17.5
2020,Wyoming,Frequent mental distress among adults,Sex,Male,9.8
2020,Texas,Depression among adults,Sex,Male,12.6
2020,Washington,Depression among adults,Race/Ethnicity,"American Indian or Alaska Native, non-Hispanic",37.9
2020,Vermont,Frequent mental distress among adults,Sex,Female,17.2
2020,Virginia,Frequent mental distress among adults,Race/Ethnicity,"White, non-Hispanic",12.7
2020,Wisconsin,Average mentally unhealthy days among adults,Overall,Overall,3.5
2020,Utah,Depression among adults,Race/Ethnicity,Hispanic,19.3
2020,Vermont,Average mentally unhealthy days among adults,Overall,Overall,3.6
2020,Vermont,Average mentally unhealthy days among adults,Sex,Male,3.3
2020,United States,Average mentally unhealthy days among adults,Age,Age >=65,2.3
2020,West Virginia,Frequent mental distress among adults,Race/Ethnicity,"Multiracial, non-Hispanic",31.8
2020,Virginia,Frequent mental distress among adults,Overall,Overall,12.6
2020,Texas,Average mentally unhealthy days among adults,Overall,Overall,2.8
2020,Wisconsin,Frequent mental distress among adults,Sex,Female,15.5
2020,Washington,Depression among adults,Sex,Female,29.4
2020,Virginia,Frequent mental distress among adults,Race/Ethnicity,Hispanic,10.1
2020,Wyoming,Frequent mental distress among adults,Overall,Overall,12.7
2020,Utah,Depression among adults,Race/Ethnicity,"Asian, non-Hispanic",10.1
2020,Wisconsin,Depression among adults,Sex,Male,12.9
2020,United States,Depression among adults,Race/Ethnicity,"Hawaiian or Pacific Islander, non-Hispanic",14.0
2020,Vermont,Average mentally unhealthy days among adults,Age,Age >=65,3.6
2020,Texas,Depression among adults,Race/Ethnicity,"Multiracial, non-Hispanic",41.8
2020,Virginia,Average mentally unhealthy days among adults,Race/Ethnicity,"Black, non-Hispanic",2.8
2020,Wyoming,Frequent mental distress among adults,Race/Ethnicity,"White, non-Hispanic",11.1
2020,Virginia,Depression among adults,Race/Ethnicity,"Multiracial, non-Hispanic",24.4
2020,Wyoming,Depression among adults,Overall,Overall,18.3
2020,West Virginia,Depression among adults,Sex,Male,20.9
2020,West Virginia,Frequent mental distress among adults,Age,Age >=65,10.2
2020,Utah,Average mentally unhealthy days among adults,Race/Ethnicity,Hispanic,1.6
2020,Texas,Average mentally unhealthy days among adults,Sex,Female,2.7
2020,Wyoming,Depression among adults,Overall,Overall,19.0
2020,West Virginia,Depression among adults,Race/Ethnicity,"White, non-Hispanic",27.8
2020,Vermont,Frequent mental distress among adults,Race/Ethnicity,"White, non-Hispanic",15.1
2020,Virginia,Frequent mental distress among adults,Sex,Male,9.4
2020,Virginia,Depression among adults,Race/Ethnicity,"Asian, non-Hispanic",7.1
2021,Alabama,Frequent mental distress among adults,Race/Ethnicity,"Black, non-Hispanic",20.0
2021,Alabama,Average mentally unhealthy days among adults,Overall,Overall,2.3
2020,Washington,Frequent mental distress among adults,Age,Age 45-64,11.9
2020,West Virginia,Frequent mental distress among adults,Sex,Female,20.7
2020,Wisconsin,Depression among adults,Age,Age 45-64,18.9
2020,Wisconsin,Depression among adults,Race/Ethnicity,"Black, non-Hispanic",20.3
2021,Alabama,Average mentally unhealthy days among adults,Sex,Male,2.6
2020,United States,Average mentally unhealthy days among adults,Sex,Female,3.0
2020,Virginia,Frequent mental distress among adults,Race/Ethnicity,"Asian, non-Hispanic",7.2
2020,United States,Average mentally unhealthy days among adults,Overall,Overall,2.8
2021,Alabama,Depression among adults,Sex,Female,28.4
2020,Washington,Frequent mental distress among adults,Sex,Female,17.2
2020,Washington,Average mentally unhealthy days among adults,Age,Age >=65,3.4
2020,Utah,Frequent mental distress among adults,Race/Ethnicity,"American Indian or Alaska Native, non-Hispanic",25.9
2020,Utah,Depression among adults,Age,Age 18-44,26.1
2020,Wisconsin,Postpartum depressive symptoms among women with a recent live birth,Race/Ethnicity,"American Indian or Alaska Native, non-Hispanic",17.3
2020,West Virginia,Depression among adults,Age,Age >=65,19.0
2020,United States,Frequent mental distress among adults,Race/Ethnicity,Hispanic,13.3
2021,Alabama,Current poor mental health among high school students,Grade,Grade 12,28.0
2020,West Virginia,Average mentally unhealthy days among adults,Sex,Female,2.3
2021,Alabama,Depression among adults,Overall,Overall,22.4
2020,West Virginia,Frequent mental distress among adults,Age,Age 18-44,21.0
2021,Alabama,Postpartum depressive symptoms among women with a recent live birth,Overall,Overall,18.7
2020,United States,Frequent mental distress among adults,Race/Ethnicity,"Multiracial, non-Hispanic",20.3
2020,United States,Average mentally unhealthy days among adults,Age,Age 45-64,2.8
2020,Washington,Depression among adults,Race/Ethnicity,"Black, non-Hispanic",22.5
2020,Vermont,Depression among adults,Race/Ethnicity,"American Indian or Alaska Native, non-Hispanic",31.3
2020,Wyoming,Frequent mental distress among adults,Race/Ethnicity,"Multiracial, non-Hispanic",28.5
2020,Virginia,Frequent mental distress among adults,Age,Age 18-44,16.2
2020,Wisconsin,Frequent mental distress among adults,Age,Age >=65,5.8
2021,Alabama,Depression among adults,Race/Ethnicity,Hispanic,30.4
2020,Wyoming,Frequent mental distress among adults,Age,Age >=65,6.5
2020,Virginia,Frequent mental distress among adults,Race/Ethnicity,"Multiracial, non-Hispanic",21.6
2020,Virginia,Postpartum depressive symptoms among women with a recent live birth,Overall,Overall,11.8
2020,Utah,Depression among adults,Sex,Male,16.1
2020,Utah,Frequent mental distress among adults,Overall,Overall,14.6
2020,Wisconsin,Postpartum depressive symptoms among women with a recent live birth,Race/Ethnicity,"Multiracial, non-Hispanic",23.1
2020,Texas,Average mentally unhealthy days among adults,Race/Ethnicity,"American Indian or Alaska Native, non-Hispanic",0.0
2020,Vermont,Depression among adults,Race/Ethnicity,"White, non-Hispanic",22.5
2020,Utah,Depression among adults,Age,Age 45-64,21.6
2020,Wisconsin,Average mentally unhealthy days among adults,Sex,Male,3.1
2020,United States,Postpartum depressive symptoms among women with a recent live birth,Overall,Overall,13.4
2020,Washington,Depression among adults,Race/Ethnicity,"Asian, non-Hispanic",10.8
2020,Virginia,Average mentally unhealthy days among adults,Age,Age 45-64,3.5
2020,Virginia,Frequent mental distress among adults,Sex,Male,9.3
2021,Alabama,Average mentally unhealthy days among adults,Sex,Female,2.0
2020,Washington,Average mentally unhealthy days among adults,Sex,Male,3.9
2021,Alabama,Average mentally unhealthy days among adults,Age,Age 45-64,1.8
2020,United States,Depression among adults,Race/Ethnicity,"White, non-Hispanic",20.6
2020,United States,Frequent mental distress among adults,Age,Age 18-44,16.5
2020,West Virginia,Frequent mental distress among adults,Race/Ethnicity,"Multiracial, non-Hispanic",34.0
2020,Utah,Postpartum depressive symptoms among women with a recent live birth,Race/Ethnicity,"White, non-Hispanic",14.7
2020,Utah,Average mentally unhealthy days among adults,Sex,Female,4.0
2020,Washington,Average mentally unhealthy days among adults,Race/Ethnicity,"Multiracial, non-Hispanic",6.3
2020,United States,Depression among adults,Overall,Overall,18.6
2020,Texas,Depression among adults,Race/Ethnicity,"Asian, non-Hispanic",7.9
2020,Virginia,Average mentally unhealthy days among adults,Race/Ethnicity,"White, non-Hispanic",3.0
2020,Texas,Frequent mental distress among adults,Age,Age >=65,6.5
2020,Washington,Depression among adults,Sex,Male,17.8
2020,Wyoming,Frequent mental distress among adults,Sex,Male,9.3
2020,Utah,Frequent mental distress among adults,Race/Ethnicity,Hispanic,16.1
2020,West Virginia,Depression among adults,Race/Ethnicity,Hispanic,25.8
2020,Virginia,Depression among adults,Race/Ethnicity,"Asian, non-Hispanic",8.7
2020,Vermont,Depression among adults,Age,Age 18-44,27.0
2020,Vermont,Average mentally unhealthy days among adults,Race/Ethnicity,"White, non-Hispanic",3.6
2020,West Virginia,Depression among adults,Overall,Overall,27.3
2021,Alabama,Current poor mental health among high school students,Sex,Male,13.5
2021,Alabama,Frequent mental distress among adults,Sex,Female,22.8
2020,Vermont,Depression among adults,Sex,Male,18.2
2021,Alabama,Frequent mental distress among adults,Age,Age 18-44,24.0
2020,Wyoming,Depression among adults,Race/Ethnicity,Hispanic,19.9
2021,Alabama,Postpartum depressive symptoms among women with a recent live birth,Race/Ethnicity,Hispanic,11.6
2020,Utah,Depression among adults,Sex,Male,15.8
2020,Washington,Postpartum depressive symptoms among women with a recent live birth,Race/Ethnicity,Hispanic,11.3
2020,Utah,Average mentally unhealthy days among adults,Overall,Overall,3.7
2020,Wisconsin,Postpartum depressive symptoms among women with a recent live birth,Overall,Overall,13.8
2020,United States,Frequent mental distress among adults,Sex,Male,11.1
2020,United States,Depression among adults,Race/Ethnicity,"Asian, non-Hispanic",7.3
2020,United States,Postpartum depressive symptoms among women with a recent live birth,Race/Ethnicity,Hispanic,12.7
2020,Texas,Frequent mental distress among adults,Race/Ethnicity,"Multiracial, non-Hispanic",21.7
2020,Virginia,Depression among adults,Sex,Female,22.1
2020,United States,Depression among adults,Age,Age >=65,14.2
2020,United States,Depression among adults,Race/Ethnicity,"Multiracial, non-Hispanic",27.9
2020,Washington,Average mentally unhealthy days among adults,Overall,Overall,3.9
2020,Virginia,Average mentally unhealthy days among adults,Sex,Male,3.3
2020,Washington,Depression among adults,Race/Ethnicity,"White, non-Hispanic",26.5
2020,Wisconsin,Depression among adults,Race/Ethnicity,"White, non-Hispanic",21.1
2020,Texas,Average mentally unhealthy days among adults,Sex,Female,2.7
2020,Virginia,Depression among adults,Sex,Female,22.7
2021,Alabama,Current poor mental health among high school students,Race/Ethnicity,Hispanic,35.8
2020,Virginia,Depression among adults,Age,Age 18-44,19.7
2020,Vermont,Average mentally unhealthy days among adults,Sex,Male,3.4
2020,West Virginia,Depression among adults,Race/Ethnicity,"White, non-Hispanic",26.7
2021,Alabama,Frequent mental distress among adults,Race/Ethnicity,"Multiracial, non-Hispanic",29.7
2020,West Virginia,Depression among adults,Sex,Male,20.1
2020,Washington,Average mentally unhealthy days among adults,Age,Age 18-44,4.1
2021,Alabama,Average mentally unhealthy days among adults,Age,Age 18-44,3.0
2020,Texas,Depression among adults,Age,Age 45-64,18.7
2021,Alabama,Frequent mental distress among adults,Sex,Male,15.1
2020,Vermont,Average mentally unhealthy days among adults,Age,Age 18-44,3.4
2020,Utah,Frequent mental distress among adults,Race/Ethnicity,"Multiracial, non-Hispanic",20.0
2020,United States,Average mentally unhealthy days among adults,Sex,Male,2.8
2021,Alabama,Frequent mental distress among adults,Race/Ethnicity,"Black, non-Hispanic",20.4
2020,Washington,Frequent mental distress among adults,Race/Ethnicity,"Asian, non-Hispanic",6.7
2020,Wisconsin,Depression among adults,Overall,Overall,20.7
2020,Wyoming,Depression among adults,Race/Ethnicity,"White, non-Hispanic",19.5
2020,Vermont,Depression among adults,Race/Ethnicity,"Multiracial, non-Hispanic",50.7
2021,Alabama,Depression among adults,Race/Ethnicity,"White, non-Hispanic",25.8
2020,Washington,Average mentally unhealthy days among adults,Race/Ethnicity,"Asian, non-Hispanic",5.2
2021,Alabama,Depression among adults,Sex,Female,29.5
2020,Wyoming,Frequent mental distress among adults,Overall,Overall,12.1
2020,West Virginia,Depression among adults,Age,Age 18-44,28.2
2020,Washington,Depression among adults,Race/Ethnicity,Hispanic,19.6
2020,Wisconsin,Frequent mental distress among adults,Overall,Overall,12.5
2020,West Virginia,Average mentally unhealthy days among adults,Race/Ethnicity,Hispanic,0.0
2020,Virginia,Depression among adults,Race/Ethnicity,"American Indian or Alaska Native, non-Hispanic",22.2
2020,Texas,Frequent mental distress among adults,Sex,Female,15.3
2020,Wyoming,Depression among adults,Sex,Male,12.5
2020,Wyoming,Average mentally unhealthy days among adults,Sex,Female,2.8
2020,Washington,Depression among adults,Race/Ethnicity,"Black, non-Hispanic",21.7
2020,Utah,Depression among adults,Race/Ethnicity,"White, non-Hispanic",24.5
2020,Virginia,Frequent mental distress among adults,Age,Age 45-64,10.3
2020,United States,Average mentally unhealthy days among adults,Overall,Overall,2.9
2020,Wyoming,Average mentally unhealthy days among adults,Age,Age 18-44,3.0
2020,Utah,Frequent mental distress among adults,Race/Ethnicity,"Black, non-Hispanic",18.1
2020,Vermont,Frequent mental distress among adults,Overall,Overall,15.2
2020,Washington,Frequent mental distress among adults,Race/Ethnicity,"Multiracial, non-Hispanic",16.6
2021,Alabama,Average mentally unhealthy days among adults,Race/Ethnicity,"White, non-Hispanic",2.1
2020,Wyoming,Depression among adults,Age,Age >=65,11.5
2020,Wisconsin,Average mentally unhealthy days among adults,Race/Ethnicity,"White, non-Hispanic",4.0
2020,Washington,Depression among adults,Overall,Overall,23.6
2020,United States,Depression among adults,Race/Ethnicity,"Black, non-Hispanic",16.1
2020,West Virginia,Average mentally unhealthy days among adults,Overall,Overall,2.1
2020,Vermont,Frequent mental distress among adults,Sex,Male,11.0
2020,Utah,Frequent mental distress among adults,Sex,Female,19.0
2020,Wisconsin,Postpartum depressive symptoms among women with a recent live birth,Race/Ethnicity,"White, non-Hispanic",11.6
2020,Vermont,Postpartum depressive symptoms among women with a recent live birth,Race/Ethnicity,"White, non-Hispanic",11.1
2020,United States,Frequent mental distress among adults,Race/Ethnicity,"Black, non-Hispanic",13.8
2020,Wisconsin,Average mentally unhealthy days among adults,Overall,Overall,3.7
2020,Wisconsin,Average mentally unhealthy days among adults,Sex,Male,3.2
2020,Texas,Depression among adults,Race/Ethnicity,"Multiracial, non-Hispanic",35.0
2020,Washington,Frequent mental distress among adults,Overall,Overall,14.1
2020,Virginia,Postpartum depressive symptoms among women with a recent live birth,Race/Ethnicity,Hispanic,8.4
2020,West Virginia,Frequent mental distress among adults,Sex,Female,21.9
2021,Missouri,Depression among adults,Age,Age 45-64,21.4
2021,Connecticut,Postpartum depressive symptoms among women with a recent live birth,Race/Ethnicity,"Asian, non-Hispanic",16.7
2021,Colorado,Depression among adults,Race/Ethnicity,"White, non-Hispanic",22.3
2021,California,Depression among adults,Race/Ethnicity,"Multiracial, non-Hispanic",20.4
2021,Alaska,Depression among adults,Race/Ethnicity,Hispanic,22.5
2021,Colorado,Average mentally unhealthy days among adults,Sex,Female,3.3
2021,California,Depression among adults,Sex,Male,12.2
2021,Connecticut,Average mentally unhealthy days among adults,Age,Age >=65,2.6
2021,District of Columbia,Frequent mental distress among adults,Age,Age 18-44,17.1
2021,Connecticut,Frequent mental distress among adults,Overall,Overall,13.3
2021,District of Columbia,Current poor mental health among high school students,Overall,Overall,25.4
2021,District of Columbia,Postpartum depressive symptoms among women with a recent live birth,Race/Ethnicity,"White, non-Hispanic",5.4
2021,California,Average mentally unhealthy days among adults,Age,Age 45-64,4.1
2021,Arizona,Depression among adults,Overall,Overall,17.8
2021,Alaska,Frequent mental distress among adults,Overall,Overall,14.0
2021,Connecticut,Current poor mental health among high school students,Race/Ethnicity,"Black, non-Hispanic",19.3
2021,Delaware,Average mentally unhealthy days among adults,Age,Age >=65,2.5
2021,District of Columbia,Depression among adults,Sex,Male,16.2
2021,Connecticut,Depression among adults,Overall,Overall,18.0
2021,California,Frequent mental distress among adults,Sex,Male,12.0
2021,Connecticut,Frequent mental distress among adults,Sex,Male,10.2
2021,California,Frequent mental distress among adults,Age,Age 18-44,17.3
2021,Arizona,Depression among adults,Race/Ethnicity,"White, non-Hispanic",21.8
2021,Alaska,Average mentally unhealthy days among adults,Sex,Male,2.7
2021,Alaska,Frequent mental distress among adults,Sex,Female,15.8
2021,Arkansas,Frequent mental distress among adults,Race/Ethnicity,"Multiracial, non-Hispanic",33.9
2021,Colorado,Average mentally unhealthy days among adults,Age,Age 45-64,3.3
2021,Connecticut,Depression among adults,Sex,Female,22.2
2021,Arkansas,Frequent mental distress among adults,Race/Ethnicity,"American Indian or Alaska Native, non-Hispanic",23.2
2021,California,Frequent mental distress among adults,Race/Ethnicity,"Multiracial, non-Hispanic",18.6
2021,Delaware,Frequent mental distress among adults,Race/Ethnicity,Hispanic,13.6
2021,California,Average mentally unhealthy days among adults,Sex,Female,4.8
2021,Arkansas,Current poor mental health among high school students,Sex,Male,19.6
2021,Colorado,Average mentally unhealthy days among adults,Race/Ethnicity,Hispanic,2.3
2021,Arkansas,Depression among adults,Race/Ethnicity,"Black, non-Hispanic",17.9
2021,Delaware,Depression among adults,Race/Ethnicity,"White, non-Hispanic",20.6
2021,Arizona,Frequent mental distress among adults,Sex,Male,12.7
2021,District of Columbia,Frequent mental distress among adults,Race/Ethnicity,"Multiracial, non-Hispanic",19.7
2021,Delaware,Depression among adults,Age,Age 45-64,16.8
2021,Arkansas,Current poor mental health among high school students,Race/Ethnicity,Hispanic,32.6
2021,Connecticut,Average mentally unhealthy days among adults,Race/Ethnicity,"White, non-Hispanic",3.3
2021,Arizona,Current poor mental health among high school students,Race/Ethnicity,"White, non-Hispanic",35.1
2021,Delaware,Frequent mental distress among adults,Race/Ethnicity,"Black, non-Hispanic",13.6
2021,Arkansas,Average mentally unhealthy days among adults,Age,Age >=65,2.2
2021,Connecticut,Average mentally unhealthy days among adults,Sex,Male,3.0
2021,Colorado,Depression among adults,Age,Age >=65,13.8
2021,Connecticut,Frequent mental distress among adults,Race/Ethnicity,"Black, non-Hispanic",12.1
2021,Arizona,Frequent mental distress among adults,Age,Age 45-64,13.4
2021,Colorado,Current poor mental health among high school students,Grade,Grade 10,33.8
2021,Connecticut,Current poor mental health among high school students,Sex,Male,16.4
2021,District of Columbia,Depression among adults,Age,Age 45-64,19.3
2021,Alaska,Depression among adults,Overall,Overall,19.7
2021,Connecticut,Depression among adults,Race/Ethnicity,"Multiracial, non-Hispanic",17.6
2021,Arkansas,Frequent mental distress among adults,Sex,Female,23.0
2021,Colorado,Depression among adults,Race/Ethnicity,Hispanic,15.7
2021,Connecticut,Depression among adults,Race/Ethnicity,Hispanic,17.2
2021,California,Average mentally unhealthy days among adults,Race/Ethnicity,"Asian, non-Hispanic",5.4
2021,District of Columbia,Depression among adults,Race/Ethnicity,"White, non-Hispanic",22.5
2021,Arizona,Depression among adults,Sex,Male,12.5
2021,Arkansas,Depression among adults,Race/Ethnicity,"American Indian or Alaska Native, non-Hispanic",33.9
2021,Connecticut,Frequent mental distress among adults,Race/Ethnicity,Hispanic,14.5
2021,Arkansas,Depression among adults,Race/Ethnicity,Hispanic,14.3
2021,Delaware,Frequent mental distress among adults,Age,Age 45-64,11.3
2021,Arkansas,Postpartum depressive symptoms among women with a recent live birth,Race/Ethnicity,"White, non-Hispanic",19.5
2021,Connecticut,Postpartum depressive symptoms among women with a recent live birth,Race/Ethnicity,"White, non-Hispanic",9.1
2021,Delaware,Depression among adults,Race/Ethnicity,Hispanic,13.2
2021,Connecticut,Average mentally unhealthy days among adults,Sex,Male,3.1
2021,Colorado,Frequent mental distress among adults,Sex,Female,17.2
2021,District of Columbia,Frequent mental distress among adults,Sex,Female,15.9
2021,Delaware,Frequent mental distress among adults,Sex,Male,9.3
2021,Colorado,Postpartum depressive symptoms among women with a recent live birth,Overall,Overall,11.4
2021,Arkansas,Average mentally unhealthy days among adults,Overall,Overall,2.0
2021,Colorado,Current poor mental health among high school students,Race/Ethnicity,Hispanic,36.9
2021,California,Frequent mental distress among adults,Race/Ethnicity,"Black, non-Hispanic",18.8
2021,District of Columbia,Frequent mental distress among adults,Race/Ethnicity,"Multiracial, non-Hispanic",22.0
2021,Delaware,Postpartum depressive symptoms among women with a recent live birth,Race/Ethnicity,Hispanic,5.8
2021,Connecticut,Average mentally unhealthy days among adults,Race/Ethnicity,"Black, non-Hispanic",3.3
2021,Colorado,Depression among adults,Race/Ethnicity,"American Indian or Alaska Native, non-Hispanic",25.7
2021,District of Columbia,Average mentally unhealthy days among adults,Race/Ethnicity,"White, non-Hispanic",5.2
2021,Alaska,Average mentally unhealthy days among adults,Age,Age >=65,2.5
2021,Colorado,Frequent mental distress among adults,Age,Age 18-44,18.3
2021,District of Columbia,Current poor mental health among high school students,Sex,Female,33.8
2021,Alaska,Average mentally unhealthy days among adults,Sex,Female,3.8
2021,Arizona,Current poor mental health among high school students,Race/Ethnicity,"Black, non-Hispanic",37.5
2021,Arkansas,Depression among adults,Race/Ethnicity,"White, non-Hispanic",26.6
2021,Arizona,Frequent mental distress among adults,Race/Ethnicity,"American Indian or Alaska Native, non-Hispanic",19.1
2021,District of Columbia,Depression among adults,Race/Ethnicity,Hispanic,14.0
2021,Connecticut,Average mentally unhealthy days among adults,Race/Ethnicity,Hispanic,2.0
2021,Connecticut,Depression among adults,Sex,Male,13.5
2021,Arizona,Depression among adults,Race/Ethnicity,Hispanic,14.1
2021,Alaska,Frequent mental distress among adults,Race/Ethnicity,Hispanic,23.5
2021,Colorado,Average mentally unhealthy days among adults,Race/Ethnicity,Hispanic,2.3
2021,Arkansas,Average mentally unhealthy days among adults,Sex,Female,2.2
2021,Delaware,Average mentally unhealthy days among adults,Sex,Male,2.7
2021,Alaska,Depression among adults,Race/Ethnicity,"White, non-Hispanic",20.4
2021,Arizona,Frequent mental distress among adults,Race/Ethnicity,Hispanic,15.0
2021,Arkansas,Frequent mental distress among adults,Race/Ethnicity,Hispanic,13.3
2021,Colorado,Frequent mental distress among adults,Race/Ethnicity,"Multiracial, non-Hispanic",26.4
2021,Alaska,Frequent mental distress among adults,Race/Ethnicity,"Multiracial, non-Hispanic",24.5
2021,California,Average mentally unhealthy days among adults,Race/Ethnicity,Hispanic,3.0
2021,California,Average mentally unhealthy days among adults,Age,Age 18-44,4.1
2021,Arizona,Current poor mental health among high school students,Grade,Grade 9,30.3
2021,Delaware,Frequent mental distress among adults,Race/Ethnicity,"White, non-Hispanic",15.2
2021,Alaska,Average mentally unhealthy days among adults,Overall,Overall,3.2
2021,Connecticut,Average mentally unhealthy days among adults,Overall,Overall,3.0
2021,Connecticut,Depression among adults,Race/Ethnicity,"Asian, non-Hispanic",7.3
2021,Arkansas,Postpartum depressive symptoms among women with a recent live birth,Overall,Overall,19.7
2021,Arizona,Average mentally unhealthy days among adults,Overall,Overall,2.8
2021,District of Columbia,Average mentally unhealthy days among adults,Overall,Overall,3.4
2021,Delaware,Average mentally unhealthy days among adults,Overall,Overall,3.0
2021,Alaska,Depression among adults,Sex,Male,14.8
2021,District of Columbia,Depression among adults,Race/Ethnicity,"Black, non-Hispanic",20.4
2021,Connecticut,Current poor mental health among high school students,Grade,Grade 9,25.8
2021,Colorado,Frequent mental distress among adults,Race/Ethnicity,"American Indian or Alaska Native, non-Hispanic",16.3
2021,District of Columbia,Postpartum depressive symptoms among women with a recent live birth,Race/Ethnicity,"Black, non-Hispanic",24.5
2021,Connecticut,Frequent mental distress among adults,Race/Ethnicity,"White, non-Hispanic",13.8
2021,Arizona,Average mentally unhealthy days among adults,Sex,Female,3.2
2021,Arkansas,Depression among adults,Overall,Overall,25.3
2021,Connecticut,Current poor mental health among high school students,Grade,Grade 12,33.1
2021,Alaska,Frequent mental distress among adults,Overall,Overall,14.0
2021,Arkansas,Current poor mental health among high school students,Grade,Grade 10,33.9
2021,Arkansas,Frequent mental distress among adults,Age,Age 18-44,23.1
2021,Colorado,Depression among adults,Race/Ethnicity,"Black, non-Hispanic",19.4
2021,Arizona,Average mentally unhealthy days among adults,Sex,Male,2.3
2021,Arizona,Depression among adults,Race/Ethnicity,"White, non-Hispanic",20.0
2021,Arizona,Current poor mental health among high school students,Grade,Grade 10,34.1
2021,Arkansas,Frequent mental distress among adults,Race/Ethnicity,"White, non-Hispanic",18.6
2021,Colorado,Average mentally unhealthy days among adults,Overall,Overall,3.3
2021,California,Average mentally unhealthy days among adults,Race/Ethnicity,"Asian, non-Hispanic",5.4
2021,Arkansas,Frequent mental distress among adults,Age,Age 45-64,18.3
2021,Colorado,Current poor mental health among high school students,Race/Ethnicity,"White, non-Hispanic",30.0
2021,Delaware,Frequent mental distress among adults,Race/Ethnicity,Hispanic,12.9
2021,Arkansas,Current poor mental health among high school students,Sex,Female,43.0
2021,Delaware,Depression among adults,Sex,Female,22.1
2021,Delaware,Frequent mental distress among adults,Overall,Overall,13.0
2021,Connecticut,Depression among adults,Overall,Overall,18.6
2021,Colorado,Current poor mental health among high school students,Grade,Grade 11,36.2
2021,California,Frequent mental distress among adults,Age,Age 45-64,12.6
2021,Delaware,Depression among adults,Overall,Overall,16.4
2021,Connecticut,Average mentally unhealthy days among adults,Age,Age 18-44,2.6
2021,Alaska,Depression among adults,Age,Age >=65,13.6
2021,Colorado,Depression among adults,Race/Ethnicity,"Black, non-Hispanic",18.7
2021,District of Columbia,Depression among adults,Sex,Female,23.9
2021,District of Columbia,Frequent mental distress among adults,Age,Age 45-64,12.1
2021,Delaware,Postpartum depressive symptoms among women with a recent live birth,Race/Ethnicity,"Asian, non-Hispanic",10.6
2021,District of Columbia,Current poor mental health among high school students,Race/Ethnicity,"American Indian or Alaska Native, non-Hispanic",23.0
2021,Arkansas,Frequent mental distress among adults,Sex,Male,15.4
2021,Arkansas,Current poor mental health among high school students,Grade,Grade 12,30.0
2021,Arizona,Depression among adults,Age,Age 18-44,19.8
2021,District of Columbia,Frequent mental distress among adults,Race/Ethnicity,"White, non-Hispanic",11.6
2021,Alaska,Depression among adults,Race/Ethnicity,"Multiracial, non-Hispanic",27.3
2021,Arizona,Frequent mental distress among adults,Overall,Overall,16.0
2021,California,Average mentally unhealthy days among adults,Overall,Overall,3.8
2021,Connecticut,Frequent mental distress among adults,Sex,Male,10.5
2021,Arizona,Depression among adults,Sex,Male,12.7
2021,Alaska,Frequent mental distress among adults,Sex,Male,12.3
2021,Connecticut,Depression among adults,Age,Age >=65,12.7
2021,District of Columbia,Current poor mental health among high school students,Race/Ethnicity,"Multiracial, non-Hispanic",33.4
2021,Alaska,Depression among adults,Race/Ethnicity,"Black, non-Hispanic",16.8
2021,Arkansas,Frequent mental distress among adults,Sex,Male,15.0
2021,Arkansas,Average mentally unhealthy days among adults,Sex,Male,1.7
2021,Colorado,Depression among adults,Race/Ethnicity,Hispanic,15.2
2021,Arkansas,Depression among adults,Sex,Female,29.9
2021,District of Columbia,Average mentally unhealthy days among adults,Race/Ethnicity,"White, non-Hispanic",4.7
2021,California,Depression among adults,Race/Ethnicity,"White, non-Hispanic",20.1
2021,Alaska,Frequent mental distress among adults,Race/Ethnicity,"American Indian or Alaska Native, non-Hispanic",12.4
2021,Delaware,Postpartum depressive symptoms among women with a recent live birth,Race/Ethnicity,"White, non-Hispanic",8.3
2021,Colorado,Depression among adults,Sex,Female,26.5
2021,Alaska,Frequent mental distress among adults,Age,Age >=65,7.6
2021,California,Frequent mental distress among adults,Race/Ethnicity,"White, non-Hispanic",17.2
2021,Alaska,Depression among adults,Race/Ethnicity,"American Indian or Alaska Native, non-Hispanic",20.6
2021,Colorado,Depression among adults,Age,Age 45-64,18.6
2021,District of Columbia,Depression among adults,Age,Age 18-44,22.9
2021,Colorado,Average mentally unhealthy days among adults,Sex,Female,3.3
2021,Colorado,Postpartum depressive symptoms among women with a recent live birth,Race/Ethnicity,"Multiracial, non-Hispanic",4.0
2021,Arizona,Depression among adults,Race/Ethnicity,"Black, non-Hispanic",18.8
2021,California,Depression among adults,Age,Age 45-64,15.2
2021,California,Average mentally unhealthy days among adults,Sex,Female,4.7
2021,Alaska,Depression among adults,Sex,Female,25.2
2021,Arizona,Average mentally unhealthy days among adults,Race/Ethnicity,Hispanic,2.4
2021,Connecticut,Frequent mental distress among adults,Race/Ethnicity,"Black, non-Hispanic",11.9
2021,District of Columbia,Postpartum depressive symptoms among women with a recent live birth,Overall,Overall,15.3
2021,Connecticut,Current poor mental health among high school students,Race/Ethnicity,"Multiracial, non-Hispanic",40.3
2021,Arizona,Frequent mental distress among adults,Race/Ethnicity,"White, non-Hispanic",17.6
2021,California,Frequent mental distress among adults,Sex,Female,17.4
2021,Alaska,Average mentally unhealthy days among adults,Race/Ethnicity,"White, non-Hispanic",3.5
2021,Delaware,Frequent mental distress among adults,Sex,Male,9.8
2021,California,Average mentally unhealthy days among adults,Age,Age >=65,2.7
2021,Alaska,Depression among adults,Race/Ethnicity,"American Indian or Alaska Native, non-Hispanic",20.9
2021,Arizona,Frequent mental distress among adults,Race/Ethnicity,"White, non-Hispanic",15.3
2021,Arkansas,Average mentally unhealthy days among adults,Race/Ethnicity,"White, non-Hispanic",2.0
2021,Connecticut,Depression among adults,Race/Ethnicity,"White, non-Hispanic",19.9
2021,Connecticut,Depression among adults,Race/Ethnicity,"Asian, non-Hispanic",8.5
2021,District of Columbia,Average mentally unhealthy days among adults,Sex,Male,2.7
2021,District of Columbia,Current poor mental health among high school students,Race/Ethnicity,Hispanic,25.8
2021,Alaska,Frequent mental distress among adults,Sex,Male,12.1
2021,California,Depression among adults,Race/Ethnicity,Hispanic,12.5
2021,Delaware,Average mentally unhealthy days among adults,Overall,Overall,3.0
2021,Delaware,Depression among adults,Race/Ethnicity,Hispanic,12.7
2021,Colorado,Frequent mental distress among adults,Overall,Overall,14.2
2021,Arizona,Average mentally unhealthy days among adults,Race/Ethnicity,"White, non-Hispanic",2.9
2021,Connecticut,Average mentally unhealthy days among adults,Race/Ethnicity,"White, non-Hispanic",3.4
2021,Colorado,Frequent mental distress among adults,Sex,Female,17.9
2021,Arkansas,Current poor mental health among high school students,Race/Ethnicity,"White, non-Hispanic",35.2
2021,Alaska,Frequent mental distress among adults,Race/Ethnicity,"White, non-Hispanic",12.6
2021,Arizona,Current poor mental health among high school students,Race/Ethnicity,"Multiracial, non-Hispanic",30.1
2021,District of Columbia,Current poor mental health among high school students,Grade,Grade 12,28.2
2021,Delaware,Average mentally unhealthy days among adults,Race/Ethnicity,"Black, non-Hispanic",3.3
2021,Alaska,Average mentally unhealthy days among adults,Overall,Overall,3.2
2021,California,Frequent mental distress among adults,Race/Ethnicity,"Black, non-Hispanic",20.4
2021,Colorado,Current poor mental health among high school students,Overall,Overall,32.6
2021,California,Frequent mental distress among adults,Race/Ethnicity,Hispanic,12.0
2021,Connecticut,Frequent mental distress among adults,Race/Ethnicity,Hispanic,13.8
2021,Colorado,Depression among adults,Age,Age 18-44,24.3
2021,Delaware,Average mentally unhealthy days among adults,Race/Ethnicity,"White, non-Hispanic",3.5
2021,California,Depression among adults,Age,Age 18-44,16.0
2021,Arizona,Frequent mental distress among adults,Sex,Male,13.0
2021,District of Columbia,Current poor mental health among high school students,Race/Ethnicity,"White, non-Hispanic",30.0
2021,Connecticut,Current poor mental health among high school students,Race/Ethnicity,"Asian, non-Hispanic",21.6
2021,California,Depression among adults,Sex,Female,18.2
2021,Delaware,Depression among adults,Sex,Female,20.5
2021,Arkansas,Depression among adults,Age,Age 45-64,24.2
2021,Arizona,Current poor mental health among high school students,Overall,Overall,35.9
2021,Colorado,Depression among adults,Sex,Male,14.3
2021,Delaware,Frequent mental distress among adults,Race/Ethnicity,"White, non-Hispanic",13.6
2021,California,Depression among adults,Race/Ethnicity,"Black, non-Hispanic",14.3
2021,Arkansas,Average mentally unhealthy days among adults,Overall,Overall,2.0
2021,Connecticut,Frequent mental distress among adults,Age,Age 45-64,11.6
2021,Arizona,Average mentally unhealthy days among adults,Overall,Overall,2.8
2021,Delaware,Average mentally unhealthy days among adults,Sex,Male,2.8
2021,Colorado,Frequent mental distress among adults,Age,Age >=65,7.1
2021,Colorado,Frequent mental distress among adults,Race/Ethnicity,"Multiracial, non-Hispanic",23.2
2021,District of Columbia,Average mentally unhealthy days among adults,Age,Age 45-64,3.3
2021,Arkansas,Depression among adults,Race/Ethnicity,"White, non-Hispanic",28.0
2021,California,Average mentally unhealthy days among adults,Race/Ethnicity,"White, non-Hispanic",4.2
2021,Arizona,Depression among adults,Age,Age >=65,13.7
2021,Delaware,Depression among adults,Sex,Male,11.8
2021,District of Columbia,Depression among adults,Race/Ethnicity,"Multiracial, non-Hispanic",24.0
2021,Arizona,Depression among adults,Race/Ethnicity,"American Indian or Alaska Native, non-Hispanic",12.2
2021,Colorado,Depression among adults,Race/Ethnicity,"American Indian or Alaska Native, non-Hispanic",25.2
2021,Delaware,Depression among adults,Overall,Overall,17.4
2021,District of Columbia,Depression among adults,Race/Ethnicity,"Black, non-Hispanic",21.6
2021,Delaware,Average mentally unhealthy days among adults,Sex,Female,3.3
2021,District of Columbia,Frequent mental distress among adults,Sex,Male,11.7
2021,Connecticut,Frequent mental distress among adults,Race/Ethnicity,"White, non-Hispanic",12.3
2021,Alaska,Depression among adults,Sex,Female,25.7
2021,Arizona,Depression among adults,Age,Age 45-64,16.9
2021,Colorado,Current poor mental health among high school students,Grade,Grade 12,31.2
2021,Arizona,Average mentally unhealthy days among adults,Sex,Male,2.4
2021,Colorado,Depression among adults,Overall,Overall,20.4
2021,Arkansas,Frequent mental distress among adults,Race/Ethnicity,"White, non-Hispanic",20.0
2021,Alaska,Frequent mental distress among adults,Age,Age 18-44,18.0
2021,Arkansas,Frequent mental distress among adults,Overall,Overall,18.4
2021,Colorado,Depression among adults,Race/Ethnicity,"Multiracial, non-Hispanic",29.1
2021,District of Columbia,Depression among adults,Sex,Female,24.0
2021,District of Columbia,Current poor mental health among high school students,Race/Ethnicity,"Asian, non-Hispanic",25.2
2021,Colorado,Frequent mental distress among adults,Race/Ethnicity,Hispanic,13.9
2021,Arkansas,Current poor mental health among high school students,Race/Ethnicity,"Black, non-Hispanic",20.1
2021,Arkansas,Depression among adults,Overall,Overall,24.5
2021,Delaware,Frequent mental distress among adults,Overall,Overall,13.9
2021,Alaska,Depression among adults,Race/Ethnicity,"Multiracial, non-Hispanic",29.6
2021,District of Columbia,Frequent mental distress among adults,Race/Ethnicity,"White, non-Hispanic",12.0
2021,Delaware,Average mentally unhealthy days among adults,Race/Ethnicity,"White, non-Hispanic",3.6
2021,Arizona,Current poor mental health among high school students,Sex,Male,21.5
2021,Arizona,Frequent mental distress among adults,Sex,Female,19.1
2021,Colorado,Average mentally unhealthy days among adults,Sex,Male,3.2
2021,Delaware,Frequent mental distress among adults,Sex,Female,16.3
2021,Delaware,Average mentally unhealthy days among adults,Race/Ethnicity,"Black, non-Hispanic",3.5
2021,Delaware,Postpartum depressive symptoms among women with a recent live birth,Race/Ethnicity,"Black, non-Hispanic",11.7
2021,Colorado,Current poor mental health among high school students,Sex,Female,42.9
2021,Alaska,Depression among adults,Age,Age 18-44,22.9
2021,Colorado,Current poor mental health among high school students,Race/Ethnicity,"Black, non-Hispanic",32.9
2021,Connecticut,Depression among adults,Race/Ethnicity,"Black, non-Hispanic",11.7
2021,District of Columbia,Average mentally unhealthy days among adults,Age,Age 18-44,3.7
2021,Colorado,Average mentally unhealthy days among adults,Overall,Overall,3.2
2021,Alaska,Frequent mental distress among adults,Race/Ethnicity,"American Indian or Alaska Native, non-Hispanic",12.7
2021,District of Columbia,Depression among adults,Race/Ethnicity,"Asian, non-Hispanic",15.7
2021,Connecticut,Current poor mental health among high school students,Race/Ethnicity,Hispanic,31.2
2021,Connecticut,Frequent mental distress among adults,Sex,Female,15.2
2021,California,Average mentally unhealthy days among adults,Overall,Overall,3.9
2021,Arizona,Frequent mental distress among adults,Overall,Overall,15.4
2021,Connecticut,Current poor mental health among high school students,Race/Ethnicity,"White, non-Hispanic",29.2
2021,Colorado,Frequent mental distress among adults,Race/Ethnicity,"Asian, non-Hispanic",7.2
2021,California,Frequent mental distress among adults,Sex,Female,17.0
2021,California,Average mentally unhealthy days among adults,Sex,Male,2.9
2021,Arizona,Depression among adults,Sex,Female,22.8
2021,Arkansas,Frequent mental distress among adults,Race/Ethnicity,Hispanic,15.8
2021,Arkansas,Average mentally unhealthy days among adults,Sex,Male,1.7
2021,Arizona,Depression among adults,Race/Ethnicity,"Black, non-Hispanic",18.8
2021,California,Depression among adults,Overall,Overall,15.3
2021,California,Average mentally unhealthy days among adults,Sex,Male,2.9
2021,Alaska,Depression among adults,Sex,Male,14.7
2021,California,Frequent mental distress among adults,Race/Ethnicity,"White, non-Hispanic",15.3
2021,California,Depression among adults,Race/Ethnicity,Hispanic,12.3
2021,Colorado,Depression among adults,Sex,Female,27.2
2021,Arkansas,Average mentally unhealthy days among adults,Race/Ethnicity,"American Indian or Alaska Native, non-Hispanic",0.0
2021,District of Columbia,Frequent mental distress among adults,Race/Ethnicity,Hispanic,9.2
2021,Colorado,Frequent mental distress among adults,Race/Ethnicity,"White, non-Hispanic",13.8
2021,Arizona,Current poor mental health among high school students,Grade,Grade 11,42.6
2021,Colorado,Postpartum depressive symptoms among women with a recent live birth,Race/Ethnicity,"White, non-Hispanic",9.6
2021,District of Columbia,Current poor mental health among high school students,Grade,Grade 11,25.9
2021,District of Columbia,Average mentally unhealthy days among adults,Sex,Male,2.8
2021,Alaska,Average mentally unhealthy days among adults,Age,Age 45-64,4.1
2021,Arizona,Average mentally unhealthy days among adults,Race/Ethnicity,Hispanic,2.6
2021,Arkansas,Depression among adults,Sex,Male,18.9
2021,Alaska,Average mentally unhealthy days among adults,Race/Ethnicity,"White, non-Hispanic",3.5
2021,Arizona,Average mentally unhealthy days among adults,Age,Age 45-64,2.3
2021,District of Columbia,Postpartum depressive symptoms among women with a recent live birth,Race/Ethnicity,Hispanic,17.3
2021,California,Depression among adults,Age,Age >=65,13.5
2021,Connecticut,Depression among adults,Age,Age 18-44,22.5
2021,Colorado,Frequent mental distress among adults,Overall,Overall,14.5
2021,Arizona,Current poor mental health among high school students,Race/Ethnicity,Hispanic,37.5
2021,Connecticut,Current poor mental health among high school students,Grade,Grade 10,25.5
2021,District of Columbia,Depression among adults,Age,Age >=65,13.9
2021,Arizona,Frequent mental distress among adults,Race/Ethnicity,"Multiracial, non-Hispanic",20.0
2021,Connecticut,Depression among adults,Race/Ethnicity,"White, non-Hispanic",21.9
2021,California,Frequent mental distress among adults,Race/Ethnicity,Hispanic,12.5
2021,Arizona,Frequent mental distress among adults,Age,Age 18-44,20.2
2021,Arizona,Depression among adults,Race/Ethnicity,"Multiracial, non-Hispanic",25.7
2021,Connecticut,Postpartum depressive symptoms among women with a recent live birth,Overall,Overall,11.9
2021,District of Columbia,Frequent mental distress among adults,Race/Ethnicity,"Black, non-Hispanic",16.4
2021,Delaware,Average mentally unhealthy days among adults,Sex,Female,3.1
2021,Connecticut,Average mentally unhealthy days among adults,Sex,Female,3.2
2021,Delaware,Depression among adults,Age,Age >=65,9.4
2021,Alaska,Frequent mental distress among adults,Race/Ethnicity,"White, non-Hispanic",13.1
2021,Arkansas,Current poor mental health among high school students,Race/Ethnicity,"Multiracial, non-Hispanic",30.4
2021,Delaware,Depression among adults,Race/Ethnicity,"White, non-Hispanic",18.2
2021,Connecticut,Postpartum depressive symptoms among women with a recent live birth,Race/Ethnicity,Hispanic,13.7
2021,Arkansas,Average mentally unhealthy days among adults,Age,Age 45-64,2.3
2021,Colorado,Postpartum depressive symptoms among women with a recent live birth,Race/Ethnicity,"Asian, non-Hispanic",11.8
2021,California,Depression among adults,Sex,Female,18.3
2021,Arkansas,Average mentally unhealthy days among adults,Race/Ethnicity,"White, non-Hispanic",2.1
2021,District of Columbia,Frequent mental distress among adults,Overall,Overall,13.7
2021,District of Columbia,Average mentally unhealthy days among adults,Sex,Female,4.0
2021,California,Frequent mental distress among adults,Overall,Overall,14.4
2021,Arizona,Depression among adults,Race/Ethnicity,"American Indian or Alaska Native, non-Hispanic",12.9
2021,Delaware,Average mentally unhealthy days among adults,Age,Age 45-64,3.1
2021,District of Columbia,Average mentally unhealthy days among adults,Race/Ethnicity,"Black, non-Hispanic",2.3
2021,Colorado,Average mentally unhealthy days among adults,Sex,Male,3.1
2021,Arizona,Average mentally unhealthy days among adults,Race/Ethnicity,"White, non-Hispanic",3.1
2021,Alaska,Average mentally unhealthy days among adults,Sex,Male,2.6
2021,District of Columbia,Depression among adults,Overall,Overall,20.5
2021,Arkansas,Depression among adults,Age,Age 18-44,28.8
2021,Alaska,Depression among adults,Race/Ethnicity,Hispanic,24.1
2021,Colorado,Frequent mental distress among adults,Race/Ethnicity,"Black, non-Hispanic",17.3
2021,Arkansas,Frequent mental distress among adults,Race/Ethnicity,"American Indian or Alaska Native, non-Hispanic",26.5
2021,District of Columbia,Depression among adults,Race/Ethnicity,"Multiracial, non-Hispanic",23.3
2021,Delaware,Frequent mental distress among adults,Age,Age >=65,7.3
2021,Arkansas,Current poor mental health among high school students,Grade,Grade 9,32.1
2021,Arkansas,Postpartum depressive symptoms among women with a recent live birth,Race/Ethnicity,Hispanic,9.6
2021,District of Columbia,Frequent mental distress among adults,Sex,Male,11.3
2021,Delaware,Depression among adults,Race/Ethnicity,"Multiracial, non-Hispanic",18.7
2021,Delaware,Depression among adults,Race/Ethnicity,"Black, non-Hispanic",14.2
2021,Arkansas,Depression among adults,Race/Ethnicity,"Multiracial, non-Hispanic",36.9
2021,Colorado,Average mentally unhealthy days among adults,Race/Ethnicity,"White, non-Hispanic",3.8
2021,Colorado,Depression among adults,Sex,Male,14.4
2021,Connecticut,Average mentally unhealthy days among adults,Age,Age 45-64,4.0
2021,Delaware,Depression among adults,Sex,Male,12.4
2021,California,Depression among adults,Race/Ethnicity,"Asian, non-Hispanic",9.7
2021,California,Frequent mental distress among adults,Race/Ethnicity,"Asian, non-Hispanic",13.7
2021,Connecticut,Frequent mental distress among adults,Age,Age 18-44,16.8
2021,Colorado,Current poor mental health among high school students,Grade,Grade 9,29.0
2021,Alaska,Frequent mental distress among adults,Age,Age 45-64,11.2
2021,Alaska,Depression among adults,Overall,Overall,19.9
2021,Colorado,Depression among adults,Overall,Overall,20.7
2021,District of Columbia,Depression among adults,Overall,Overall,20.4
2021,California,Average mentally unhealthy days among adults,Race/Ethnicity,Hispanic,2.9
2021,Colorado,Average mentally unhealthy days among adults,Age,Age >=65,2.9
2021,District of Columbia,Current poor mental health among high school students,Grade,Grade 10,26.6
2021,Arizona,Frequent mental distress among adults,Race/Ethnicity,"Black, non-Hispanic",19.1
2021,Colorado,Average mentally unhealthy days among adults,Race/Ethnicity,"White, non-Hispanic",3.7
2021,California,Average mentally unhealthy days among adults,Race/Ethnicity,"White, non-Hispanic",4.0
2021,California,Frequent mental distress among adults,Race/Ethnicity,"Multiracial, non-Hispanic",19.1
2021,Arkansas,Depression among adults,Race/Ethnicity,"American Indian or Alaska Native, non-Hispanic",38.4
2021,Connecticut,Frequent mental distress among adults,Race/Ethnicity,"Asian, non-Hispanic",12.7
2021,Connecticut,Postpartum depressive symptoms among women with a recent live birth,Race/Ethnicity,"Black, non-Hispanic",14.9
2021,Arizona,Depression among adults,Race/Ethnicity,Hispanic,14.5
2021,District of Columbia,Depression among adults,Race/Ethnicity,"Asian, non-Hispanic",14.3
2021,Arizona,Depression among adults,Overall,Overall,17.5
2021,Alaska,Depression among adults,Race/Ethnicity,"White, non-Hispanic",19.7
2021,California,Depression among adults,Race/Ethnicity,"Black, non-Hispanic",14.2
2021,District of Columbia,Depression among adults,Sex,Male,16.7
2021,Connecticut,Frequent mental distress among adults,Sex,Female,16.1
2021,California,Frequent mental distress among adults,Sex,Male,11.7
2021,Alaska,Frequent mental distress among adults,Sex,Female,16.2
2021,Arizona,Current poor mental health among high school students,Grade,Grade 12,37.2
2021,Arkansas,Depression among adults,Race/Ethnicity,"Multiracial, non-Hispanic",38.0
2021,Connecticut,Depression among adults,Race/Ethnicity,"Multiracial, non-Hispanic",18.2
2021,Arkansas,Frequent mental distress among adults,Sex,Female,21.7
2021,Arkansas,Frequent mental distress among adults,Age,Age >=65,9.7
2021,Colorado,Depression among adults,Race/Ethnicity,"Multiracial, non-Hispanic",25.5
2021,Connecticut,Frequent mental distress among adults,Overall,Overall,12.8
2021,Connecticut,Depression among adults,Race/Ethnicity,"Black, non-Hispanic",11.5
2021,Arizona,Average mentally unhealthy days among adults,Age,Age >=65,2.3
2021,Colorado,Frequent mental distress among adults,Race/Ethnicity,Hispanic,13.1
2021,District of Columbia,Current poor mental health among high school students,Grade,Grade 9,22.7
2021,Arkansas,Postpartum depressive symptoms among women with a recent live birth,Race/Ethnicity,"Black, non-Hispanic",19.8
2021,Colorado,Depression among adults,Race/Ethnicity,"White, non-Hispanic",23.4
2021,Arizona,Frequent mental distress among adults,Race/Ethnicity,Hispanic,14.3
2021,Delaware,Average mentally unhealthy days among adults,Age,Age 18-44,3.3
2022,Arkansas,Depression among adults,Race/Ethnicity,"Multiracial, non-Hispanic",39.3
2021,Delaware,Frequent mental distress among adults,Race/Ethnicity,"Black, non-Hispanic",12.5
2021,Arizona,Frequent mental distress among adults,Race/Ethnicity,"American Indian or Alaska Native, non-Hispanic",19.6
2021,District of Columbia,Frequent mental distress among adults,Age,Age >=65,7.0
2021,District of Columbia,Depression among adults,Race/Ethnicity,"White, non-Hispanic",22.9
2021,District of Columbia,Average mentally unhealthy days among adults,Race/Ethnicity,"Black, non-Hispanic",2.2
2021,Arkansas,Depression among adults,Race/Ethnicity,"Black, non-Hispanic",18.1
2021,Arizona,Frequent mental distress among adults,Sex,Female,18.0
2021,Delaware,Depression among adults,Age,Age 18-44,20.4
2021,Arizona,Current poor mental health among high school students,Sex,Female,50.6
2021,Arizona,Depression among adults,Sex,Female,22.3
2021,Arkansas,Frequent mental distress among adults,Race/Ethnicity,"Multiracial, non-Hispanic",36.9
2021,Connecticut,Depression among adults,Race/Ethnicity,Hispanic,17.7
2021,Arkansas,Frequent mental distress among adults,Overall,Overall,19.2
2021,Connecticut,Frequent mental distress among adults,Age,Age >=65,7.1
2021,Colorado,Current poor mental health among high school students,Sex,Male,21.5
2021,District of Columbia,Average mentally unhealthy days among adults,Age,Age >=65,3.1
2021,Connecticut,Average mentally unhealthy days among adults,Race/Ethnicity,"Black, non-Hispanic",3.6
2021,California,Depression among adults,Race/Ethnicity,"Multiracial, non-Hispanic",19.6
2021,District of Columbia,Frequent mental distress among adults,Race/Ethnicity,Hispanic,12.8
2021,Arkansas,Average mentally unhealthy days among adults,Race/Ethnicity,"American Indian or Alaska Native, non-Hispanic",0.0
2021,Colorado,Frequent mental distress among adults,Age,Age 45-64,12.3
2021,California,Frequent mental distress among adults,Age,Age >=65,10.1
2021,Connecticut,Current poor mental health among high school students,Sex,Female,40.5
2021,California,Frequent mental distress among adults,Overall,Overall,14.7
2021,District of Columbia,Depression among adults,Race/Ethnicity,Hispanic,17.1
2021,District of Columbia,Frequent mental distress among adults,Overall,Overall,14.2
2021,Delaware,Postpartum depressive symptoms among women with a recent live birth,Overall,Overall,9.7
2021,Arizona,Frequent mental distress among adults,Age,Age >=65,8.8
2021,Colorado,Current poor mental health among high school students,Race/Ethnicity,"Multiracial, non-Hispanic",40.9
2021,Arkansas,Frequent mental distress among adults,Race/Ethnicity,"Black, non-Hispanic",16.3
2021,Alaska,Average mentally unhealthy days among adults,Age,Age 18-44,2.9
2021,Arizona,Depression among adults,Race/Ethnicity,"Multiracial, non-Hispanic",26.6
2021,Arkansas,Current poor mental health among high school students,Overall,Overall,31.6
2021,Arkansas,Frequent mental distress among adults,Race/Ethnicity,"Black, non-Hispanic",16.4
2021,Delaware,Frequent mental distress among adults,Race/Ethnicity,"Multiracial, non-Hispanic",15.4
2021,Arkansas,Average mentally unhealthy days among adults,Age,Age 18-44,1.8
2021,California,Depression among adults,Race/Ethnicity,"White, non-Hispanic",21.6
2021,District of Columbia,Average mentally unhealthy days among adults,Overall,Overall,3.5
2021,Arizona,Average mentally unhealthy days among adults,Age,Age 18-44,3.3
2021,Delaware,Frequent mental distress among adults,Age,Age 18-44,17.8
2021,Connecticut,Average mentally unhealthy days among adults,Overall,Overall,3.1
2021,District of Columbia,Frequent mental distress among adults,Race/Ethnicity,"Black, non-Hispanic",16.3
2021,Colorado,Frequent mental distress among adults,Race/Ethnicity,"American Indian or Alaska Native, non-Hispanic",16.7
2021,Delaware,Depression among adults,Race/Ethnicity,"Multiracial, non-Hispanic",21.3
2021,Connecticut,Average mentally unhealthy days among adults,Sex,Female,3.0
2021,Connecticut,Postpartum depressive symptoms among women with a recent live birth,Race/Ethnicity,"Multiracial, non-Hispanic",20.0
2021,Connecticut,Depression among adults,Age,Age 45-64,16.0
2021,Colorado,Frequent mental distress among adults,Race/Ethnicity,"White, non-Hispanic",14.8
2021,Connecticut,Frequent mental distress among adults,Race/Ethnicity,"Asian, non-Hispanic",14.6
2021,Connecticut,Current poor mental health among high school students,Grade,Grade 11,30.1
2021,California,Depression among adults,Overall,Overall,15.2
2021,California,Frequent mental distress among adults,Race/Ethnicity,"Asian, non-Hispanic",13.4
2021,Alaska,Depression among adults,Age,Age 45-64,18.3
2021,Colorado,Current poor mental health among high school students,Race/Ethnicity,"Asian, non-Hispanic",33.2
2021,Connecticut,Depression among adults,Sex,Male,13.7
2021,Colorado,Average mentally unhealthy days among adults,Age,Age 18-44,3.3
2021,Connecticut,Current poor mental health among high school students,Overall,Overall,28.5
2021,District of Columbia,Current poor mental health among high school students,Sex,Male,15.3
2021,Alaska,Average mentally unhealthy days among adults,Sex,Female,3.9
2021,District of Columbia,Frequent mental distress among adults,Sex,Female,16.4
2021,Delaware,Depression among adults,Race/Ethnicity,"Black, non-Hispanic",13.4
2021,Arkansas,Depression among adults,Age,Age >=65,17.0
2021,California,Depression among adults,Sex,Male,12.2
2021,Colorado,Postpartum depressive symptoms among women with a recent live birth,Race/Ethnicity,Hispanic,14.4
2021,Arkansas,Current poor mental health among high school students,Grade,Grade 11,30.9
2021,Delaware,Frequent mental distress among adults,Sex,Female,17.7
2021,Arkansas,Average mentally unhealthy days among adults,Sex,Female,2.3
2021,Connecticut,Depression among adults,Sex,Female,23.4
2021,California,Depression among adults,Race/Ethnicity,"Asian, non-Hispanic",9.6
2021,Arkansas,Depression among adults,Sex,Male,19.0
2021,Colorado,Frequent mental distress among adults,Race/Ethnicity,"Black, non-Hispanic",16.7
2021,Arizona,Frequent mental distress among adults,Race/Ethnicity,"Multiracial, non-Hispanic",20.7
2021,Arkansas,Depression among adults,Race/Ethnicity,Hispanic,14.1
2021,District of Columbia,Average mentally unhealthy days among adults,Sex,Female,4.2
2021,Alaska,Frequent mental distress among adults,Race/Ethnicity,Hispanic,22.8
2021,District of Columbia,Current poor mental health among high school students,Race/Ethnicity,"Black, non-Hispanic",24.3
2021,Arizona,Frequent mental distress among adults,Race/Ethnicity,"Black, non-Hispanic",19.1
2021,Colorado,Frequent mental distress among adults,Sex,Male,11.2
2021,Arizona,Average mentally unhealthy days among adults,Sex,Female,3.2
2021,Arkansas,Depression among adults,Sex,Female,31.3
2021,Alaska,Frequent mental distress among adults,Race/Ethnicity,"Multiracial, non-Hispanic",23.3
2021,South Carolina,Frequent mental distress among adults,Race/Ethnicity,"Black, non-Hispanic",17.8
2021,Georgia,Depression among adults,Race/Ethnicity,Hispanic,15.0
2021,Kansas,Frequent mental distress among adults,Race/Ethnicity,"Asian, non-Hispanic",11.6
2021,Kansas,Average mentally unhealthy days among adults,Overall,Overall,3.1
2021,Kansas,Frequent mental distress among adults,Race/Ethnicity,Hispanic,17.2
2021,Guam,Frequent mental distress among adults,Sex,Female,13.9
2021,Illinois,Frequent mental distress among adults,Sex,Female,14.8
2021,Indiana,Frequent mental distress among adults,Race/Ethnicity,"Asian, non-Hispanic",10.4
2021,Iowa,Depression among adults,Age,Age 18-44,21.3
2021,Hawaii,Average mentally unhealthy days among adults,Sex,Female,2.9
2021,Kansas,Depression among adults,Race/Ethnicity,"White, non-Hispanic",21.7
2021,Hawaii,Postpartum depressive symptoms among women with a recent live birth,Overall,Overall,14.4
2021,Iowa,Depression among adults,Race/Ethnicity,"Multiracial, non-Hispanic",25.4
2021,Idaho,Average mentally unhealthy days among adults,Age,Age >=65,2.3
2021,Kansas,Frequent mental distress among adults,Race/Ethnicity,"White, non-Hispanic",15.0
2021,Guam,Frequent mental distress among adults,Age,Age 45-64,12.6
2021,Georgia,Frequent mental distress among adults,Race/Ethnicity,"Black, non-Hispanic",14.3
2021,Kansas,Average mentally unhealthy days among adults,Race/Ethnicity,Hispanic,2.6
2021,Iowa,Frequent mental distress among adults,Age,Age >=65,7.0
2021,Indiana,Depression among adults,Race/Ethnicity,"Asian, non-Hispanic",14.1
2021,Kansas,Postpartum depressive symptoms among women with a recent live birth,Race/Ethnicity,"White, non-Hispanic",13.4
2021,Georgia,Depression among adults,Race/Ethnicity,"Black, non-Hispanic",13.5
2021,Illinois,Current poor mental health among high school students,Overall,Overall,30.0
2021,Guam,Average mentally unhealthy days among adults,Overall,Overall,2.8
2021,Guam,Depression among adults,Race/Ethnicity,"White, non-Hispanic",14.2
2021,Iowa,Depression among adults,Race/Ethnicity,"American Indian or Alaska Native, non-Hispanic",24.4
2021,Iowa,Average mentally unhealthy days among adults,Age,Age >=65,2.4
2021,Guam,Average mentally unhealthy days among adults,Race/Ethnicity,"Hawaiian or Pacific Islander, non-Hispanic",4.2
2021,Indiana,Depression among adults,Overall,Overall,24.7
2021,Idaho,Frequent mental distress among adults,Race/Ethnicity,Hispanic,19.5
2021,Indiana,Average mentally unhealthy days among adults,Sex,Male,2.7
2021,Illinois,Depression among adults,Race/Ethnicity,"White, non-Hispanic",19.8
2021,Guam,Depression among adults,Overall,Overall,9.5
2021,Hawaii,Postpartum depressive symptoms among women with a recent live birth,Race/Ethnicity,Hispanic,16.4
2021,Hawaii,Depression among adults,Overall,Overall,11.1
2021,Idaho,Average mentally unhealthy days among adults,Sex,Male,3.0
2021,Iowa,Frequent mental distress among adults,Race/Ethnicity,"Black, non-Hispanic",20.2
2021,Georgia,Average mentally unhealthy days among adults,Age,Age >=65,2.0
2021,Iowa,Average mentally unhealthy days among adults,Sex,Female,3.2
2021,Iowa,Current poor mental health among high school students,Grade,Grade 9,33.7
2021,Idaho,Average mentally unhealthy days among adults,Overall,Overall,3.3
2021,Kansas,Depression among adults,Age,Age 45-64,19.5
2021,Illinois,Frequent mental distress among adults,Race/Ethnicity,"Black, non-Hispanic",14.5
2021,Guam,Frequent mental distress among adults,Race/Ethnicity,"Asian, non-Hispanic",7.7
2021,Idaho,Depression among adults,Race/Ethnicity,Hispanic,24.4
2021,Kansas,Depression among adults,Race/Ethnicity,Hispanic,20.6
2021,Illinois,Average mentally unhealthy days among adults,Age,Age 18-44,4.1
2021,Hawaii,Average mentally unhealthy days among adults,Race/Ethnicity,"Multiracial, non-Hispanic",3.0
2021,Kansas,Average mentally unhealthy days among adults,Race/Ethnicity,"White, non-Hispanic",3.1
2021,Illinois,Current poor mental health among high school students,Grade,Grade 10,28.0
2021,Iowa,Average mentally unhealthy days among adults,Overall,Overall,3.1
2021,Indiana,Depression among adults,Race/Ethnicity,"White, non-Hispanic",26.6
2021,Illinois,Average mentally unhealthy days among adults,Age,Age 45-64,2.6
2021,Kansas,Average mentally unhealthy days among adults,Race/Ethnicity,"Black, non-Hispanic",3.8
2021,Georgia,Average mentally unhealthy days among adults,Age,Age 18-44,2.8
2021,Iowa,Frequent mental distress among adults,Race/Ethnicity,"White, non-Hispanic",13.6
2021,Illinois,Depression among adults,Sex,Male,12.6
2021,Kansas,Depression among adults,Overall,Overall,20.6
2021,Georgia,Depression among adults,Age,Age >=65,11.4
2021,Idaho,Frequent mental distress among adults,Sex,Female,18.1
2021,Indiana,Current poor mental health among high school students,Race/Ethnicity,Hispanic,32.5
2021,Hawaii,Depression among adults,Race/Ethnicity,"Asian, non-Hispanic",8.7
2021,Kansas,Average mentally unhealthy days among adults,Overall,Overall,3.1
2021,Illinois,Average mentally unhealthy days among adults,Sex,Female,3.0
2021,Idaho,Frequent mental distress among adults,Age,Age 18-44,21.0
2021,Indiana,Frequent mental distress among adults,Sex,Female,20.5
2021,Iowa,Frequent mental distress among adults,Race/Ethnicity,Hispanic,9.5
2021,Indiana,Current poor mental health among high school students,Overall,Overall,30.7
2021,Idaho,Depression among adults,Race/Ethnicity,"Multiracial, non-Hispanic",38.7
2021,Kansas,Frequent mental distress among adults,Age,Age 18-44,20.1
2021,Idaho,Depression among adults,Overall,Overall,22.6
2021,Hawaii,Frequent mental distress among adults,Sex,Male,9.0
2021,Guam,Frequent mental distress among adults,Race/Ethnicity,"Hawaiian or Pacific Islander, non-Hispanic",11.2
2021,Illinois,Postpartum depressive symptoms among women with a recent live birth,Race/Ethnicity,Hispanic,14.5
2021,Kansas,Frequent mental distress among adults,Age,Age >=65,7.0
2021,Indiana,Average mentally unhealthy days among adults,Sex,Female,3.0
2021,Georgia,Average mentally unhealthy days among adults,Sex,Male,3.1
2021,Hawaii,Depression among adults,Race/Ethnicity,"Hawaiian or Pacific Islander, non-Hispanic",7.7
2021,Illinois,Current poor mental health among high school students,Sex,Female,42.6
2021,Guam,Depression among adults,Sex,Female,12.2
2021,Iowa,Frequent mental distress among adults,Age,Age 18-44,18.7
2021,Hawaii,Average mentally unhealthy days among adults,Sex,Female,2.8
2021,Indiana,Depression among adults,Sex,Male,16.4
2021,Georgia,Frequent mental distress among adults,Sex,Female,16.5
2021,Georgia,Average mentally unhealthy days among adults,Sex,Female,2.5
2021,Indiana,Depression among adults,Age,Age 18-44,29.0
2021,Indiana,Average mentally unhealthy days among adults,Overall,Overall,2.8
2021,Guam,Average mentally unhealthy days among adults,Overall,Overall,2.7
2021,Indiana,Frequent mental distress among adults,Overall,Overall,16.5
2021,Iowa,Current poor mental health among high school students,Race/Ethnicity,"Multiracial, non-Hispanic",43.6
2021,Kansas,Postpartum depressive symptoms among women with a recent live birth,Overall,Overall,15.1
2021,Hawaii,Frequent mental distress among adults,Age,Age 18-44,12.7
2021,Iowa,Depression among adults,Race/Ethnicity,"American Indian or Alaska Native, non-Hispanic",29.1
2021,Georgia,Frequent mental distress among adults,Race/Ethnicity,"Multiracial, non-Hispanic",18.7
2021,Illinois,Frequent mental distress among adults,Age,Age >=65,7.2
2021,Iowa,Frequent mental distress among adults,Race/Ethnicity,"American Indian or Alaska Native, non-Hispanic",18.2
2021,Illinois,Depression among adults,Overall,Overall,16.9
2021,Hawaii,Frequent mental distress among adults,Race/Ethnicity,Hispanic,16.1
2021,Indiana,Frequent mental distress among adults,Race/Ethnicity,"White, non-Hispanic",16.7
2021,Kansas,Depression among adults,Race/Ethnicity,"Asian, non-Hispanic",8.6
2021,Indiana,Current poor mental health among high school students,Grade,Grade 10,35.2
2021,Georgia,Depression among adults,Race/Ethnicity,"American Indian or Alaska Native, non-Hispanic",27.6
2021,Indiana,Frequent mental distress among adults,Race/Ethnicity,"Asian, non-Hispanic",18.0
2021,Iowa,Depression among adults,Sex,Female,24.5
2021,Hawaii,Depression among adults,Sex,Female,13.9
2021,Iowa,Depression among adults,Race/Ethnicity,"Multiracial, non-Hispanic",24.7
2021,Georgia,Frequent mental distress among adults,Overall,Overall,14.9
2021,Idaho,Depression among adults,Sex,Male,16.5
2021,Georgia,Depression among adults,Sex,Female,22.3
2021,Hawaii,Average mentally unhealthy days among adults,Overall,Overall,2.5
2021,Guam,Frequent mental distress among adults,Age,Age 18-44,13.0
2021,Georgia,Depression among adults,Sex,Female,21.7
2021,Illinois,Depression among adults,Race/Ethnicity,"Black, non-Hispanic",11.3
2021,Iowa,Depression among adults,Age,Age 45-64,16.6
2021,Illinois,Average mentally unhealthy days among adults,Sex,Female,3.2
2021,Kansas,Average mentally unhealthy days among adults,Race/Ethnicity,"White, non-Hispanic",3.2
2021,Indiana,Average mentally unhealthy days among adults,Age,Age 45-64,3.0
2021,Indiana,Current poor mental health among high school students,Grade,Grade 11,30.8
2021,Hawaii,Frequent mental distress among adults,Overall,Overall,10.7
2021,Kansas,Frequent mental distress among adults,Race/Ethnicity,"Asian, non-Hispanic",14.7
2021,Kansas,Frequent mental distress among adults,Race/Ethnicity,"American Indian or Alaska Native, non-Hispanic",25.6
2021,Iowa,Frequent mental distress among adults,Race/Ethnicity,"Multiracial, non-Hispanic",28.5
2021,Illinois,Frequent mental distress among adults,Overall,Overall,12.9
2021,Hawaii,Depression among adults,Sex,Male,9.0
2021,Guam,Depression among adults,Race/Ethnicity,"Asian, non-Hispanic",5.8
2021,Iowa,Depression among adults,Race/Ethnicity,"White, non-Hispanic",18.4
2021,Kansas,Frequent mental distress among adults,Race/Ethnicity,"Multiracial, non-Hispanic",26.9
2021,Hawaii,Frequent mental distress among adults,Race/Ethnicity,"White, non-Hispanic",11.8
2021,Illinois,Depression among adults,Sex,Female,21.7
2021,Illinois,Frequent mental distress among adults,Sex,Female,15.6
2021,Iowa,Current poor mental health among high school students,Race/Ethnicity,Hispanic,40.8
2021,Georgia,Frequent mental distress among adults,Race/Ethnicity,"Black, non-Hispanic",14.1
2021,Indiana,Frequent mental distress among adults,Overall,Overall,16.0
2021,Hawaii,Postpartum depressive symptoms among women with a recent live birth,Race/Ethnicity,"Asian, non-Hispanic",14.4
2021,Iowa,Average mentally unhealthy days among adults,Sex,Male,3.0
2021,Indiana,Depression among adults,Race/Ethnicity,"Asian, non-Hispanic",12.2
2021,Hawaii,Depression among adults,Race/Ethnicity,"Hawaiian or Pacific Islander, non-Hispanic",7.8
2021,Hawaii,Frequent mental distress among adults,Race/Ethnicity,Hispanic,16.2
2021,Guam,Frequent mental distress among adults,Race/Ethnicity,Hispanic,16.8
2021,Idaho,Average mentally unhealthy days among adults,Age,Age 18-44,3.5
2021,Idaho,Frequent mental distress among adults,Overall,Overall,14.6
2021,Illinois,Frequent mental distress among adults,Race/Ethnicity,"Black, non-Hispanic",14.0
2021,Kansas,Average mentally unhealthy days among adults,Race/Ethnicity,Hispanic,2.5
2021,Hawaii,Depression among adults,Race/Ethnicity,"White, non-Hispanic",15.1
2021,Hawaii,Average mentally unhealthy days among adults,Race/Ethnicity,Hispanic,4.3
2021,Georgia,Depression among adults,Race/Ethnicity,"Multiracial, non-Hispanic",19.4
2021,Illinois,Current poor mental health among high school students,Grade,Grade 9,28.4
2021,Hawaii,Frequent mental distress among adults,Race/Ethnicity,"Asian, non-Hispanic",9.5
2021,Hawaii,Depression among adults,Age,Age 45-64,11.5
2021,Georgia,Postpartum depressive symptoms among women with a recent live birth,Race/Ethnicity,Hispanic,8.7
2021,Kansas,Average mentally unhealthy days among adults,Age,Age 45-64,3.2
2022,Hawaii,Depression among adults,Race/Ethnicity,"Asian, non-Hispanic",7.8
2021,Georgia,Postpartum depressive symptoms among women with a recent live birth,Race/Ethnicity,"Black, non-Hispanic",10.2
2021,Illinois,Average mentally unhealthy days among adults,Overall,Overall,3.1
2021,Kansas,Depression among adults,Age,Age 18-44,24.9
2021,Iowa,Average mentally unhealthy days among adults,Overall,Overall,3.1
2021,Indiana,Depression among adults,Sex,Female,31.7
2021,Kansas,Frequent mental distress among adults,Sex,Female,18.6
2021,Idaho,Frequent mental distress among adults,Race/Ethnicity,Hispanic,15.8
2021,Indiana,Depression among adults,Overall,Overall,24.2
2021,Hawaii,Frequent mental distress among adults,Sex,Male,8.8
2021,Guam,Depression among adults,Age,Age 45-64,10.4
2021,Kansas,Depression among adults,Race/Ethnicity,"Multiracial, non-Hispanic",41.4
2021,Hawaii,Postpartum depressive symptoms among women with a recent live birth,Race/Ethnicity,"Multiracial, non-Hispanic",11.0
2021,Illinois,Average mentally unhealthy days among adults,Age,Age >=65,1.9
2021,Iowa,Average mentally unhealthy days among adults,Race/Ethnicity,"White, non-Hispanic",3.2
2021,Illinois,Current poor mental health among high school students,Race/Ethnicity,Hispanic,29.1
2021,Indiana,Frequent mental distress among adults,Race/Ethnicity,"Multiracial, non-Hispanic",22.4
2021,Hawaii,Frequent mental distress among adults,Age,Age >=65,7.1
2021,Iowa,Depression among adults,Race/Ethnicity,"Black, non-Hispanic",10.0
2021,Idaho,Frequent mental distress among adults,Age,Age >=65,7.0
2021,Idaho,Frequent mental distress among adults,Sex,Female,19.2
2021,Kansas,Depression among adults,Sex,Female,28.0
2021,Georgia,Frequent mental distress among adults,Age,Age 18-44,17.8
2021,Indiana,Frequent mental distress among adults,Sex,Male,12.3
2021,Kansas,Frequent mental distress among adults,Sex,Male,11.9
2021,Guam,Depression among adults,Race/Ethnicity,"White, non-Hispanic",13.8
2021,Iowa,Frequent mental distress among adults,Age,Age 45-64,12.2
2021,Kansas,Frequent mental distress among adults,Age,Age 45-64,13.8
2021,Indiana,Depression among adults,Race/Ethnicity,"Multiracial, non-Hispanic",28.3
2021,Kansas,Depression among adults,Overall,Overall,21.1
2021,Georgia,Frequent mental distress among adults,Overall,Overall,14.8
2021,Kansas,Depression among adults,Race/Ethnicity,"Black, non-Hispanic",17.3
2021,Illinois,Current poor mental health among high school students,Sex,Male,17.2
2021,Hawaii,Average mentally unhealthy days among adults,Race/Ethnicity,"White, non-Hispanic",3.0
2021,Guam,Average mentally unhealthy days among adults,Sex,Female,2.8
2021,Guam,Frequent mental distress among adults,Race/Ethnicity,"White, non-Hispanic",8.5
2021,Georgia,Depression among adults,Race/Ethnicity,"White, non-Hispanic",21.3
2021,Illinois,Frequent mental distress among adults,Age,Age 18-44,16.9
2021,Illinois,Depression among adults,Race/Ethnicity,Hispanic,17.9
2021,Georgia,Postpartum depressive symptoms among women with a recent live birth,Overall,Overall,10.5
2021,Iowa,Depression among adults,Race/Ethnicity,Hispanic,9.7
2021,Idaho,Depression among adults,Race/Ethnicity,"Multiracial, non-Hispanic",38.9
2021,Georgia,Depression among adults,Overall,Overall,17.7
2021,Guam,Depression among adults,Race/Ethnicity,"Hawaiian or Pacific Islander, non-Hispanic",8.4
2021,Iowa,Depression among adults,Sex,Male,12.2
2021,Iowa,Current poor mental health among high school students,Grade,Grade 10,31.6
2021,Hawaii,Depression among adults,Race/Ethnicity,"White, non-Hispanic",14.5
2021,Georgia,Average mentally unhealthy days among adults,Sex,Female,2.6
2021,Illinois,Postpartum depressive symptoms among women with a recent live birth,Overall,Overall,11.9
2021,Idaho,Average mentally unhealthy days among adults,Race/Ethnicity,"White, non-Hispanic",3.3
2021,Kansas,Average mentally unhealthy days among adults,Sex,Female,3.1
2021,Georgia,Frequent mental distress among adults,Race/Ethnicity,Hispanic,11.3
2021,Idaho,Depression among adults,Sex,Female,28.7
2021,Illinois,Depression among adults,Overall,Overall,17.1
2021,Hawaii,Frequent mental distress among adults,Race/Ethnicity,"White, non-Hispanic",12.0
2021,Indiana,Average mentally unhealthy days among adults,Sex,Female,3.0
2021,Hawaii,Average mentally unhealthy days among adults,Race/Ethnicity,"Asian, non-Hispanic",2.6
2021,Iowa,Frequent mental distress among adults,Sex,Female,17.9
2021,Idaho,Depression among adults,Overall,Overall,23.4
2021,Hawaii,Frequent mental distress among adults,Race/Ethnicity,"Hawaiian or Pacific Islander, non-Hispanic",11.5
2021,Georgia,Frequent mental distress among adults,Sex,Male,12.9
2021,Illinois,Postpartum depressive symptoms among women with a recent live birth,Race/Ethnicity,"Asian, non-Hispanic",21.4
2021,Hawaii,Depression among adults,Sex,Male,8.8
2021,Indiana,Current poor mental health among high school students,Grade,Grade 12,23.7
2021,Iowa,Depression among adults,Overall,Overall,17.7
2021,Iowa,Average mentally unhealthy days among adults,Race/Ethnicity,"White, non-Hispanic",3.2
2021,Illinois,Frequent mental distress among adults,Race/Ethnicity,Hispanic,12.8
2021,Iowa,Frequent mental distress among adults,Race/Ethnicity,"Multiracial, non-Hispanic",27.5
2021,Georgia,Average mentally unhealthy days among adults,Race/Ethnicity,"Black, non-Hispanic",3.0
2021,Idaho,Depression among adults,Sex,Male,16.7
2021,Georgia,Depression among adults,Overall,Overall,18.0
2021,Guam,Frequent mental distress among adults,Race/Ethnicity,Hispanic,18.5
2021,Kansas,Frequent mental distress among adults,Race/Ethnicity,"Multiracial, non-Hispanic",26.3
2021,Iowa,Depression among adults,Race/Ethnicity,"White, non-Hispanic",19.4
2021,Illinois,Postpartum depressive symptoms among women with a recent live birth,Race/Ethnicity,"White, non-Hispanic",9.6
2021,Hawaii,Frequent mental distress among adults,Sex,Female,13.4
2021,Guam,Frequent mental distress among adults,Age,Age >=65,2.5
2021,Indiana,Average mentally unhealthy days among adults,Race/Ethnicity,"White, non-Hispanic",2.9
2021,Kansas,Average mentally unhealthy days among adults,Age,Age 18-44,3.4
2021,Indiana,Depression among adults,Race/Ethnicity,"Black, non-Hispanic",18.8
2021,Hawaii,Average mentally unhealthy days among adults,Race/Ethnicity,Hispanic,4.2
2021,Hawaii,Frequent mental distress among adults,Race/Ethnicity,"Asian, non-Hispanic",7.6
2021,Kansas,Frequent mental distress among adults,Race/Ethnicity,"Black, non-Hispanic",18.5
2021,Hawaii,Depression among adults,Age,Age 18-44,12.4
2021,Hawaii,Frequent mental distress among adults,Age,Age 45-64,10.6
2021,Georgia,Average mentally unhealthy days among adults,Overall,Overall,2.8
2021,Illinois,Current poor mental health among high school students,Race/Ethnicity,"Multiracial, non-Hispanic",37.4
2021,Hawaii,Average mentally unhealthy days among adults,Overall,Overall,2.6
2021,Illinois,Average mentally unhealthy days among adults,Overall,Overall,3.3
2021,Illinois,Frequent mental distress among adults,Overall,Overall,13.4
2022,Georgia,Frequent mental distress among adults,Age,Age 45-64,13.9
2021,Guam,Average mentally unhealthy days among adults,Age,Age 18-44,3.4
2021,Idaho,Average mentally unhealthy days among adults,Sex,Female,3.5
2021,Idaho,Average mentally unhealthy days among adults,Race/Ethnicity,"White, non-Hispanic",3.2
2021,Indiana,Current poor mental health among high school students,Sex,Female,44.3
2021,Illinois,Depression among adults,Sex,Female,21.1
2021,Indiana,Current poor mental health among high school students,Race/Ethnicity,"Black, non-Hispanic",21.4
2021,Illinois,Depression among adults,Race/Ethnicity,"Black, non-Hispanic",11.2
2021,Illinois,Average mentally unhealthy days among adults,Sex,Male,3.3
2021,Indiana,Average mentally unhealthy days among adults,Age,Age 18-44,2.8
2021,Idaho,Depression among adults,Race/Ethnicity,"White, non-Hispanic",23.8
2021,Kansas,Depression among adults,Age,Age >=65,13.1
2021,Indiana,Frequent mental distress among adults,Race/Ethnicity,"Black, non-Hispanic",15.9
2021,Kansas,Frequent mental distress among adults,Sex,Female,19.7
2021,Guam,Depression among adults,Race/Ethnicity,"Asian, non-Hispanic",5.9
2021,Georgia,Frequent mental distress among adults,Race/Ethnicity,"White, non-Hispanic",16.9
2021,Kansas,Depression among adults,Race/Ethnicity,"Multiracial, non-Hispanic",37.9
2021,Iowa,Average mentally unhealthy days among adults,Sex,Male,3.0
2021,Iowa,Depression among adults,Race/Ethnicity,Hispanic,9.0
2021,Kansas,Postpartum depressive symptoms among women with a recent live birth,Race/Ethnicity,Hispanic,16.4
2021,Hawaii,Frequent mental distress among adults,Overall,Overall,11.1
2021,Indiana,Frequent mental distress among adults,Age,Age >=65,7.1
2021,Illinois,Depression among adults,Age,Age >=65,12.8
2021,Kansas,Frequent mental distress among adults,Race/Ethnicity,"American Indian or Alaska Native, non-Hispanic",24.7
2021,Iowa,Average mentally unhealthy days among adults,Age,Age 45-64,4.0
2021,Indiana,Depression among adults,Sex,Female,32.9
2021,Iowa,Current poor mental health among high school students,Sex,Male,21.6
2021,Georgia,Frequent mental distress among adults,Sex,Male,12.7
2021,Hawaii,Depression among adults,Race/Ethnicity,"Asian, non-Hispanic",7.5
2021,Idaho,Frequent mental distress among adults,Overall,Overall,15.2
2021,Indiana,Frequent mental distress among adults,Race/Ethnicity,"American Indian or Alaska Native, non-Hispanic",28.7
2021,Georgia,Frequent mental distress among adults,Race/Ethnicity,Hispanic,11.8
2021,Hawaii,Depression among adults,Race/Ethnicity,"Multiracial, non-Hispanic",12.5
2021,Hawaii,Postpartum depressive symptoms among women with a recent live birth,Race/Ethnicity,"White, non-Hispanic",15.4
2021,Idaho,Frequent mental distress among adults,Race/Ethnicity,"White, non-Hispanic",14.8
2021,Hawaii,Depression among adults,Race/Ethnicity,Hispanic,18.5
2021,Guam,Frequent mental distress among adults,Sex,Male,9.3
2021,Indiana,Frequent mental distress among adults,Race/Ethnicity,"Multiracial, non-Hispanic",25.2
2021,Kansas,Depression among adults,Sex,Female,26.9
2021,Kansas,Depression among adults,Race/Ethnicity,"Black, non-Hispanic",16.7
2021,Idaho,Depression among adults,Race/Ethnicity,Hispanic,20.7
2021,Guam,Depression among adults,Race/Ethnicity,"Hawaiian or Pacific Islander, non-Hispanic",8.8
2021,Iowa,Current poor mental health among high school students,Grade,Grade 11,39.7
2021,Hawaii,Frequent mental distress among adults,Race/Ethnicity,"Hawaiian or Pacific Islander, non-Hispanic",11.0
2021,Georgia,Frequent mental distress among adults,Race/Ethnicity,"American Indian or Alaska Native, non-Hispanic",28.6
2021,Indiana,Frequent mental distress among adults,Race/Ethnicity,Hispanic,13.2
2021,Idaho,Depression among adults,Sex,Female,30.2
2021,Georgia,Depression among adults,Sex,Male,13.3
2021,Iowa,Depression among adults,Race/Ethnicity,"Black, non-Hispanic",10.7
2021,Illinois,Current poor mental health among high school students,Grade,Grade 12,33.2
2021,Georgia,Frequent mental distress among adults,Age,Age >=65,8.4
2021,Kansas,Frequent mental distress among adults,Sex,Male,11.7
2021,Hawaii,Average mentally unhealthy days among adults,Race/Ethnicity,"White, non-Hispanic",2.8
2021,Idaho,Frequent mental distress among adults,Race/Ethnicity,"White, non-Hispanic",13.7
2021,Indiana,Depression among adults,Race/Ethnicity,"Multiracial, non-Hispanic",30.1
2021,Georgia,Average mentally unhealthy days among adults,Race/Ethnicity,"White, non-Hispanic",2.8
2021,Kansas,Postpartum depressive symptoms among women with a recent live birth,Race/Ethnicity,"Asian, non-Hispanic",28.2
2021,Indiana,Frequent mental distress among adults,Age,Age 18-44,21.6
2021,Georgia,Depression among adults,Race/Ethnicity,"White, non-Hispanic",23.1
2021,Guam,Average mentally unhealthy days among adults,Sex,Female,3.0
2021,Georgia,Frequent mental distress among adults,Race/Ethnicity,"White, non-Hispanic",15.6
2021,Iowa,Current poor mental health among high school students,Sex,Female,46.3
2021,Idaho,Frequent mental distress among adults,Sex,Male,11.4
2021,Illinois,Depression among adults,Age,Age 45-64,16.6
2021,Idaho,Average mentally unhealthy days among adults,Sex,Male,3.2
2021,Hawaii,Frequent mental distress among adults,Race/Ethnicity,"Multiracial, non-Hispanic",12.7
2021,Indiana,Frequent mental distress among adults,Sex,Male,12.6
2021,Illinois,Frequent mental distress among adults,Race/Ethnicity,"White, non-Hispanic",14.5
2021,Iowa,Frequent mental distress among adults,Sex,Male,9.8
2021,Iowa,Frequent mental distress among adults,Sex,Female,18.8
2021,Idaho,Average mentally unhealthy days among adults,Age,Age 45-64,3.6
2021,Kansas,Frequent mental distress among adults,Overall,Overall,15.2
2021,Idaho,Depression among adults,Age,Age 45-64,19.4
2021,Illinois,Postpartum depressive symptoms among women with a recent live birth,Race/Ethnicity,"Black, non-Hispanic",12.4
2021,Guam,Frequent mental distress among adults,Overall,Overall,11.9
2021,Kansas,Average mentally unhealthy days among adults,Sex,Male,3.2
2021,Idaho,Depression among adults,Age,Age 18-44,29.2
2021,Iowa,Frequent mental distress among adults,Overall,Overall,13.9
2021,Hawaii,Average mentally unhealthy days among adults,Race/Ethnicity,"Asian, non-Hispanic",2.6
2021,Guam,Frequent mental distress among adults,Race/Ethnicity,"White, non-Hispanic",8.4
2021,Indiana,Current poor mental health among high school students,Sex,Male,17.4
2021,Indiana,Depression among adults,Race/Ethnicity,"American Indian or Alaska Native, non-Hispanic",34.1
2021,Hawaii,Average mentally unhealthy days among adults,Sex,Male,2.2
2021,Georgia,Average mentally unhealthy days among adults,Overall,Overall,2.8
2021,Kansas,Depression among adults,Race/Ethnicity,"American Indian or Alaska Native, non-Hispanic",26.2
2021,Illinois,Frequent mental distress among adults,Age,Age 45-64,11.1
2021,Illinois,Depression among adults,Race/Ethnicity,Hispanic,18.4
2021,Guam,Depression among adults,Age,Age 18-44,9.2
2021,Indiana,Current poor mental health among high school students,Race/Ethnicity,"White, non-Hispanic",30.2
2021,Guam,Depression among adults,Overall,Overall,9.6
2021,Indiana,Frequent mental distress among adults,Race/Ethnicity,"American Indian or Alaska Native, non-Hispanic",34.8
2021,Idaho,Depression among adults,Race/Ethnicity,"American Indian or Alaska Native, non-Hispanic",25.1
2021,Indiana,Average mentally unhealthy days among adults,Race/Ethnicity,"White, non-Hispanic",2.9
2021,Iowa,Current poor mental health among high school students,Race/Ethnicity,"Black, non-Hispanic",42.2
2021,Hawaii,Depression among adults,Race/Ethnicity,Hispanic,18.9
2021,Illinois,Current poor mental health among high school students,Race/Ethnicity,"Black, non-Hispanic",25.4
2021,Kansas,Depression among adults,Race/Ethnicity,"White, non-Hispanic",20.5
2021,Idaho,Average mentally unhealthy days among adults,Overall,Overall,3.4
2021,Indiana,Average mentally unhealthy days among adults,Age,Age >=65,2.6
2021,Kansas,Frequent mental distress among adults,Race/Ethnicity,Hispanic,18.9
2021,Guam,Frequent mental distress among adults,Sex,Female,12.9
2021,Guam,Depression among adults,Sex,Male,7.1
2021,Kansas,Depression among adults,Sex,Male,14.2
2021,Iowa,Depression among adults,Age,Age >=65,12.5
2021,Indiana,Frequent mental distress among adults,Sex,Female,19.5
2021,Illinois,Frequent mental distress among adults,Race/Ethnicity,Hispanic,12.5
2021,Iowa,Frequent mental distress among adults,Race/Ethnicity,"Black, non-Hispanic",17.3
2021,Guam,Average mentally unhealthy days among adults,Race/Ethnicity,"Hawaiian or Pacific Islander, non-Hispanic",3.8
2021,Indiana,Depression among adults,Race/Ethnicity,"Black, non-Hispanic",18.8
2021,Hawaii,Depression among adults,Sex,Female,13.4
2021,Kansas,Average mentally unhealthy days among adults,Age,Age >=65,2.3
2021,Georgia,Depression among adults,Race/Ethnicity,"Black, non-Hispanic",13.5
2021,Georgia,Postpartum depressive symptoms among women with a recent live birth,Race/Ethnicity,"White, non-Hispanic",10.9
2021,Georgia,Depression among adults,Age,Age 45-64,17.0
2021,Indiana,Frequent mental distress among adults,Race/Ethnicity,"Black, non-Hispanic",15.9
2021,Georgia,Average mentally unhealthy days among adults,Race/Ethnicity,"Black, non-Hispanic",3.3
2021,Iowa,Current poor mental health among high school students,Overall,Overall,34.8
2021,Iowa,Depression among adults,Sex,Female,23.3
2021,Guam,Frequent mental distress among adults,Race/Ethnicity,"Asian, non-Hispanic",6.9
2021,Hawaii,Average mentally unhealthy days among adults,Age,Age >=65,2.7
2021,Kansas,Depression among adults,Race/Ethnicity,Hispanic,21.4
2021,Idaho,Average mentally unhealthy days among adults,Sex,Female,3.5
2021,Hawaii,Average mentally unhealthy days among adults,Age,Age 45-64,2.1
2021,Indiana,Depression among adults,Race/Ethnicity,Hispanic,18.5
2021,Illinois,Average mentally unhealthy days among adults,Race/Ethnicity,"White, non-Hispanic",4.2
2021,Indiana,Average mentally unhealthy days among adults,Sex,Male,2.7
2021,Guam,Depression among adults,Sex,Female,12.1
2021,Hawaii,Average mentally unhealthy days among adults,Race/Ethnicity,"Multiracial, non-Hispanic",2.8
2021,Georgia,Depression among adults,Race/Ethnicity,Hispanic,13.7
2021,Kansas,Average mentally unhealthy days among adults,Sex,Female,3.0
2021,Iowa,Frequent mental distress among adults,Race/Ethnicity,Hispanic,10.3
2021,Indiana,Current poor mental health among high school students,Grade,Grade 9,32.5
2021,Illinois,Frequent mental distress among adults,Sex,Male,11.0
2021,Iowa,Current poor mental health among high school students,Grade,Grade 12,34.2
2021,Iowa,Average mentally unhealthy days among adults,Age,Age 18-44,2.9
2021,Georgia,Average mentally unhealthy days among adults,Age,Age 45-64,3.5
2021,Georgia,Frequent mental distress among adults,Sex,Female,17.0
2021,Hawaii,Frequent mental distress among adults,Sex,Female,12.5
2021,Indiana,Depression among adults,Age,Age 45-64,23.0
2021,Hawaii,Average mentally unhealthy days among adults,Age,Age 18-44,2.8
2021,Illinois,Depression among adults,Race/Ethnicity,"White, non-Hispanic",18.8
2021,Indiana,Current poor mental health among high school students,Race/Ethnicity,"Multiracial, non-Hispanic",66.8
2021,Georgia,Frequent mental distress among adults,Race/Ethnicity,"Multiracial, non-Hispanic",19.2
2021,Kansas,Average mentally unhealthy days among adults,Sex,Male,3.1
2021,Illinois,Depression among adults,Age,Age 18-44,19.1
2021,Hawaii,Postpartum depressive symptoms among women with a recent live birth,Race/Ethnicity,"Hawaiian or Pacific Islander, non-Hispanic",27.2
2021,Indiana,Depression among adults,Race/Ethnicity,Hispanic,17.5
2021,Georgia,Average mentally unhealthy days among adults,Race/Ethnicity,"White, non-Hispanic",2.8
2021,Iowa,Average mentally unhealthy days among adults,Sex,Female,3.3
2021,Iowa,Frequent mental distress among adults,Race/Ethnicity,"White, non-Hispanic",14.5
2021,Indiana,Average mentally unhealthy days among adults,Race/Ethnicity,"Black, non-Hispanic",2.1
2021,Idaho,Depression among adults,Race/Ethnicity,"American Indian or Alaska Native, non-Hispanic",25.4
2021,Guam,Frequent mental distress among adults,Race/Ethnicity,"Hawaiian or Pacific Islander, non-Hispanic",12.0
2021,Georgia,Depression among adults,Race/Ethnicity,"Multiracial, non-Hispanic",18.6
2021,Hawaii,Depression among adults,Overall,Overall,11.4
2021,Georgia,Depression among adults,Age,Age 18-44,20.8
2021,Iowa,Depression among adults,Sex,Male,12.0
2021,Illinois,Average mentally unhealthy days among adults,Race/Ethnicity,"White, non-Hispanic",3.7
2021,Idaho,Frequent mental distress among adults,Age,Age 45-64,10.4
2021,Guam,Frequent mental distress among adults,Sex,Male,9.9
2021,Indiana,Frequent mental distress among adults,Race/Ethnicity,"White, non-Hispanic",15.6
2021,Illinois,Frequent mental distress among adults,Sex,Male,11.2
2021,Idaho,Depression among adults,Race/Ethnicity,"White, non-Hispanic",22.4
2021,Indiana,Depression among adults,Race/Ethnicity,"White, non-Hispanic",25.4
2021,Georgia,Frequent mental distress among adults,Age,Age 45-64,14.2
2021,Indiana,Depression among adults,Race/Ethnicity,"American Indian or Alaska Native, non-Hispanic",38.0
2021,Iowa,Current poor mental health among high school students,Race/Ethnicity,"White, non-Hispanic",32.7
2021,Kansas,Depression among adults,Race/Ethnicity,"American Indian or Alaska Native, non-Hispanic",26.1
2021,Indiana,Depression among adults,Age,Age >=65,15.9
2021,Indiana,Frequent mental distress among adults,Age,Age 45-64,14.0
2021,Illinois,Depression among adults,Sex,Male,12.5
2021,Guam,Depression among adults,Age,Age >=65,8.7
2021,Kansas,Depression among adults,Race/Ethnicity,"Asian, non-Hispanic",11.2
2021,Hawaii,Frequent mental distress among adults,Race/Ethnicity,"Multiracial, non-Hispanic",12.9
2021,Idaho,Depression among adults,Age,Age >=65,13.5
2021,Iowa,Frequent mental distress among adults,Sex,Male,10.0
2021,Illinois,Current poor mental health among high school students,Race/Ethnicity,"White, non-Hispanic",31.3
2021,Idaho,Frequent mental distress among adults,Race/Ethnicity,"Multiracial, non-Hispanic",24.1
2021,Guam,Frequent mental distress among adults,Race/Ethnicity,"Multiracial, non-Hispanic",21.7
2021,Indiana,Frequent mental distress among adults,Race/Ethnicity,Hispanic,14.9
2021,Indiana,Average mentally unhealthy days among adults,Overall,Overall,2.8
2021,Illinois,Current poor mental health among high school students,Race/Ethnicity,"Asian, non-Hispanic",26.4
2021,Hawaii,Average mentally unhealthy days among adults,Sex,Male,2.3
2021,Guam,Frequent mental distress among adults,Overall,Overall,11.1
2021,Kansas,Postpartum depressive symptoms among women with a recent live birth,Race/Ethnicity,"Black, non-Hispanic",26.4
2021,Iowa,Depression among adults,Overall,Overall,18.3
2021,Idaho,Frequent mental distress among adults,Sex,Male,11.1
2021,Illinois,Average mentally unhealthy days among adults,Sex,Male,3.2
2021,Georgia,Depression among adults,Sex,Male,13.4
2021,Illinois,Current poor mental health among high school students,Grade,Grade 11,31.1
2021,Kansas,Depression among adults,Sex,Male,14.1
2021,Georgia,Average mentally unhealthy days among adults,Sex,Male,3.1
2021,Kansas,Frequent mental distress among adults,Race/Ethnicity,"Black, non-Hispanic",17.9
2021,Iowa,Frequent mental distress among adults,Overall,Overall,14.4
2021,Illinois,Frequent mental distress among adults,Race/Ethnicity,"White, non-Hispanic",13.2
2021,Guam,Depression among adults,Sex,Male,6.9
2021,Hawaii,Depression among adults,Age,Age >=65,8.5
2021,Kansas,Frequent mental distress among adults,Overall,Overall,15.8
2021,Indiana,Depression among adults,Sex,Male,16.2
2021,Kansas,Frequent mental distress among adults,Race/Ethnicity,"White, non-Hispanic",13.9
2021,Maryland,Average mentally unhealthy days among adults,Race/Ethnicity,Hispanic,2.5
2021,Massachusetts,Frequent mental distress among adults,Age,Age >=65,7.9
2021,Kentucky,Current poor mental health among high school students,Grade,Grade 10,28.4
2021,Maine,Depression among adults,Age,Age 45-64,24.0
2021,Maine,Frequent mental distress among adults,Race/Ethnicity,"American Indian or Alaska Native, non-Hispanic",31.5
2021,Mississippi,Depression among adults,Age,Age 45-64,22.3
2021,Maine,Depression among adults,Sex,Female,30.0
2021,Mississippi,Frequent mental distress among adults,Sex,Male,11.6
2021,Louisiana,Average mentally unhealthy days among adults,Race/Ethnicity,"Black, non-Hispanic",2.3
2021,Mississippi,Current poor mental health among high school students,Race/Ethnicity,Hispanic,31.2
2021,Minnesota,Depression among adults,Race/Ethnicity,Hispanic,15.2
2021,Maryland,Average mentally unhealthy days among adults,Race/Ethnicity,"Black, non-Hispanic",2.6
2021,Maryland,Frequent mental distress among adults,Race/Ethnicity,"Asian, non-Hispanic",5.3
2021,Louisiana,Frequent mental distress among adults,Age,Age 45-64,17.1
2021,Mississippi,Average mentally unhealthy days among adults,Overall,Overall,1.9
2021,Michigan,Current poor mental health among high school students,Race/Ethnicity,"Black, non-Hispanic",24.2
2021,Kentucky,Depression among adults,Overall,Overall,27.5
2021,Massachusetts,Frequent mental distress among adults,Race/Ethnicity,Hispanic,14.6
2021,Maine,Average mentally unhealthy days among adults,Race/Ethnicity,"Black, non-Hispanic",0.0
2021,Maine,Current poor mental health among high school students,Grade,Grade 11,36.2
2021,Maine,Average mentally unhealthy days among adults,Overall,Overall,2.7
2021,Kentucky,Current poor mental health among high school students,Grade,Grade 12,27.4
2021,Michigan,Average mentally unhealthy days among adults,Age,Age 45-64,2.8
2021,Maine,Frequent mental distress among adults,Race/Ethnicity,"White, non-Hispanic",14.7
2021,Louisiana,Depression among adults,Race/Ethnicity,"Black, non-Hispanic",21.4
2021,Minnesota,Frequent mental distress among adults,Race/Ethnicity,"American Indian or Alaska Native, non-Hispanic",15.5
2021,Mississippi,Frequent mental distress among adults,Overall,Overall,15.4
2021,Maryland,Depression among adults,Overall,Overall,17.0
2021,Massachusetts,Average mentally unhealthy days among adults,Overall,Overall,3.5
2021,Maryland,Frequent mental distress among adults,Age,Age 18-44,16.6
2021,Louisiana,Depression among adults,Race/Ethnicity,"Black, non-Hispanic",21.6
2021,Massachusetts,Current poor mental health among high school students,Overall,Overall,31.8
2021,Maryland,Current poor mental health among high school students,Race/Ethnicity,"Black, non-Hispanic",25.8
2021,Minnesota,Depression among adults,Age,Age 45-64,18.8
2021,Maine,Postpartum depressive symptoms among women with a recent live birth,Overall,Overall,12.3
2021,Michigan,Frequent mental distress among adults,Race/Ethnicity,"Black, non-Hispanic",15.6
2021,Michigan,Postpartum depressive symptoms among women with a recent live birth,Race/Ethnicity,"Multiracial, non-Hispanic",18.6
2021,Louisiana,Frequent mental distress among adults,Race/Ethnicity,"Black, non-Hispanic",18.3
2021,Minnesota,Postpartum depressive symptoms among women with a recent live birth,Race/Ethnicity,"Multiracial, non-Hispanic",21.2
2021,Maine,Frequent mental distress among adults,Age,Age 18-44,22.4
2021,Maryland,Frequent mental distress among adults,Race/Ethnicity,"American Indian or Alaska Native, non-Hispanic",21.4
2021,Michigan,Current poor mental health among high school students,Grade,Grade 12,30.8
2021,Mississippi,Average mentally unhealthy days among adults,Sex,Female,2.3
2021,Maryland,Depression among adults,Race/Ethnicity,"Multiracial, non-Hispanic",23.8
2021,Michigan,Average mentally unhealthy days among adults,Age,Age >=65,2.8
2021,Louisiana,Current poor mental health among high school students,Grade,Grade 9,25.0
2021,Massachusetts,Depression among adults,Age,Age 45-64,17.6
2021,Michigan,Depression among adults,Age,Age 18-44,28.1
2021,Michigan,Current poor mental health among high school students,Sex,Female,42.6
2021,Maine,Current poor mental health among high school students,Race/Ethnicity,"American Indian or Alaska Native, non-Hispanic",29.1
2021,Michigan,Average mentally unhealthy days among adults,Race/Ethnicity,"White, non-Hispanic",3.1
2021,Maine,Frequent mental distress among adults,Sex,Male,12.1
2021,Minnesota,Frequent mental distress among adults,Race/Ethnicity,"Black, non-Hispanic",12.2
2021,Kentucky,Frequent mental distress among adults,Sex,Female,22.6
2022,Alaska,Frequent mental distress among adults,Sex,Male,12.2
2021,Massachusetts,Depression among adults,Race/Ethnicity,"White, non-Hispanic",20.3
2021,Massachusetts,Depression among adults,Sex,Male,14.2
2021,Michigan,Depression among adults,Race/Ethnicity,"Multiracial, non-Hispanic",25.8
2021,Minnesota,Average mentally unhealthy days among adults,Race/Ethnicity,"White, non-Hispanic",3.8
2021,Louisiana,Average mentally unhealthy days among adults,Overall,Overall,2.5
2021,Minnesota,Depression among adults,Sex,Female,27.7
2021,Maryland,Depression among adults,Age,Age >=65,11.5
2021,Massachusetts,Postpartum depressive symptoms among women with a recent live birth,Overall,Overall,10.4
2021,Massachusetts,Frequent mental distress among adults,Race/Ethnicity,"Asian, non-Hispanic",8.3
2021,Maine,Frequent mental distress among adults,Race/Ethnicity,Hispanic,16.7
2021,Michigan,Postpartum depressive symptoms among women with a recent live birth,Race/Ethnicity,"Asian, non-Hispanic",31.6
2021,Minnesota,Depression among adults,Overall,Overall,20.5
2021,Mississippi,Average mentally unhealthy days among adults,Race/Ethnicity,"Black, non-Hispanic",1.9
2021,Louisiana,Frequent mental distress among adults,Sex,Female,22.3
2021,Kentucky,Frequent mental distress among adults,Race/Ethnicity,"White, non-Hispanic",18.2
2021,Kentucky,Average mentally unhealthy days among adults,Overall,Overall,2.4
2021,Michigan,Frequent mental distress among adults,Race/Ethnicity,"Multiracial, non-Hispanic",25.0
2021,Maine,Depression among adults,Sex,Female,32.5
2021,Maryland,Depression among adults,Sex,Female,21.4
2021,Michigan,Postpartum depressive symptoms among women with a recent live birth,Race/Ethnicity,"White, non-Hispanic",14.2
2021,Michigan,Current poor mental health among high school students,Sex,Male,20.3
2021,Michigan,Frequent mental distress among adults,Overall,Overall,16.3
2021,Louisiana,Average mentally unhealthy days among adults,Race/Ethnicity,"White, non-Hispanic",2.8
2021,Kentucky,Average mentally unhealthy days among adults,Sex,Female,2.1
2021,Maine,Current poor mental health among high school students,Race/Ethnicity,Hispanic,32.6
2021,Minnesota,Average mentally unhealthy days among adults,Sex,Male,3.4
2021,Michigan,Average mentally unhealthy days among adults,Sex,Male,3.4
2021,Louisiana,Average mentally unhealthy days among adults,Age,Age 18-44,2.7
2021,Minnesota,Average mentally unhealthy days among adults,Overall,Overall,3.5
2021,Mississippi,Postpartum depressive symptoms among women with a recent live birth,Overall,Overall,20.8
2021,Maryland,Depression among adults,Age,Age 18-44,20.2
2021,Louisiana,Depression among adults,Age,Age 45-64,23.4
2021,Kentucky,Current poor mental health among high school students,Race/Ethnicity,"Multiracial, non-Hispanic",41.7
2021,Massachusetts,Current poor mental health among high school students,Race/Ethnicity,"White, non-Hispanic",31.8
2021,Louisiana,Depression among adults,Race/Ethnicity,"White, non-Hispanic",27.4
2021,Maryland,Current poor mental health among high school students,Race/Ethnicity,"Multiracial, non-Hispanic",33.5
2021,Maine,Depression among adults,Race/Ethnicity,"American Indian or Alaska Native, non-Hispanic",36.7
2021,Michigan,Depression among adults,Sex,Female,30.2
2021,Massachusetts,Depression among adults,Race/Ethnicity,"White, non-Hispanic",22.1
2021,Massachusetts,Depression among adults,Race/Ethnicity,"Asian, non-Hispanic",7.6
2021,Minnesota,Average mentally unhealthy days among adults,Race/Ethnicity,Hispanic,2.0
2021,Minnesota,Depression among adults,Race/Ethnicity,"Multiracial, non-Hispanic",37.3
2021,Mississippi,Frequent mental distress among adults,Race/Ethnicity,"White, non-Hispanic",14.4
2021,Maryland,Frequent mental distress among adults,Race/Ethnicity,Hispanic,9.3
2021,Massachusetts,Average mentally unhealthy days among adults,Sex,Female,3.3
2021,Massachusetts,Frequent mental distress among adults,Age,Age 18-44,16.6
2021,Maryland,Average mentally unhealthy days among adults,Race/Ethnicity,"White, non-Hispanic",3.3
2021,Kentucky,Depression among adults,Race/Ethnicity,"Multiracial, non-Hispanic",41.9
2021,Maine,Frequent mental distress among adults,Race/Ethnicity,"Multiracial, non-Hispanic",25.3
2021,Massachusetts,Frequent mental distress among adults,Race/Ethnicity,"White, non-Hispanic",13.5
2021,Maine,Depression among adults,Race/Ethnicity,"Multiracial, non-Hispanic",37.4
2021,Massachusetts,Postpartum depressive symptoms among women with a recent live birth,Race/Ethnicity,"Multiracial, non-Hispanic",22.9
2021,Maine,Current poor mental health among high school students,Sex,Female,45.3
2021,Michigan,Depression among adults,Race/Ethnicity,"Black, non-Hispanic",18.2
2021,Kentucky,Frequent mental distress among adults,Race/Ethnicity,Hispanic,17.4
2021,Minnesota,Depression among adults,Race/Ethnicity,"Black, non-Hispanic",15.7
2021,Kentucky,Frequent mental distress among adults,Age,Age >=65,12.2
2022,Connecticut,Frequent mental distress among adults,Race/Ethnicity,"Multiracial, non-Hispanic",32.1
2021,Kentucky,Current poor mental health among high school students,Race/Ethnicity,"Asian, non-Hispanic",19.2
2021,Louisiana,Current poor mental health among high school students,Race/Ethnicity,"Multiracial, non-Hispanic",37.2
2021,Maine,Average mentally unhealthy days among adults,Sex,Male,2.8
2021,Maine,Postpartum depressive symptoms among women with a recent live birth,Race/Ethnicity,"White, non-Hispanic",12.6
2021,Maryland,Depression among adults,Sex,Male,11.3
2021,Minnesota,Frequent mental distress among adults,Race/Ethnicity,"Multiracial, non-Hispanic",25.6
2021,Minnesota,Frequent mental distress among adults,Age,Age 45-64,9.8
2021,Maryland,Average mentally unhealthy days among adults,Overall,Overall,3.2
2021,Louisiana,Average mentally unhealthy days among adults,Sex,Male,2.7
2021,Kentucky,Depression among adults,Age,Age >=65,20.0
2021,Louisiana,Depression among adults,Age,Age >=65,18.0
2021,Mississippi,Current poor mental health among high school students,Grade,Grade 11,28.5
2021,Massachusetts,Current poor mental health among high school students,Race/Ethnicity,Hispanic,35.4
2021,Maine,Average mentally unhealthy days among adults,Overall,Overall,2.7
2021,Mississippi,Depression among adults,Sex,Female,26.5
2021,Maryland,Average mentally unhealthy days among adults,Sex,Female,3.3
2021,Maryland,Depression among adults,Race/Ethnicity,"Asian, non-Hispanic",7.5
2021,Louisiana,Depression among adults,Sex,Male,18.2
2021,Michigan,Frequent mental distress among adults,Sex,Female,20.0
2021,Michigan,Depression among adults,Race/Ethnicity,"White, non-Hispanic",25.0
2021,Massachusetts,Frequent mental distress among adults,Race/Ethnicity,Hispanic,14.6
2021,Kentucky,Depression among adults,Sex,Female,35.0
2022,Arkansas,Frequent mental distress among adults,Age,Age 18-44,26.7
2021,Minnesota,Postpartum depressive symptoms among women with a recent live birth,Race/Ethnicity,"American Indian or Alaska Native, non-Hispanic",22.4
2021,Louisiana,Current poor mental health among high school students,Race/Ethnicity,"Black, non-Hispanic",24.3
2021,Kentucky,Current poor mental health among high school students,Grade,Grade 11,32.1
2021,Massachusetts,Current poor mental health among high school students,Sex,Male,19.8
2021,Maine,Current poor mental health among high school students,Race/Ethnicity,"Asian, non-Hispanic",28.7
2021,Massachusetts,Average mentally unhealthy days among adults,Sex,Female,3.1
2021,Maine,Frequent mental distress among adults,Sex,Female,20.7
2021,Michigan,Current poor mental health among high school students,Race/Ethnicity,"Asian, non-Hispanic",31.4
2021,Mississippi,Depression among adults,Race/Ethnicity,"White, non-Hispanic",23.4
2021,Maine,Frequent mental distress among adults,Age,Age 45-64,13.2
2021,Mississippi,Frequent mental distress among adults,Age,Age 18-44,17.2
2021,Mississippi,Current poor mental health among high school students,Grade,Grade 10,26.1
2021,Kentucky,Average mentally unhealthy days among adults,Age,Age >=65,0.9
2021,Louisiana,Frequent mental distress among adults,Race/Ethnicity,"Multiracial, non-Hispanic",22.8
2021,Mississippi,Current poor mental health among high school students,Race/Ethnicity,"Multiracial, non-Hispanic",46.4
2021,Maryland,Current poor mental health among high school students,Overall,Overall,29.3
2021,Louisiana,Frequent mental distress among adults,Overall,Overall,17.8
2021,Maryland,Depression among adults,Race/Ethnicity,"Black, non-Hispanic",12.2
2021,Kentucky,Frequent mental distress among adults,Overall,Overall,18.0
2021,Maryland,Frequent mental distress among adults,Age,Age 45-64,10.8
2021,Maine,Depression among adults,Race/Ethnicity,Hispanic,24.8
2021,Kentucky,Depression among adults,Overall,Overall,27.0
2021,Mississippi,Frequent mental distress among adults,Sex,Male,12.1
2021,Kentucky,Average mentally unhealthy days among adults,Sex,Male,2.9
2021,Michigan,Depression among adults,Race/Ethnicity,"American Indian or Alaska Native, non-Hispanic",24.3
2021,Michigan,Frequent mental distress among adults,Race/Ethnicity,"American Indian or Alaska Native, non-Hispanic",22.6
2021,Maine,Current poor mental health among high school students,Grade,Grade 10,31.7
2021,Kentucky,Depression among adults,Race/Ethnicity,Hispanic,25.7
2021,Michigan,Average mentally unhealthy days among adults,Race/Ethnicity,"White, non-Hispanic",3.0
2021,Kentucky,Average mentally unhealthy days among adults,Race/Ethnicity,"White, non-Hispanic",2.3
2021,Mississippi,Depression among adults,Age,Age 18-44,20.5
2021,Michigan,Postpartum depressive symptoms among women with a recent live birth,Race/Ethnicity,Hispanic,23.9
2021,Massachusetts,Postpartum depressive symptoms among women with a recent live birth,Race/Ethnicity,"Black, non-Hispanic",15.2
2021,Maine,Depression among adults,Race/Ethnicity,"White, non-Hispanic",23.1
2021,Maine,Average mentally unhealthy days among adults,Race/Ethnicity,"Black, non-Hispanic",0.0
2021,Louisiana,Frequent mental distress among adults,Sex,Female,21.3
2021,Massachusetts,Depression among adults,Sex,Female,22.8
2021,Michigan,Frequent mental distress among adults,Race/Ethnicity,"Multiracial, non-Hispanic",26.8
2021,Maryland,Average mentally unhealthy days among adults,Race/Ethnicity,"Black, non-Hispanic",2.7
2021,Minnesota,Depression among adults,Sex,Female,26.5
2021,Minnesota,Depression among adults,Race/Ethnicity,"Asian, non-Hispanic",8.3
2021,Maine,Average mentally unhealthy days among adults,Sex,Female,2.8
2021,Mississippi,Average mentally unhealthy days among adults,Age,Age 45-64,1.7
2021,Maryland,Frequent mental distress among adults,Sex,Male,10.7
2021,Michigan,Depression among adults,Age,Age 45-64,20.7
2021,Kentucky,Frequent mental distress among adults,Race/Ethnicity,"Black, non-Hispanic",22.0
2021,Michigan,Current poor mental health among high school students,Race/Ethnicity,"White, non-Hispanic",33.0
2021,Maryland,Average mentally unhealthy days among adults,Race/Ethnicity,Hispanic,2.7
2021,Massachusetts,Frequent mental distress among adults,Overall,Overall,13.2
2021,Minnesota,Frequent mental distress among adults,Race/Ethnicity,"Asian, non-Hispanic",7.8
2021,Kentucky,Frequent mental distress among adults,Sex,Male,14.2
2021,Maine,Frequent mental distress among adults,Race/Ethnicity,"American Indian or Alaska Native, non-Hispanic",25.0
2021,Massachusetts,Frequent mental distress among adults,Race/Ethnicity,"Black, non-Hispanic",12.2
2021,Maryland,Current poor mental health among high school students,Grade,Grade 12,30.7
2021,Massachusetts,Current poor mental health among high school students,Grade,Grade 11,34.6
2021,Massachusetts,Average mentally unhealthy days among adults,Age,Age >=65,2.0
2021,Maryland,Current poor mental health among high school students,Race/Ethnicity,"Hawaiian or Pacific Islander, non-Hispanic",17.6
2021,Louisiana,Current poor mental health among high school students,Grade,Grade 12,31.3
2021,Maryland,Depression among adults,Race/Ethnicity,Hispanic,10.1
2021,Michigan,Average mentally unhealthy days among adults,Overall,Overall,3.2
2021,Mississippi,Postpartum depressive symptoms among women with a recent live birth,Race/Ethnicity,Hispanic,29.8
2021,Massachusetts,Current poor mental health among high school students,Grade,Grade 10,31.7
2021,Kentucky,Depression among adults,Race/Ethnicity,"Black, non-Hispanic",18.4
2021,Massachusetts,Depression among adults,Overall,Overall,19.1
2021,Maryland,Frequent mental distress among adults,Sex,Female,14.8
2021,Michigan,Depression among adults,Race/Ethnicity,Hispanic,27.5
2021,Minnesota,Depression among adults,Race/Ethnicity,"Multiracial, non-Hispanic",33.7
2021,Maryland,Current poor mental health among high school students,Sex,Male,18.3
2021,Louisiana,Average mentally unhealthy days among adults,Race/Ethnicity,"White, non-Hispanic",2.8
2021,Maine,Average mentally unhealthy days among adults,Sex,Female,2.6
2021,Maryland,Average mentally unhealthy days among adults,Race/Ethnicity,"White, non-Hispanic",3.4
2021,Minnesota,Frequent mental distress among adults,Overall,Overall,12.3
2021,Minnesota,Depression among adults,Race/Ethnicity,"American Indian or Alaska Native, non-Hispanic",16.9
2021,Massachusetts,Frequent mental distress among adults,Sex,Male,10.4
2021,Kentucky,Frequent mental distress among adults,Race/Ethnicity,"Multiracial, non-Hispanic",27.1
2021,Michigan,Average mentally unhealthy days among adults,Race/Ethnicity,"Black, non-Hispanic",3.4
2021,Louisiana,Depression among adults,Race/Ethnicity,"Multiracial, non-Hispanic",42.2
2021,Mississippi,Average mentally unhealthy days among adults,Sex,Female,2.3
2021,Maryland,Depression among adults,Race/Ethnicity,"White, non-Hispanic",21.9
2021,Massachusetts,Depression among adults,Overall,Overall,18.6
2021,Maryland,Frequent mental distress among adults,Race/Ethnicity,"Multiracial, non-Hispanic",17.7
2021,Minnesota,Average mentally unhealthy days among adults,Sex,Female,3.5
2021,Minnesota,Frequent mental distress among adults,Race/Ethnicity,Hispanic,12.1
2021,Minnesota,Average mentally unhealthy days among adults,Age,Age >=65,2.3
2021,Louisiana,Current poor mental health among high school students,Sex,Male,19.4
2021,Minnesota,Postpartum depressive symptoms among women with a recent live birth,Race/Ethnicity,Hispanic,0.6
2021,Michigan,Current poor mental health among high school students,Race/Ethnicity,"Multiracial, non-Hispanic",34.0
2021,Kentucky,Depression among adults,Race/Ethnicity,"White, non-Hispanic",28.7
2021,Michigan,Current poor mental health among high school students,Grade,Grade 9,27.2
2021,Michigan,Frequent mental distress among adults,Sex,Female,18.7
2021,Michigan,Depression among adults,Sex,Male,16.9
2021,Kentucky,Current poor mental health among high school students,Race/Ethnicity,"American Indian or Alaska Native, non-Hispanic",15.4
2021,Maine,Current poor mental health among high school students,Race/Ethnicity,"Multiracial, non-Hispanic",37.0
2021,Louisiana,Current poor mental health among high school students,Race/Ethnicity,"White, non-Hispanic",32.0
2021,Louisiana,Average mentally unhealthy days among adults,Age,Age >=65,1.7
2021,Minnesota,Depression among adults,Sex,Male,14.3
2021,Louisiana,Frequent mental distress among adults,Race/Ethnicity,"Multiracial, non-Hispanic",18.8
2021,Maine,Average mentally unhealthy days among adults,Age,Age 45-64,2.8
2021,Mississippi,Depression among adults,Race/Ethnicity,"Black, non-Hispanic",14.8
2021,Massachusetts,Frequent mental distress among adults,Race/Ethnicity,"White, non-Hispanic",14.8
2021,Kentucky,Current poor mental health among high school students,Sex,Male,16.7
2021,Kentucky,Depression among adults,Sex,Female,36.3
2021,Maine,Depression among adults,Age,Age 18-44,29.4
2021,Louisiana,Average mentally unhealthy days among adults,Sex,Male,2.7
2021,Mississippi,Current poor mental health among high school students,Overall,Overall,26.3
2021,Mississippi,Average mentally unhealthy days among adults,Race/Ethnicity,"Black, non-Hispanic",1.9
2021,Maryland,Average mentally unhealthy days among adults,Sex,Male,3.1
2021,Minnesota,Frequent mental distress among adults,Sex,Female,16.2
2021,Michigan,Average mentally unhealthy days among adults,Sex,Male,3.3
2021,Mississippi,Frequent mental distress among adults,Age,Age >=65,7.5
2021,Louisiana,Depression among adults,Sex,Female,30.8
2021,Kentucky,Frequent mental distress among adults,Overall,Overall,18.4
2021,Massachusetts,Depression among adults,Race/Ethnicity,"Asian, non-Hispanic",5.8
2021,Michigan,Frequent mental distress among adults,Age,Age 45-64,14.3
2021,Mississippi,Frequent mental distress among adults,Race/Ethnicity,"White, non-Hispanic",15.5
2021,Maryland,Current poor mental health among high school students,Grade,Grade 11,32.8
2021,Michigan,Depression among adults,Race/Ethnicity,"Black, non-Hispanic",17.4
2021,Maryland,Average mentally unhealthy days among adults,Age,Age 45-64,3.7
2021,Maine,Depression among adults,Race/Ethnicity,Hispanic,25.1
2021,Louisiana,Depression among adults,Race/Ethnicity,"American Indian or Alaska Native, non-Hispanic",26.0
2021,Kentucky,Average mentally unhealthy days among adults,Sex,Male,2.7
2021,Maine,Current poor mental health among high school students,Race/Ethnicity,"White, non-Hispanic",33.9
2021,Massachusetts,Frequent mental distress among adults,Race/Ethnicity,"Multiracial, non-Hispanic",23.8
2021,Maine,Frequent mental distress among adults,Sex,Female,18.2
2021,Michigan,Average mentally unhealthy days among adults,Sex,Female,3.2
2021,Kentucky,Frequent mental distress among adults,Sex,Male,14.1
2021,Massachusetts,Depression among adults,Race/Ethnicity,"Multiracial, non-Hispanic",33.3
2021,Mississippi,Frequent mental distress among adults,Age,Age 45-64,16.2
2021,Kentucky,Current poor mental health among high school students,Sex,Female,40.5
2021,Louisiana,Depression among adults,Sex,Male,17.8
2021,Maryland,Depression among adults,Race/Ethnicity,"American Indian or Alaska Native, non-Hispanic",23.3
2021,Maryland,Current poor mental health among high school students,Race/Ethnicity,"American Indian or Alaska Native, non-Hispanic",21.4
2021,Minnesota,Frequent mental distress among adults,Sex,Male,9.6
2021,Michigan,Depression among adults,Sex,Male,16.3
2021,Massachusetts,Depression among adults,Age,Age >=65,13.2
2021,Massachusetts,Average mentally unhealthy days among adults,Sex,Male,3.4
2021,Michigan,Current poor mental health among high school students,Race/Ethnicity,"American Indian or Alaska Native, non-Hispanic",32.0
2021,Kentucky,Depression among adults,Race/Ethnicity,Hispanic,26.9
2021,Louisiana,Frequent mental distress among adults,Race/Ethnicity,"White, non-Hispanic",17.3
2021,Maine,Frequent mental distress among adults,Overall,Overall,15.2
2021,Mississippi,Average mentally unhealthy days among adults,Age,Age 18-44,2.3
2021,Louisiana,Frequent mental distress among adults,Age,Age >=65,10.2
2021,Mississippi,Average mentally unhealthy days among adults,Sex,Male,1.5
2021,Minnesota,Postpartum depressive symptoms among women with a recent live birth,Overall,Overall,11.3
2021,Louisiana,Current poor mental health among high school students,Grade,Grade 11,34.5
2021,Maryland,Depression among adults,Race/Ethnicity,Hispanic,10.6
2021,Kentucky,Current poor mental health among high school students,Overall,Overall,28.6
2021,Louisiana,Current poor mental health among high school students,Overall,Overall,29.6
2021,Minnesota,Average mentally unhealthy days among adults,Sex,Female,3.5
2021,Kentucky,Frequent mental distress among adults,Race/Ethnicity,"Black, non-Hispanic",21.5
2021,Maine,Current poor mental health among high school students,Race/Ethnicity,"Black, non-Hispanic",18.4
2021,Maryland,Frequent mental distress among adults,Overall,Overall,12.7
2021,Mississippi,Depression among adults,Race/Ethnicity,"White, non-Hispanic",24.6
2021,Kentucky,Depression among adults,Race/Ethnicity,"Black, non-Hispanic",18.0
2021,Louisiana,Average mentally unhealthy days among adults,Sex,Female,2.4
2021,Maryland,Depression among adults,Race/Ethnicity,"Black, non-Hispanic",12.0
2021,Michigan,Depression among adults,Race/Ethnicity,"White, non-Hispanic",23.5
2021,Massachusetts,Frequent mental distress among adults,Race/Ethnicity,"Black, non-Hispanic",12.2
2021,Maryland,Current poor mental health among high school students,Grade,Grade 9,26.2
2021,Massachusetts,Current poor mental health among high school students,Grade,Grade 12,33.9
2021,Maine,Frequent mental distress among adults,Race/Ethnicity,"Multiracial, non-Hispanic",24.4
2021,Mississippi,Depression among adults,Sex,Male,13.6
2021,Maryland,Frequent mental distress among adults,Sex,Male,10.3
2021,Maryland,Current poor mental health among high school students,Race/Ethnicity,Hispanic,28.2
2021,Michigan,Frequent mental distress among adults,Sex,Male,12.6
2021,Massachusetts,Depression among adults,Sex,Female,23.7
2022,Arizona,Frequent mental distress among adults,Race/Ethnicity,"Multiracial, non-Hispanic",25.5
2021,Massachusetts,Frequent mental distress among adults,Overall,Overall,13.6
2021,Maine,Depression among adults,Race/Ethnicity,"American Indian or Alaska Native, non-Hispanic",34.1
2021,Mississippi,Depression among adults,Age,Age >=65,16.0
2021,Kentucky,Average mentally unhealthy days among adults,Race/Ethnicity,"White, non-Hispanic",2.4
2021,Massachusetts,Frequent mental distress among adults,Sex,Female,15.9
2021,Kentucky,Average mentally unhealthy days among adults,Age,Age 18-44,2.7
2021,Louisiana,Frequent mental distress among adults,Sex,Male,14.4
2021,Mississippi,Current poor mental health among high school students,Race/Ethnicity,"White, non-Hispanic",30.1
2021,Minnesota,Depression among adults,Race/Ethnicity,"Asian, non-Hispanic",7.3
2021,Kentucky,Current poor mental health among high school students,Race/Ethnicity,Hispanic,27.2
2021,Massachusetts,Average mentally unhealthy days among adults,Age,Age 18-44,4.0
2021,Michigan,Depression among adults,Overall,Overall,23.6
2021,Louisiana,Frequent mental distress among adults,Race/Ethnicity,Hispanic,16.3
2021,Louisiana,Postpartum depressive symptoms among women with a recent live birth,Race/Ethnicity,"White, non-Hispanic",10.5
2021,Maryland,Depression among adults,Sex,Female,22.4
2021,Minnesota,Frequent mental distress among adults,Race/Ethnicity,Hispanic,11.5
2021,Minnesota,Average mentally unhealthy days among adults,Age,Age 18-44,3.7
2021,Minnesota,Frequent mental distress among adults,Race/Ethnicity,"Asian, non-Hispanic",6.4
2021,Maryland,Average mentally unhealthy days among adults,Age,Age 18-44,2.9
2021,Louisiana,Current poor mental health among high school students,Sex,Female,39.0
2021,Louisiana,Depression among adults,Sex,Female,31.6
2021,Maryland,Average mentally unhealthy days among adults,Sex,Male,3.0
2021,Mississippi,Frequent mental distress among adults,Race/Ethnicity,"Black, non-Hispanic",14.5
2021,Massachusetts,Depression among adults,Race/Ethnicity,Hispanic,20.5
2021,Michigan,Frequent mental distress among adults,Race/Ethnicity,"White, non-Hispanic",15.3
2021,Minnesota,Depression among adults,Race/Ethnicity,"White, non-Hispanic",21.8
2021,Maryland,Current poor mental health among high school students,Sex,Female,39.8
2021,Maryland,Average mentally unhealthy days among adults,Race/Ethnicity,"Multiracial, non-Hispanic",4.7
2021,Minnesota,Average mentally unhealthy days among adults,Overall,Overall,3.4
2021,Maryland,Frequent mental distress among adults,Sex,Female,15.6
2021,Kentucky,Depression among adults,Sex,Male,18.6
2021,Mississippi,Depression among adults,Overall,Overall,20.2
2021,Minnesota,Depression among adults,Race/Ethnicity,"American Indian or Alaska Native, non-Hispanic",17.4
2021,Maine,Average mentally unhealthy days among adults,Race/Ethnicity,"White, non-Hispanic",2.5
2021,Michigan,Current poor mental health among high school students,Grade,Grade 10,34.0
2021,Mississippi,Current poor mental health among high school students,Race/Ethnicity,"Black, non-Hispanic",21.6
2021,Maryland,Frequent mental distress among adults,Race/Ethnicity,"Black, non-Hispanic",12.8
2021,Maryland,Average mentally unhealthy days among adults,Race/Ethnicity,"Asian, non-Hispanic",5.5
2021,Michigan,Average mentally unhealthy days among adults,Overall,Overall,3.3
2022,Arkansas,Depression among adults,Age,Age 45-64,27.6
2021,Michigan,Depression among adults,Race/Ethnicity,Hispanic,29.5
2021,Kentucky,Frequent mental distress among adults,Age,Age 45-64,16.6
2021,Michigan,Frequent mental distress among adults,Age,Age 18-44,20.5
2021,Kentucky,Depression among adults,Age,Age 45-64,28.5
2021,Maryland,Depression among adults,Overall,Overall,16.6
2021,Maryland,Current poor mental health among high school students,Grade,Grade 10,28.0
2021,Maine,Average mentally unhealthy days among adults,Age,Age 18-44,2.8
2021,Louisiana,Postpartum depressive symptoms among women with a recent live birth,Race/Ethnicity,"Black, non-Hispanic",13.5
2021,Minnesota,Frequent mental distress among adults,Overall,Overall,13.0
2021,Massachusetts,Current poor mental health among high school students,Race/Ethnicity,"Black, non-Hispanic",25.5
2021,Louisiana,Depression among adults,Overall,Overall,24.5
2021,Mississippi,Current poor mental health among high school students,Grade,Grade 9,26.9
2021,Michigan,Average mentally unhealthy days among adults,Race/Ethnicity,"Black, non-Hispanic",3.3
2021,Minnesota,Frequent mental distress among adults,Race/Ethnicity,"White, non-Hispanic",13.8
2021,Michigan,Frequent mental distress among adults,Age,Age >=65,7.9
2021,Minnesota,Average mentally unhealthy days among adults,Race/Ethnicity,"Asian, non-Hispanic",2.4
2021,Louisiana,Depression among adults,Race/Ethnicity,"Multiracial, non-Hispanic",33.8
2021,Massachusetts,Depression among adults,Race/Ethnicity,"Black, non-Hispanic",11.0
2021,Maryland,Frequent mental distress among adults,Race/Ethnicity,"Multiracial, non-Hispanic",18.7
2021,Mississippi,Frequent mental distress among adults,Sex,Female,18.6
2021,Minnesota,Depression among adults,Sex,Male,14.8
2021,Kentucky,Depression among adults,Race/Ethnicity,"White, non-Hispanic",28.0
2021,Michigan,Postpartum depressive symptoms among women with a recent live birth,Overall,Overall,16.5
2021,Mississippi,Depression among adults,Race/Ethnicity,"Black, non-Hispanic",14.6
2021,Maine,Depression among adults,Race/Ethnicity,"White, non-Hispanic",24.8
2021,Massachusetts,Postpartum depressive symptoms among women with a recent live birth,Race/Ethnicity,"Asian, non-Hispanic",18.2
2021,Maine,Depression among adults,Age,Age >=65,15.0
2021,Kentucky,Frequent mental distress among adults,Sex,Female,21.7
2021,Louisiana,Frequent mental distress among adults,Overall,Overall,18.5
2021,Michigan,Current poor mental health among high school students,Race/Ethnicity,Hispanic,33.2
2021,Michigan,Frequent mental distress among adults,Race/Ethnicity,Hispanic,17.9
2021,Michigan,Current poor mental health among high school students,Overall,Overall,31.5
2021,Maryland,Depression among adults,Race/Ethnicity,"White, non-Hispanic",24.0
2021,Mississippi,Average mentally unhealthy days among adults,Race/Ethnicity,"White, non-Hispanic",2.0
2021,Louisiana,Average mentally unhealthy days among adults,Race/Ethnicity,"Black, non-Hispanic",2.3
2021,Maine,Frequent mental distress among adults,Age,Age >=65,7.6
2021,Maryland,Frequent mental distress among adults,Race/Ethnicity,"Asian, non-Hispanic",5.2
2021,Minnesota,Frequent mental distress among adults,Age,Age >=65,5.9
2021,Minnesota,Frequent mental distress among adults,Sex,Male,9.9
2021,Maryland,Depression among adults,Race/Ethnicity,"Asian, non-Hispanic",7.3
2021,Louisiana,Frequent mental distress among adults,Age,Age 18-44,21.9
2021,Massachusetts,Current poor mental health among high school students,Grade,Grade 9,26.8
2021,Minnesota,Average mentally unhealthy days among adults,Race/Ethnicity,"White, non-Hispanic",3.7
2021,Massachusetts,Average mentally unhealthy days among adults,Age,Age 45-64,3.2
2021,Maryland,Current poor mental health among high school students,Race/Ethnicity,"Asian, non-Hispanic",29.1
2021,Louisiana,Current poor mental health among high school students,Grade,Grade 10,25.1
2021,Michigan,Depression among adults,Age,Age >=65,15.3
2021,Maryland,Frequent mental distress among adults,Race/Ethnicity,"White, non-Hispanic",14.1
2021,Michigan,Frequent mental distress among adults,Race/Ethnicity,"Black, non-Hispanic",16.1
2021,Massachusetts,Depression among adults,Race/Ethnicity,"Multiracial, non-Hispanic",30.6
2021,Mississippi,Average mentally unhealthy days among adults,Age,Age >=65,1.6
2021,Massachusetts,Depression among adults,Sex,Male,14.0
2021,Louisiana,Frequent mental distress among adults,Race/Ethnicity,"Black, non-Hispanic",18.2
2021,Minnesota,Depression among adults,Race/Ethnicity,Hispanic,15.8
2021,Maryland,Average mentally unhealthy days among adults,Race/Ethnicity,"Asian, non-Hispanic",5.6
2021,Minnesota,Average mentally unhealthy days among adults,Race/Ethnicity,Hispanic,2.5
2021,Minnesota,Postpartum depressive symptoms among women with a recent live birth,Race/Ethnicity,"Black, non-Hispanic",16.1
2021,Maryland,Average mentally unhealthy days among adults,Race/Ethnicity,"Multiracial, non-Hispanic",5.4
2021,Massachusetts,Frequent mental distress among adults,Race/Ethnicity,"Multiracial, non-Hispanic",26.4
2021,Massachusetts,Average mentally unhealthy days among adults,Sex,Male,3.6
2021,Maine,Frequent mental distress among adults,Sex,Male,13.2
2021,Minnesota,Frequent mental distress among adults,Race/Ethnicity,"American Indian or Alaska Native, non-Hispanic",16.0
2021,Maine,Depression among adults,Overall,Overall,23.6
2021,Maine,Frequent mental distress among adults,Overall,Overall,17.0
2021,Kentucky,Current poor mental health among high school students,Race/Ethnicity,"White, non-Hispanic",30.1
2021,Louisiana,Frequent mental distress among adults,Race/Ethnicity,"White, non-Hispanic",18.7
2021,Mississippi,Current poor mental health among high school students,Sex,Female,34.1
2021,Louisiana,Depression among adults,Race/Ethnicity,"White, non-Hispanic",26.4
2021,Mississippi,Average mentally unhealthy days among adults,Sex,Male,1.5
2021,Michigan,Average mentally unhealthy days among adults,Age,Age 18-44,3.7
2021,Louisiana,Average mentally unhealthy days among adults,Overall,Overall,2.5
2021,Michigan,Depression among adults,Overall,Overall,22.6
2021,Maine,Current poor mental health among high school students,Grade,Grade 12,35.7
2021,Mississippi,Current poor mental health among high school students,Sex,Male,18.3
2021,Minnesota,Frequent mental distress among adults,Race/Ethnicity,"Black, non-Hispanic",11.5
2021,Louisiana,Postpartum depressive symptoms among women with a recent live birth,Overall,Overall,12.1
2021,Louisiana,Frequent mental distress among adults,Sex,Male,14.0
2021,Michigan,Depression among adults,Race/Ethnicity,"Multiracial, non-Hispanic",27.1
2021,Minnesota,Postpartum depressive symptoms among women with a recent live birth,Race/Ethnicity,"White, non-Hispanic",10.7
2021,Louisiana,Depression among adults,Race/Ethnicity,Hispanic,21.3
2021,Massachusetts,Average mentally unhealthy days among adults,Race/Ethnicity,"Asian, non-Hispanic",3.9
2021,Massachusetts,Average mentally unhealthy days among adults,Race/Ethnicity,"White, non-Hispanic",3.7
2021,Louisiana,Postpartum depressive symptoms among women with a recent live birth,Race/Ethnicity,Hispanic,4.6
2021,Michigan,Current poor mental health among high school students,Grade,Grade 11,34.4
2021,Michigan,Frequent mental distress among adults,Sex,Male,12.1
2021,Kentucky,Current poor mental health among high school students,Grade,Grade 9,26.9
2021,Minnesota,Depression among adults,Age,Age 18-44,25.3
2021,Maine,Current poor mental health among high school students,Overall,Overall,33.2
2021,Maine,Frequent mental distress among adults,Race/Ethnicity,"White, non-Hispanic",16.5
2021,Maryland,Frequent mental distress among adults,Overall,Overall,13.2
2021,Maine,Depression among adults,Sex,Male,16.8
2021,Mississippi,Frequent mental distress among adults,Overall,Overall,14.7
2021,Louisiana,Average mentally unhealthy days among adults,Sex,Female,2.3
2021,Kentucky,Average mentally unhealthy days among adults,Age,Age 45-64,3.0
2021,Maine,Current poor mental health among high school students,Grade,Grade 9,29.2
2021,Louisiana,Depression among adults,Overall,Overall,25.1
2021,Massachusetts,Current poor mental health among high school students,Sex,Female,43.5
2021,Maryland,Frequent mental distress among adults,Race/Ethnicity,"Black, non-Hispanic",13.2
2021,Louisiana,Depression among adults,Race/Ethnicity,Hispanic,21.8
2021,Mississippi,Average mentally unhealthy days among adults,Race/Ethnicity,"White, non-Hispanic",2.0
2021,Kentucky,Frequent mental distress among adults,Race/Ethnicity,Hispanic,15.7
2021,Massachusetts,Depression among adults,Race/Ethnicity,Hispanic,21.6
2021,Michigan,Frequent mental distress among adults,Overall,Overall,15.5
2021,Kentucky,Average mentally unhealthy days among adults,Sex,Female,2.0
2021,Mississippi,Depression among adults,Overall,Overall,20.0
2021,Michigan,Average mentally unhealthy days among adults,Sex,Female,3.2
2021,Kentucky,Depression among adults,Race/Ethnicity,"Multiracial, non-Hispanic",45.1
2021,Minnesota,Average mentally unhealthy days among adults,Age,Age 45-64,3.7
2021,Massachusetts,Postpartum depressive symptoms among women with a recent live birth,Race/Ethnicity,"White, non-Hispanic",8.1
2021,Massachusetts,Current poor mental health among high school students,Race/Ethnicity,"Asian, non-Hispanic",28.9
2021,Mississippi,Postpartum depressive symptoms among women with a recent live birth,Race/Ethnicity,"Black, non-Hispanic",25.0
2021,Kentucky,Average mentally unhealthy days among adults,Overall,Overall,2.5
2021,Maine,Average mentally unhealthy days among adults,Race/Ethnicity,"White, non-Hispanic",2.5
2021,Mississippi,Frequent mental distress among adults,Race/Ethnicity,"Black, non-Hispanic",14.7
2021,Minnesota,Depression among adults,Race/Ethnicity,"White, non-Hispanic",23.4
2021,Maine,Depression among adults,Overall,Overall,25.2
2021,Michigan,Frequent mental distress among adults,Race/Ethnicity,"White, non-Hispanic",16.6
2021,Michigan,Depression among adults,Sex,Female,28.6
2021,Maine,Depression among adults,Sex,Male,17.7
2021,Kentucky,Current poor mental health among high school students,Race/Ethnicity,"Black, non-Hispanic",20.0
2021,Louisiana,Current poor mental health among high school students,Race/Ethnicity,Hispanic,33.8
2021,Louisiana,Average mentally unhealthy days among adults,Age,Age 45-64,2.8
2021,Massachusetts,Frequent mental distress among adults,Race/Ethnicity,"Asian, non-Hispanic",6.5
2021,Maine,Average mentally unhealthy days among adults,Age,Age >=65,2.4
2021,Maryland,Depression among adults,Sex,Male,11.4
2021,Massachusetts,Frequent mental distress among adults,Sex,Female,16.8
2021,Minnesota,Depression among adults,Overall,Overall,21.2
2021,Kentucky,Depression among adults,Sex,Male,18.6
2021,Mississippi,Current poor mental health among high school students,Grade,Grade 12,23.0
2021,Kentucky,Frequent mental distress among adults,Race/Ethnicity,"White, non-Hispanic",17.6
2021,Massachusetts,Current poor mental health among high school students,Race/Ethnicity,"Multiracial, non-Hispanic",33.1
2021,Minnesota,Frequent mental distress among adults,Race/Ethnicity,"White, non-Hispanic",12.4
2021,Louisiana,Frequent mental distress among adults,Race/Ethnicity,"American Indian or Alaska Native, non-Hispanic",27.7
2021,Mississippi,Depression among adults,Sex,Female,25.9
2021,Maryland,Frequent mental distress among adults,Age,Age >=65,7.6
2021,Massachusetts,Depression among adults,Race/Ethnicity,"Black, non-Hispanic",11.2
2021,Maryland,Depression among adults,Race/Ethnicity,"Multiracial, non-Hispanic",22.7
2021,Maryland,Frequent mental distress among adults,Race/Ethnicity,Hispanic,8.2
2021,Kentucky,Frequent mental distress among adults,Age,Age 18-44,22.0
2021,Maryland,Depression among adults,Age,Age 45-64,15.0
2021,Mississippi,Frequent mental distress among adults,Sex,Female,17.5
2021,Minnesota,Average mentally unhealthy days among adults,Sex,Male,3.5
2021,Maine,Depression among adults,Race/Ethnicity,"Multiracial, non-Hispanic",37.4
2021,Minnesota,Frequent mental distress among adults,Race/Ethnicity,"Multiracial, non-Hispanic",22.0
2021,Maine,Frequent mental distress among adults,Race/Ethnicity,Hispanic,15.6
2021,Michigan,Postpartum depressive symptoms among women with a recent live birth,Race/Ethnicity,"Black, non-Hispanic",19.5
2021,Maryland,Average mentally unhealthy days among adults,Age,Age >=65,3.0
2021,Massachusetts,Average mentally unhealthy days among adults,Overall,Overall,3.3
2021,Michigan,Frequent mental distress among adults,Race/Ethnicity,Hispanic,19.7
2021,Massachusetts,Postpartum depressive symptoms among women with a recent live birth,Race/Ethnicity,Hispanic,10.5
2021,Michigan,Depression among adults,Race/Ethnicity,"Asian, non-Hispanic",9.1
2021,Louisiana,Depression among adults,Age,Age 18-44,28.4
2021,Mississippi,Postpartum depressive symptoms among women with a recent live birth,Race/Ethnicity,"White, non-Hispanic",16.7
2021,Mississippi,Average mentally unhealthy days among adults,Overall,Overall,1.9
2021,Minnesota,Depression among adults,Age,Age >=65,13.2
2021,Minnesota,Depression among adults,Race/Ethnicity,"Black, non-Hispanic",15.0
2021,Maryland,Average mentally unhealthy days among adults,Overall,Overall,3.2
2021,Maryland,Current poor mental health among high school students,Race/Ethnicity,"White, non-Hispanic",32.8
2021,Louisiana,Frequent mental distress among adults,Race/Ethnicity,Hispanic,16.5
2021,Kentucky,Depression among adults,Age,Age 18-44,29.6
2021,Massachusetts,Frequent mental distress among adults,Age,Age 45-64,12.2
2021,Massachusetts,Average mentally unhealthy days among adults,Race/Ethnicity,"White, non-Hispanic",3.3
2021,Maine,Average mentally unhealthy days among adults,Sex,Male,2.5
2021,Maryland,Average mentally unhealthy days among adults,Sex,Female,3.3
2021,Minnesota,Frequent mental distress among adults,Age,Age 18-44,17.3
2021,Maine,Current poor mental health among high school students,Sex,Male,21.3
2021,North Carolina,Average mentally unhealthy days among adults,Sex,Female,2.6
2021,North Carolina,Depression among adults,Race/Ethnicity,"Multiracial, non-Hispanic",23.0
2021,Montana,Depression among adults,Sex,Female,30.1
2021,New Jersey,Frequent mental distress among adults,Overall,Overall,13.8
2021,Missouri,Frequent mental distress among adults,Race/Ethnicity,"White, non-Hispanic",15.7
2021,New York,Frequent mental distress among adults,Age,Age >=65,8.3
2021,Nebraska,Depression among adults,Race/Ethnicity,Hispanic,10.4
2021,Missouri,Average mentally unhealthy days among adults,Overall,Overall,2.8
2021,New Jersey,Postpartum depressive symptoms among women with a recent live birth,Race/Ethnicity,"Asian, non-Hispanic",26.6
2021,New Hampshire,Current poor mental health among high school students,Sex,Female,50.2
2021,Montana,Frequent mental distress among adults,Race/Ethnicity,Hispanic,13.8
2021,Nebraska,Frequent mental distress among adults,Race/Ethnicity,Hispanic,9.8
2021,Montana,Postpartum depressive symptoms among women with a recent live birth,Race/Ethnicity,"White, non-Hispanic",11.8
2021,New Mexico,Current poor mental health among high school students,Race/Ethnicity,Hispanic,30.0
2021,New Mexico,Frequent mental distress among adults,Sex,Female,18.2
2021,North Carolina,Frequent mental distress among adults,Age,Age 45-64,13.9
2021,New York,Depression among adults,Overall,Overall,17.0
2021,New Hampshire,Current poor mental health among high school students,Race/Ethnicity,Hispanic,35.7
2021,Nevada,Average mentally unhealthy days among adults,Sex,Female,3.5
2021,Missouri,Depression among adults,Sex,Male,16.2
2021,New Jersey,Frequent mental distress among adults,Race/Ethnicity,"White, non-Hispanic",16.9
2021,Montana,Current poor mental health among high school students,Grade,Grade 11,32.4
2021,New Hampshire,Average mentally unhealthy days among adults,Sex,Female,4.6
2021,New Mexico,Average mentally unhealthy days among adults,Age,Age 18-44,2.2
2021,New Jersey,Depression among adults,Age,Age >=65,15.8
2021,Missouri,Average mentally unhealthy days among adults,Race/Ethnicity,"White, non-Hispanic",2.7
2021,Nebraska,Current poor mental health among high school students,Grade,Grade 10,26.2
2021,North Carolina,Frequent mental distress among adults,Race/Ethnicity,"White, non-Hispanic",14.9
2021,North Carolina,Current poor mental health among high school students,Sex,Female,46.1
2021,Nevada,Frequent mental distress among adults,Overall,Overall,18.1
2021,New York,Depression among adults,Race/Ethnicity,"White, non-Hispanic",20.5
2021,North Carolina,Frequent mental distress among adults,Race/Ethnicity,"American Indian or Alaska Native, non-Hispanic",30.4
2021,New Jersey,Current poor mental health among high school students,Grade,Grade 9,33.5
2021,North Carolina,Average mentally unhealthy days among adults,Age,Age 45-64,2.3
2021,Montana,Postpartum depressive symptoms among women with a recent live birth,Race/Ethnicity,"Multiracial, non-Hispanic",19.6
2021,Missouri,Average mentally unhealthy days among adults,Sex,Male,2.6
2021,New Jersey,Average mentally unhealthy days among adults,Race/Ethnicity,"Black, non-Hispanic",3.0
2021,Nebraska,Frequent mental distress among adults,Race/Ethnicity,"White, non-Hispanic",13.7
2021,Montana,Current poor mental health among high school students,Race/Ethnicity,"Black, non-Hispanic",31.1
2021,Nevada,Average mentally unhealthy days among adults,Age,Age >=65,4.3
2021,New York,Average mentally unhealthy days among adults,Race/Ethnicity,"White, non-Hispanic",3.5
2021,New Mexico,Depression among adults,Age,Age >=65,15.3
2021,New Mexico,Frequent mental distress among adults,Race/Ethnicity,"American Indian or Alaska Native, non-Hispanic",14.9
2021,Nebraska,Average mentally unhealthy days among adults,Sex,Female,3.3
2021,Montana,Depression among adults,Race/Ethnicity,"American Indian or Alaska Native, non-Hispanic",27.6
2021,New Hampshire,Current poor mental health among high school students,Overall,Overall,36.2
2021,New Jersey,Average mentally unhealthy days among adults,Sex,Male,3.5
2021,Montana,Frequent mental distress among adults,Overall,Overall,15.7
2021,New York,Depression among adults,Race/Ethnicity,"Asian, non-Hispanic",8.9
2021,Nebraska,Depression among adults,Age,Age 18-44,21.0
2021,Nebraska,Average mentally unhealthy days among adults,Overall,Overall,3.2
2021,New York,Postpartum depressive symptoms among women with a recent live birth,Race/Ethnicity,"Black, non-Hispanic",16.6
2021,Nebraska,Depression among adults,Race/Ethnicity,"Asian, non-Hispanic",18.1
2021,New Hampshire,Depression among adults,Sex,Female,29.5
2021,Nevada,Frequent mental distress among adults,Race/Ethnicity,"Black, non-Hispanic",18.7
2021,New Jersey,Frequent mental distress among adults,Sex,Male,11.6
2021,North Carolina,Frequent mental distress among adults,Age,Age >=65,7.9
2021,New Mexico,Depression among adults,Race/Ethnicity,"Multiracial, non-Hispanic",24.8
2021,North Carolina,Depression among adults,Sex,Female,26.8
2021,Nebraska,Depression among adults,Overall,Overall,17.9
2021,New York,Frequent mental distress among adults,Overall,Overall,13.4
2021,Nebraska,Depression among adults,Sex,Female,23.2
2021,New York,Average mentally unhealthy days among adults,Race/Ethnicity,Hispanic,1.7
2021,New Mexico,Current poor mental health among high school students,Grade,Grade 11,32.4
2021,New Jersey,Depression among adults,Overall,Overall,17.5
2021,New Hampshire,Frequent mental distress among adults,Overall,Overall,14.6
2021,New Jersey,Current poor mental health among high school students,Race/Ethnicity,"Black, non-Hispanic",28.6
2021,Nevada,Depression among adults,Race/Ethnicity,Hispanic,11.0
2021,Montana,Depression among adults,Overall,Overall,23.9
2021,New Jersey,Average mentally unhealthy days among adults,Race/Ethnicity,"White, non-Hispanic",4.1
2021,New York,Average mentally unhealthy days among adults,Overall,Overall,3.1
2021,New Hampshire,Depression among adults,Sex,Female,32.1
2021,New York,Postpartum depressive symptoms among women with a recent live birth,Race/Ethnicity,"White, non-Hispanic",9.4
2021,New Hampshire,Depression among adults,Race/Ethnicity,"Multiracial, non-Hispanic",33.1
2021,North Carolina,Depression among adults,Sex,Male,16.3
2021,New York,Average mentally unhealthy days among adults,Race/Ethnicity,"Black, non-Hispanic",3.3
2021,New York,Frequent mental distress among adults,Overall,Overall,13.0
2021,New York,Frequent mental distress among adults,Race/Ethnicity,Hispanic,14.0
2021,New Jersey,Depression among adults,Race/Ethnicity,"White, non-Hispanic",21.1
2021,New Hampshire,Current poor mental health among high school students,Grade,Grade 11,38.7
2021,Nebraska,Depression among adults,Sex,Male,12.7
2021,North Carolina,Depression among adults,Race/Ethnicity,"Multiracial, non-Hispanic",25.5
2021,New York,Postpartum depressive symptoms among women with a recent live birth,Race/Ethnicity,"Asian, non-Hispanic",23.6
2021,New York,Frequent mental distress among adults,Race/Ethnicity,"Asian, non-Hispanic",11.4
2021,New Jersey,Current poor mental health among high school students,Race/Ethnicity,"Asian, non-Hispanic",31.1
2021,Nebraska,Frequent mental distress among adults,Age,Age >=65,6.3
2021,New York,Frequent mental distress among adults,Race/Ethnicity,"White, non-Hispanic",14.4
2021,Montana,Depression among adults,Race/Ethnicity,"American Indian or Alaska Native, non-Hispanic",27.7
2021,New Hampshire,Frequent mental distress among adults,Age,Age >=65,7.0
2021,New Hampshire,Frequent mental distress among adults,Sex,Female,19.7
2021,Missouri,Postpartum depressive symptoms among women with a recent live birth,Race/Ethnicity,"Black, non-Hispanic",10.1
2021,Nevada,Depression among adults,Overall,Overall,17.0
2021,Montana,Frequent mental distress among adults,Sex,Female,18.1
2021,New Jersey,Current poor mental health among high school students,Race/Ethnicity,"White, non-Hispanic",34.7
2021,New York,Depression among adults,Race/Ethnicity,Hispanic,17.2
2021,New Jersey,Average mentally unhealthy days among adults,Age,Age 18-44,3.8
2021,New Hampshire,Frequent mental distress among adults,Race/Ethnicity,"Multiracial, non-Hispanic",27.6
2021,Nevada,Depression among adults,Race/Ethnicity,"White, non-Hispanic",21.7
2021,New Jersey,Frequent mental distress among adults,Race/Ethnicity,"Asian, non-Hispanic",6.9
2021,New York,Average mentally unhealthy days among adults,Sex,Female,3.0
2021,Montana,Depression among adults,Race/Ethnicity,"Multiracial, non-Hispanic",26.3
2021,Nebraska,Frequent mental distress among adults,Race/Ethnicity,"Asian, non-Hispanic",12.7
2021,Nevada,Frequent mental distress among adults,Race/Ethnicity,"White, non-Hispanic",20.7
2021,New Mexico,Frequent mental distress among adults,Sex,Female,17.5
2021,New Hampshire,Current poor mental health among high school students,Race/Ethnicity,"American Indian or Alaska Native, non-Hispanic",34.7
2021,New Hampshire,Depression among adults,Age,Age 45-64,21.3
2021,New Mexico,Average mentally unhealthy days among adults,Sex,Male,2.1
2021,North Carolina,Depression among adults,Overall,Overall,21.9
2021,Missouri,Frequent mental distress among adults,Age,Age >=65,8.6
2021,New York,Depression among adults,Race/Ethnicity,"Asian, non-Hispanic",8.8
2021,Nebraska,Postpartum depressive symptoms among women with a recent live birth,Race/Ethnicity,"Black, non-Hispanic",23.0
2021,New Hampshire,Average mentally unhealthy days among adults,Overall,Overall,4.4
2021,Missouri,Depression among adults,Race/Ethnicity,"White, non-Hispanic",23.8
2021,New York,Frequent mental distress among adults,Age,Age 18-44,15.6
2021,New Mexico,Depression among adults,Sex,Male,14.1
2021,New Jersey,Frequent mental distress among adults,Race/Ethnicity,Hispanic,11.3
2021,New Mexico,Depression among adults,Sex,Female,26.3
2021,Nebraska,Frequent mental distress among adults,Overall,Overall,13.5
2021,North Carolina,Current poor mental health among high school students,Grade,Grade 9,32.7
2021,New Mexico,Current poor mental health among high school students,Overall,Overall,32.1
2021,North Carolina,Frequent mental distress among adults,Sex,Male,11.2
2021,Nevada,Frequent mental distress among adults,Age,Age >=65,11.5
2021,Missouri,Depression among adults,Sex,Male,16.5
2021,Nebraska,Postpartum depressive symptoms among women with a recent live birth,Race/Ethnicity,"White, non-Hispanic",10.4
2021,New York,Depression among adults,Race/Ethnicity,"White, non-Hispanic",19.5
2021,New Jersey,Average mentally unhealthy days among adults,Race/Ethnicity,Hispanic,2.1
2021,Missouri,Average mentally unhealthy days among adults,Race/Ethnicity,"White, non-Hispanic",2.9
2021,New Mexico,Depression among adults,Race/Ethnicity,"American Indian or Alaska Native, non-Hispanic",10.5
2021,Montana,Current poor mental health among high school students,Sex,Female,41.0
2021,Montana,Current poor mental health among high school students,Race/Ethnicity,"White, non-Hispanic",31.1
2021,New Hampshire,Current poor mental health among high school students,Race/Ethnicity,"White, non-Hispanic",36.7
2021,New Jersey,Average mentally unhealthy days among adults,Race/Ethnicity,"Black, non-Hispanic",2.9
2021,Nevada,Frequent mental distress among adults,Race/Ethnicity,"Multiracial, non-Hispanic",34.8
2021,Missouri,Average mentally unhealthy days among adults,Sex,Female,3.2
2021,New Hampshire,Average mentally unhealthy days among adults,Overall,Overall,4.2
2021,Nevada,Depression among adults,Race/Ethnicity,Hispanic,10.9
2021,New Jersey,Frequent mental distress among adults,Race/Ethnicity,"White, non-Hispanic",15.1
2021,New York,Depression among adults,Overall,Overall,17.2
2021,Montana,Current poor mental health among high school students,Race/Ethnicity,"Asian, non-Hispanic",25.8
2021,North Carolina,Depression among adults,Race/Ethnicity,"Asian, non-Hispanic",17.1
2021,North Carolina,Depression among adults,Race/Ethnicity,"Black, non-Hispanic",18.7
2021,Missouri,Depression among adults,Race/Ethnicity,"White, non-Hispanic",24.9
2021,Nevada,Frequent mental distress among adults,Sex,Male,17.2
2021,North Carolina,Average mentally unhealthy days among adults,Race/Ethnicity,"White, non-Hispanic",2.6
2021,Nebraska,Current poor mental health among high school students,Grade,Grade 11,35.2
2021,Missouri,Average mentally unhealthy days among adults,Overall,Overall,2.9
2021,Montana,Frequent mental distress among adults,Race/Ethnicity,"Multiracial, non-Hispanic",22.9
2021,Nevada,Frequent mental distress among adults,Overall,Overall,17.6
2021,New York,Depression among adults,Sex,Female,20.5
2021,North Carolina,Frequent mental distress among adults,Overall,Overall,14.3
2021,New York,Average mentally unhealthy days among adults,Age,Age 45-64,3.0
2021,Montana,Average mentally unhealthy days among adults,Age,Age >=65,2.9
2021,Montana,Postpartum depressive symptoms among women with a recent live birth,Race/Ethnicity,"American Indian or Alaska Native, non-Hispanic",20.5
2021,New Hampshire,Depression among adults,Race/Ethnicity,"White, non-Hispanic",23.4
2021,North Carolina,Current poor mental health among high school students,Race/Ethnicity,"Black, non-Hispanic",28.6
2021,New York,Average mentally unhealthy days among adults,Race/Ethnicity,"White, non-Hispanic",3.7
2021,New Mexico,Frequent mental distress among adults,Overall,Overall,14.5
2021,New Hampshire,Current poor mental health among high school students,Race/Ethnicity,"Multiracial, non-Hispanic",44.9
2021,Montana,Average mentally unhealthy days among adults,Sex,Male,2.6
2021,Missouri,Depression among adults,Overall,Overall,22.8
2021,Missouri,Frequent mental distress among adults,Race/Ethnicity,"Multiracial, non-Hispanic",29.0
2021,North Carolina,Frequent mental distress among adults,Sex,Male,11.5
2021,New Mexico,Current poor mental health among high school students,Grade,Grade 10,32.4
2021,Nebraska,Depression among adults,Race/Ethnicity,"Asian, non-Hispanic",12.8
2021,New Hampshire,Frequent mental distress among adults,Overall,Overall,15.7
2021,Missouri,Postpartum depressive symptoms among women with a recent live birth,Race/Ethnicity,"Asian, non-Hispanic",38.9
2021,North Carolina,Average mentally unhealthy days among adults,Age,Age 18-44,3.0
2021,Nebraska,Frequent mental distress among adults,Race/Ethnicity,"White, non-Hispanic",12.6
2021,New Jersey,Depression among adults,Race/Ethnicity,"Multiracial, non-Hispanic",17.6
2021,New Mexico,Average mentally unhealthy days among adults,Age,Age >=65,2.7
2021,Nevada,Average mentally unhealthy days among adults,Sex,Male,2.7
2021,Nebraska,Depression among adults,Race/Ethnicity,"White, non-Hispanic",18.2
2021,Missouri,Postpartum depressive symptoms among women with a recent live birth,Race/Ethnicity,"White, non-Hispanic",10.9
2021,New Hampshire,Average mentally unhealthy days among adults,Age,Age >=65,3.2
2021,North Carolina,Frequent mental distress among adults,Race/Ethnicity,Hispanic,9.5
2021,New Mexico,Current poor mental health among high school students,Sex,Male,20.8
2021,Montana,Current poor mental health among high school students,Grade,Grade 12,30.0
2021,New Jersey,Average mentally unhealthy days among adults,Sex,Male,3.4
2021,New York,Frequent mental distress among adults,Race/Ethnicity,"Asian, non-Hispanic",11.3
2021,North Carolina,Average mentally unhealthy days among adults,Sex,Male,2.4
2021,North Carolina,Depression among adults,Race/Ethnicity,Hispanic,11.4
2021,New York,Postpartum depressive symptoms among women with a recent live birth,Race/Ethnicity,"Multiracial, non-Hispanic",33.1
2021,New Jersey,Depression among adults,Race/Ethnicity,"Asian, non-Hispanic",11.0
2021,New Jersey,Postpartum depressive symptoms among women with a recent live birth,Race/Ethnicity,"Black, non-Hispanic",14.9
2021,New Mexico,Frequent mental distress among adults,Age,Age 18-44,16.1
2021,Montana,Frequent mental distress among adults,Sex,Female,19.6
2021,North Carolina,Current poor mental health among high school students,Race/Ethnicity,"White, non-Hispanic",37.7
2021,New Mexico,Average mentally unhealthy days among adults,Race/Ethnicity,Hispanic,2.0
2021,Nevada,Frequent mental distress among adults,Race/Ethnicity,"Black, non-Hispanic",19.5
2021,Nevada,Average mentally unhealthy days among adults,Age,Age 18-44,2.9
2021,Nebraska,Average mentally unhealthy days among adults,Sex,Female,3.4
2021,New Mexico,Depression among adults,Race/Ethnicity,Hispanic,19.5
2021,Nebraska,Frequent mental distress among adults,Age,Age 18-44,18.0
2021,New York,Average mentally unhealthy days among adults,Race/Ethnicity,Hispanic,1.6
2021,Montana,Depression among adults,Sex,Female,31.9
2021,New Jersey,Frequent mental distress among adults,Overall,Overall,13.3
2021,New York,Depression among adults,Race/Ethnicity,"Black, non-Hispanic",12.3
2021,New Jersey,Depression among adults,Sex,Female,20.3
2021,Missouri,Frequent mental distress among adults,Sex,Female,19.3
2021,North Carolina,Frequent mental distress among adults,Race/Ethnicity,"White, non-Hispanic",13.6
2021,Montana,Frequent mental distress among adults,Age,Age 45-64,13.2
2021,New York,Frequent mental distress among adults,Sex,Male,11.4
2021,New Jersey,Depression among adults,Race/Ethnicity,"Black, non-Hispanic",14.0
2021,New Jersey,Current poor mental health among high school students,Grade,Grade 12,32.2
2021,New Mexico,Depression among adults,Race/Ethnicity,Hispanic,19.5
2021,Nevada,Depression among adults,Age,Age 45-64,15.5
2021,Nebraska,Current poor mental health among high school students,Race/Ethnicity,Hispanic,25.5
2021,New Hampshire,Current poor mental health among high school students,Grade,Grade 10,35.4
2021,Missouri,Frequent mental distress among adults,Overall,Overall,16.9
2021,Missouri,Depression among adults,Race/Ethnicity,"Black, non-Hispanic",15.7
2021,Nebraska,Frequent mental distress among adults,Sex,Male,11.0
2021,New Hampshire,Frequent mental distress among adults,Race/Ethnicity,Hispanic,24.9
2021,New Jersey,Average mentally unhealthy days among adults,Race/Ethnicity,"White, non-Hispanic",3.8
2021,North Carolina,Depression among adults,Age,Age >=65,15.5
2021,North Carolina,Frequent mental distress among adults,Race/Ethnicity,"Black, non-Hispanic",15.8
2021,New Jersey,Depression among adults,Overall,Overall,17.9
2021,Montana,Depression among adults,Age,Age 18-44,28.7
2021,New Hampshire,Average mentally unhealthy days among adults,Race/Ethnicity,"White, non-Hispanic",4.4
2021,New York,Average mentally unhealthy days among adults,Sex,Female,3.0
2021,New Jersey,Postpartum depressive symptoms among women with a recent live birth,Race/Ethnicity,"White, non-Hispanic",7.0
2021,New York,Average mentally unhealthy days among adults,Race/Ethnicity,"Black, non-Hispanic",3.4
2021,Nebraska,Postpartum depressive symptoms among women with a recent live birth,Overall,Overall,12.0
2021,Nevada,Depression among adults,Sex,Male,12.5
2021,New Mexico,Depression among adults,Age,Age 45-64,21.9
2021,New Jersey,Depression among adults,Race/Ethnicity,"Asian, non-Hispanic",11.3
2021,Nebraska,Frequent mental distress among adults,Race/Ethnicity,"American Indian or Alaska Native, non-Hispanic",13.4
2021,North Carolina,Current poor mental health among high school students,Overall,Overall,33.5
2021,New Jersey,Frequent mental distress among adults,Race/Ethnicity,"Asian, non-Hispanic",7.9
2021,Montana,Depression among adults,Race/Ethnicity,"Multiracial, non-Hispanic",28.7
2021,Nebraska,Depression among adults,Age,Age 45-64,16.7
2021,Nevada,Depression among adults,Overall,Overall,17.3
2021,Montana,Depression among adults,Sex,Male,16.2
2021,New Jersey,Depression among adults,Race/Ethnicity,"Multiracial, non-Hispanic",18.0
2021,New Jersey,Depression among adults,Race/Ethnicity,Hispanic,14.0
2021,Nebraska,Average mentally unhealthy days among adults,Age,Age 45-64,2.9
2021,Montana,Frequent mental distress among adults,Race/Ethnicity,"American Indian or Alaska Native, non-Hispanic",20.6
2021,Missouri,Frequent mental distress among adults,Race/Ethnicity,Hispanic,24.9
2021,New Jersey,Current poor mental health among high school students,Sex,Female,44.0
2021,New Jersey,Average mentally unhealthy days among adults,Race/Ethnicity,Hispanic,2.2
2021,Missouri,Depression among adults,Race/Ethnicity,"American Indian or Alaska Native, non-Hispanic",22.1
2021,New Hampshire,Depression among adults,Age,Age 18-44,30.7
2021,North Carolina,Depression among adults,Race/Ethnicity,"American Indian or Alaska Native, non-Hispanic",36.7
2021,New Jersey,Frequent mental distress among adults,Sex,Male,12.0
2021,New Mexico,Postpartum depressive symptoms among women with a recent live birth,Overall,Overall,12.4
2021,Nevada,Depression among adults,Race/Ethnicity,"White, non-Hispanic",20.1
2021,Montana,Current poor mental health among high school students,Race/Ethnicity,"Multiracial, non-Hispanic",31.7
2021,North Carolina,Depression among adults,Race/Ethnicity,"White, non-Hispanic",23.4
2021,New York,Depression among adults,Race/Ethnicity,"Multiracial, non-Hispanic",22.3
2021,Montana,Depression among adults,Race/Ethnicity,Hispanic,19.1
2021,New Hampshire,Frequent mental distress among adults,Race/Ethnicity,Hispanic,21.2
2021,Nebraska,Current poor mental health among high school students,Overall,Overall,28.6
2021,New Mexico,Current poor mental health among high school students,Race/Ethnicity,"American Indian or Alaska Native, non-Hispanic",30.8
2021,New Mexico,Average mentally unhealthy days among adults,Overall,Overall,2.4
2021,New York,Postpartum depressive symptoms among women with a recent live birth,Overall,Overall,11.7
2021,Nevada,Average mentally unhealthy days among adults,Sex,Male,2.7
2021,Montana,Average mentally unhealthy days among adults,Age,Age 45-64,3.0
2021,North Carolina,Frequent mental distress among adults,Race/Ethnicity,"Multiracial, non-Hispanic",19.3
2021,New Hampshire,Current poor mental health among high school students,Race/Ethnicity,"Asian, non-Hispanic",30.6
2021,Montana,Postpartum depressive symptoms among women with a recent live birth,Race/Ethnicity,Hispanic,22.3
2021,New Jersey,Average mentally unhealthy days among adults,Overall,Overall,3.4
2021,Montana,Frequent mental distress among adults,Age,Age 18-44,20.1
2021,North Carolina,Average mentally unhealthy days among adults,Race/Ethnicity,"Asian, non-Hispanic",0.0
2021,New Mexico,Depression among adults,Race/Ethnicity,"American Indian or Alaska Native, non-Hispanic",10.7
2021,Montana,Current poor mental health among high school students,Sex,Male,21.8
2021,Montana,Average mentally unhealthy days among adults,Race/Ethnicity,"White, non-Hispanic",2.9
2021,New Hampshire,Average mentally unhealthy days among adults,Sex,Male,4.0
2021,New York,Frequent mental distress among adults,Sex,Female,15.0
2021,Nevada,Frequent mental distress among adults,Sex,Female,18.5
2021,New Hampshire,Depression among adults,Race/Ethnicity,Hispanic,26.4
2021,New York,Frequent mental distress among adults,Race/Ethnicity,Hispanic,14.1
2021,North Carolina,Depression among adults,Sex,Male,16.6
2021,New Hampshire,Frequent mental distress among adults,Sex,Female,17.8
2021,Nebraska,Frequent mental distress among adults,Age,Age 45-64,10.6
2021,Nevada,Frequent mental distress among adults,Age,Age 45-64,15.8
2021,New York,Depression among adults,Race/Ethnicity,"American Indian or Alaska Native, non-Hispanic",17.4
2021,Nebraska,Current poor mental health among high school students,Grade,Grade 12,23.2
2021,New York,Frequent mental distress among adults,Race/Ethnicity,"Black, non-Hispanic",11.7
2021,North Carolina,Frequent mental distress among adults,Sex,Female,16.2
2021,North Carolina,Frequent mental distress among adults,Overall,Overall,13.8
2021,New York,Depression among adults,Sex,Female,20.2
2021,New Jersey,Depression among adults,Race/Ethnicity,"Black, non-Hispanic",14.9
2021,New Hampshire,Frequent mental distress among adults,Age,Age 45-64,12.7
2021,Montana,Average mentally unhealthy days among adults,Sex,Male,2.6
2021,New Jersey,Current poor mental health among high school students,Race/Ethnicity,Hispanic,32.6
2021,North Carolina,Average mentally unhealthy days among adults,Age,Age >=65,1.2
2021,Missouri,Average mentally unhealthy days among adults,Sex,Female,3.1
2021,North Carolina,Current poor mental health among high school students,Race/Ethnicity,"Asian, non-Hispanic",29.4
2021,Montana,Depression among adults,Age,Age 45-64,20.0
2021,Nevada,Average mentally unhealthy days among adults,Age,Age 45-64,2.6
2021,Nebraska,Frequent mental distress among adults,Sex,Female,15.4
2021,North Carolina,Depression among adults,Race/Ethnicity,Hispanic,11.2
2021,Missouri,Depression among adults,Overall,Overall,23.6
2021,North Carolina,Average mentally unhealthy days among adults,Sex,Male,2.2
2021,Nevada,Frequent mental distress among adults,Race/Ethnicity,"Multiracial, non-Hispanic",29.0
2021,New Jersey,Postpartum depressive symptoms among women with a recent live birth,Overall,Overall,10.6
2021,New Hampshire,Depression among adults,Age,Age >=65,14.3
2021,New York,Frequent mental distress among adults,Sex,Male,11.6
2021,Nebraska,Current poor mental health among high school students,Sex,Male,17.3
2021,Montana,Average mentally unhealthy days among adults,Overall,Overall,2.8
2021,New York,Average mentally unhealthy days among adults,Age,Age 18-44,3.5
2021,Nebraska,Depression among adults,Race/Ethnicity,"Black, non-Hispanic",15.1
2021,New Mexico,Depression among adults,Race/Ethnicity,"White, non-Hispanic",25.9
2021,New Mexico,Average mentally unhealthy days among adults,Race/Ethnicity,"White, non-Hispanic",2.3
2021,New Hampshire,Depression among adults,Race/Ethnicity,"White, non-Hispanic",25.5
2021,New Mexico,Average mentally unhealthy days among adults,Race/Ethnicity,Hispanic,2.0
2021,New Jersey,Frequent mental distress among adults,Sex,Female,15.0
2021,Nebraska,Postpartum depressive symptoms among women with a recent live birth,Race/Ethnicity,"American Indian or Alaska Native, non-Hispanic",29.7
2021,Missouri,Depression among adults,Sex,Female,29.1
2021,New Mexico,Frequent mental distress among adults,Sex,Male,11.7
2021,New Hampshire,Current poor mental health among high school students,Race/Ethnicity,"Black, non-Hispanic",23.6
2021,New York,Frequent mental distress among adults,Race/Ethnicity,"American Indian or Alaska Native, non-Hispanic",13.3
2021,Nebraska,Depression among adults,Sex,Male,12.6
2021,Missouri,Depression among adults,Race/Ethnicity,Hispanic,26.9
2021,Missouri,Depression among adults,Race/Ethnicity,"Black, non-Hispanic",15.6
2021,Montana,Postpartum depressive symptoms among women with a recent live birth,Overall,Overall,13.2
2021,Montana,Frequent mental distress among adults,Race/Ethnicity,"White, non-Hispanic",15.4
2021,North Carolina,Current poor mental health among high school students,Race/Ethnicity,"Multiracial, non-Hispanic",34.5
2021,Nevada,Depression among adults,Race/Ethnicity,"Black, non-Hispanic",19.3
2021,Missouri,Average mentally unhealthy days among adults,Age,Age >=65,2.0
2021,New Mexico,Postpartum depressive symptoms among women with a recent live birth,Race/Ethnicity,"White, non-Hispanic",10.4
2021,Montana,Current poor mental health among high school students,Race/Ethnicity,"American Indian or Alaska Native, non-Hispanic",29.8
2021,Nebraska,Average mentally unhealthy days among adults,Sex,Male,3.3
2021,New York,Depression among adults,Race/Ethnicity,"Multiracial, non-Hispanic",21.8
2021,North Carolina,Depression among adults,Race/Ethnicity,"Black, non-Hispanic",19.2
2021,New Mexico,Current poor mental health among high school students,Sex,Female,43.2
2021,New Jersey,Frequent mental distress among adults,Race/Ethnicity,"Black, non-Hispanic",12.7
2021,North Carolina,Average mentally unhealthy days among adults,Race/Ethnicity,"White, non-Hispanic",2.9
2021,New York,Postpartum depressive symptoms among women with a recent live birth,Race/Ethnicity,Hispanic,7.6
2021,New Mexico,Frequent mental distress among adults,Race/Ethnicity,"White, non-Hispanic",15.1
2021,New York,Depression among adults,Age,Age 18-44,18.4
2021,Montana,Average mentally unhealthy days among adults,Age,Age 18-44,2.7
2021,Missouri,Frequent mental distress among adults,Sex,Female,20.6
2021,New Mexico,Current poor mental health among high school students,Race/Ethnicity,"White, non-Hispanic",38.0
2021,Nevada,Average mentally unhealthy days among adults,Sex,Female,3.5
2021,New Hampshire,Depression among adults,Sex,Male,17.9
2021,North Carolina,Frequent mental distress among adults,Race/Ethnicity,Hispanic,10.1
2021,Nevada,Average mentally unhealthy days among adults,Race/Ethnicity,"White, non-Hispanic",2.8
2021,New Jersey,Frequent mental distress among adults,Race/Ethnicity,"Multiracial, non-Hispanic",10.5
2021,Montana,Current poor mental health among high school students,Grade,Grade 9,29.8
2021,Missouri,Frequent mental distress among adults,Race/Ethnicity,"Black, non-Hispanic",16.1
2021,New Hampshire,Average mentally unhealthy days among adults,Race/Ethnicity,"White, non-Hispanic",4.2
2021,North Carolina,Depression among adults,Age,Age 18-44,24.5
2021,New Mexico,Current poor mental health among high school students,Race/Ethnicity,"Asian, non-Hispanic",30.1
2021,New Jersey,Depression among adults,Age,Age 45-64,14.6
2021,Montana,Depression among adults,Age,Age >=65,16.5
2021,Missouri,Frequent mental distress among adults,Race/Ethnicity,Hispanic,20.5
2021,Montana,Frequent mental distress among adults,Sex,Male,11.5
2021,Nebraska,Average mentally unhealthy days among adults,Age,Age 18-44,3.8
2021,Nebraska,Depression among adults,Race/Ethnicity,"White, non-Hispanic",19.4
2021,Missouri,Depression among adults,Race/Ethnicity,Hispanic,24.1
2021,Montana,Current poor mental health among high school students,Race/Ethnicity,Hispanic,36.4
2021,Nevada,Depression among adults,Race/Ethnicity,"Multiracial, non-Hispanic",28.0
2021,New Mexico,Depression among adults,Overall,Overall,20.2
2021,Nebraska,Average mentally unhealthy days among adults,Race/Ethnicity,"White, non-Hispanic",3.5
2021,New Jersey,Average mentally unhealthy days among adults,Sex,Female,3.4
2021,North Carolina,Frequent mental distress among adults,Race/Ethnicity,"Black, non-Hispanic",15.6
2021,Montana,Frequent mental distress among adults,Race/Ethnicity,"American Indian or Alaska Native, non-Hispanic",21.4
2021,Nebraska,Frequent mental distress among adults,Race/Ethnicity,"Black, non-Hispanic",20.6
2021,New Jersey,Average mentally unhealthy days among adults,Age,Age >=65,1.6
2021,New Mexico,Frequent mental distress among adults,Race/Ethnicity,Hispanic,14.1
2021,New Mexico,Depression among adults,Race/Ethnicity,"White, non-Hispanic",23.3
2021,New Jersey,Current poor mental health among high school students,Grade,Grade 11,33.0
2021,North Carolina,Depression among adults,Race/Ethnicity,"American Indian or Alaska Native, non-Hispanic",35.4
2021,Missouri,Frequent mental distress among adults,Age,Age 45-64,14.7
2021,New Mexico,Postpartum depressive symptoms among women with a recent live birth,Race/Ethnicity,"American Indian or Alaska Native, non-Hispanic",14.1
2021,New York,Depression among adults,Age,Age >=65,14.4
2021,North Carolina,Depression among adults,Race/Ethnicity,"White, non-Hispanic",25.0
2021,New Hampshire,Average mentally unhealthy days among adults,Age,Age 18-44,5.0
2021,New Hampshire,Average mentally unhealthy days among adults,Sex,Male,4.2
2021,Montana,Average mentally unhealthy days among adults,Race/Ethnicity,"White, non-Hispanic",2.9
2021,Nebraska,Frequent mental distress among adults,Race/Ethnicity,"American Indian or Alaska Native, non-Hispanic",13.9
2021,Montana,Frequent mental distress among adults,Race/Ethnicity,"White, non-Hispanic",14.2
2021,Nebraska,Average mentally unhealthy days among adults,Race/Ethnicity,Hispanic,1.7
2021,New Mexico,Average mentally unhealthy days among adults,Overall,Overall,2.4
2021,New York,Frequent mental distress among adults,Race/Ethnicity,"Multiracial, non-Hispanic",15.9
2021,New York,Frequent mental distress among adults,Race/Ethnicity,"Multiracial, non-Hispanic",16.3
2021,New Jersey,Depression among adults,Race/Ethnicity,Hispanic,14.1
2021,New Hampshire,Frequent mental distress among adults,Race/Ethnicity,"White, non-Hispanic",13.8
2021,Missouri,Postpartum depressive symptoms among women with a recent live birth,Race/Ethnicity,Hispanic,11.4
2021,Nevada,Depression among adults,Age,Age 18-44,20.0
2021,New Jersey,Average mentally unhealthy days among adults,Overall,Overall,3.5
2021,New Jersey,Current poor mental health among high school students,Sex,Male,18.6
2021,Montana,Frequent mental distress among adults,Age,Age >=65,7.8
2021,North Carolina,Average mentally unhealthy days among adults,Race/Ethnicity,"Black, non-Hispanic",2.2
2021,Nevada,Depression among adults,Sex,Male,12.5
2021,New Hampshire,Frequent mental distress among adults,Race/Ethnicity,"White, non-Hispanic",15.3
2021,North Carolina,Average mentally unhealthy days among adults,Overall,Overall,2.4
2021,Nevada,Frequent mental distress among adults,Sex,Male,16.6
2021,Missouri,Depression among adults,Age,Age >=65,15.1
2021,New York,Average mentally unhealthy days among adults,Sex,Male,3.1
2021,Montana,Depression among adults,Race/Ethnicity,"White, non-Hispanic",23.0
2021,Nebraska,Depression among adults,Overall,Overall,17.5
2021,New Hampshire,Depression among adults,Race/Ethnicity,Hispanic,25.8
2021,Nevada,Frequent mental distress among adults,Sex,Female,19.0
2021,New York,Average mentally unhealthy days among adults,Race/Ethnicity,"Asian, non-Hispanic",3.3
2021,Nebraska,Depression among adults,Race/Ethnicity,Hispanic,10.5
2021,New Mexico,Average mentally unhealthy days among adults,Sex,Female,2.7
2021,New Mexico,Frequent mental distress among adults,Age,Age 45-64,16.3
2021,Missouri,Frequent mental distress among adults,Race/Ethnicity,"American Indian or Alaska Native, non-Hispanic",24.8
2021,North Carolina,Current poor mental health among high school students,Grade,Grade 10,33.0
2021,New Jersey,Depression among adults,Sex,Female,21.0
2021,Nebraska,Postpartum depressive symptoms among women with a recent live birth,Race/Ethnicity,Hispanic,12.7
2021,Nebraska,Current poor mental health among high school students,Sex,Female,40.0
2021,New Mexico,Average mentally unhealthy days among adults,Race/Ethnicity,"White, non-Hispanic",2.7
2021,New Mexico,Depression among adults,Race/Ethnicity,"Multiracial, non-Hispanic",26.2
2021,Montana,Frequent mental distress among adults,Race/Ethnicity,Hispanic,15.6
2021,Nevada,Depression among adults,Race/Ethnicity,"Black, non-Hispanic",18.8
2021,Montana,Depression among adults,Overall,Overall,22.8
2021,New Hampshire,Frequent mental distress among adults,Sex,Male,11.2
2021,Nevada,Average mentally unhealthy days among adults,Overall,Overall,3.1
2021,Nebraska,Postpartum depressive symptoms among women with a recent live birth,Race/Ethnicity,"Asian, non-Hispanic",17.2
2021,Nevada,Average mentally unhealthy days among adults,Race/Ethnicity,"White, non-Hispanic",2.2
2021,Montana,Average mentally unhealthy days among adults,Sex,Female,3.0
2021,New Jersey,Frequent mental distress among adults,Age,Age 45-64,11.5
2021,Nebraska,Frequent mental distress among adults,Overall,Overall,13.1
2021,Missouri,Depression among adults,Race/Ethnicity,"American Indian or Alaska Native, non-Hispanic",23.9
2021,Montana,Depression among adults,Race/Ethnicity,"White, non-Hispanic",24.3
2021,North Carolina,Current poor mental health among high school students,Sex,Male,20.9
2021,New Mexico,Current poor mental health among high school students,Grade,Grade 12,33.7
2021,New Jersey,Depression among adults,Sex,Male,14.7
2021,Nebraska,Average mentally unhealthy days among adults,Overall,Overall,3.4
2021,North Carolina,Frequent mental distress among adults,Sex,Female,17.1
2021,Missouri,Frequent mental distress among adults,Sex,Male,13.2
2021,New Hampshire,Current poor mental health among high school students,Sex,Male,21.8
2021,New York,Frequent mental distress among adults,Sex,Female,14.4
2021,Nebraska,Frequent mental distress among adults,Race/Ethnicity,Hispanic,8.6
2021,New Mexico,Frequent mental distress among adults,Sex,Male,11.4
2021,North Carolina,Frequent mental distress among adults,Age,Age 18-44,16.7
2021,North Carolina,Average mentally unhealthy days among adults,Overall,Overall,2.5
2021,Nebraska,Frequent mental distress among adults,Race/Ethnicity,"Multiracial, non-Hispanic",31.3
2021,North Carolina,Depression among adults,Overall,Overall,21.3
2021,Nebraska,Frequent mental distress among adults,Race/Ethnicity,"Multiracial, non-Hispanic",25.4
2021,Missouri,Average mentally unhealthy days among adults,Age,Age 18-44,3.2
2021,New York,Depression among adults,Age,Age 45-64,16.8
2021,Montana,Current poor mental health among high school students,Grade,Grade 10,33.5
2021,New Mexico,Depression among adults,Age,Age 18-44,20.9
2021,Missouri,Depression among adults,Sex,Female,30.6
2021,New Mexico,Depression among adults,Sex,Male,14.0
2021,New York,Frequent mental distress among adults,Race/Ethnicity,"American Indian or Alaska Native, non-Hispanic",13.9
2021,New Mexico,Frequent mental distress among adults,Race/Ethnicity,"American Indian or Alaska Native, non-Hispanic",15.0
2021,Nevada,Frequent mental distress among adults,Age,Age 18-44,21.7
2021,New Jersey,Frequent mental distress among adults,Age,Age >=65,9.4
2021,Nebraska,Depression among adults,Race/Ethnicity,"Multiracial, non-Hispanic",29.3
2021,Nebraska,Current poor mental health among high school students,Grade,Grade 9,29.6
2021,Montana,Average mentally unhealthy days among adults,Overall,Overall,2.8
2021,New York,Depression among adults,Sex,Male,13.5
2021,New Mexico,Current poor mental health among high school students,Race/Ethnicity,"Multiracial, non-Hispanic",44.1
2021,Montana,Depression among adults,Sex,Male,15.7
2021,North Carolina,Current poor mental health among high school students,Race/Ethnicity,Hispanic,27.9
2021,Nebraska,Average mentally unhealthy days among adults,Sex,Male,3.2
2021,New Jersey,Frequent mental distress among adults,Race/Ethnicity,Hispanic,10.9
2021,Nebraska,Depression among adults,Race/Ethnicity,"American Indian or Alaska Native, non-Hispanic",26.6
2021,Missouri,Frequent mental distress among adults,Race/Ethnicity,"White, non-Hispanic",16.8
2021,Nevada,Frequent mental distress among adults,Race/Ethnicity,Hispanic,16.2
2021,Nebraska,Depression among adults,Age,Age >=65,11.2
2021,Nevada,Depression among adults,Sex,Female,22.1
2021,New Jersey,Current poor mental health among high school students,Overall,Overall,32.9
2021,Montana,Current poor mental health among high school students,Overall,Overall,31.5
2021,Missouri,Average mentally unhealthy days among adults,Sex,Male,2.5
2021,Nevada,Depression among adults,Race/Ethnicity,"Multiracial, non-Hispanic",29.0
2021,New Mexico,Average mentally unhealthy days among adults,Age,Age 45-64,2.6
2021,New Jersey,Frequent mental distress among adults,Sex,Female,15.6
2021,New Hampshire,Depression among adults,Sex,Male,17.0
2021,North Carolina,Average mentally unhealthy days among adults,Race/Ethnicity,"Asian, non-Hispanic",0.0
2021,New York,Depression among adults,Race/Ethnicity,Hispanic,17.5
2021,New York,Frequent mental distress among adults,Race/Ethnicity,"Black, non-Hispanic",11.8
2021,New Hampshire,Current poor mental health among high school students,Grade,Grade 9,32.0
2021,New Hampshire,Depression among adults,Overall,Overall,23.4
2021,Nebraska,Depression among adults,Sex,Female,22.3
2021,New Mexico,Postpartum depressive symptoms among women with a recent live birth,Race/Ethnicity,Hispanic,13.1
2021,Missouri,Depression among adults,Race/Ethnicity,"Multiracial, non-Hispanic",31.2
2021,Nebraska,Average mentally unhealthy days among adults,Race/Ethnicity,"White, non-Hispanic",3.7
2021,New Mexico,Average mentally unhealthy days among adults,Sex,Male,2.0
2021,New Jersey,Current poor mental health among high school students,Grade,Grade 10,32.7
2021,New York,Frequent mental distress among adults,Age,Age 45-64,12.5
2021,Montana,Frequent mental distress among adults,Sex,Male,12.1
2021,Nevada,Frequent mental distress among adults,Race/Ethnicity,Hispanic,16.1
2021,North Carolina,Average mentally unhealthy days among adults,Race/Ethnicity,"Black, non-Hispanic",2.1
2021,New Jersey,Frequent mental distress among adults,Race/Ethnicity,"Black, non-Hispanic",13.6
2021,New Jersey,Average mentally unhealthy days among adults,Age,Age 45-64,4.0
2021,Nebraska,Depression among adults,Race/Ethnicity,"American Indian or Alaska Native, non-Hispanic",26.3
2021,Montana,Frequent mental distress among adults,Overall,Overall,14.8
2021,Nevada,Frequent mental distress among adults,Race/Ethnicity,"White, non-Hispanic",18.3
2021,New Hampshire,Frequent mental distress among adults,Age,Age 18-44,20.7
2021,New Hampshire,Frequent mental distress among adults,Sex,Male,11.7
2021,New Hampshire,Depression among adults,Overall,Overall,25.0
2021,Nebraska,Current poor mental health among high school students,Race/Ethnicity,"White, non-Hispanic",29.9
2021,Missouri,Frequent mental distress among adults,Race/Ethnicity,"American Indian or Alaska Native, non-Hispanic",23.4
2021,Missouri,Frequent mental distress among adults,Race/Ethnicity,"Multiracial, non-Hispanic",28.8
2021,Nebraska,Depression among adults,Race/Ethnicity,"Multiracial, non-Hispanic",31.6
2021,New Hampshire,Current poor mental health among high school students,Grade,Grade 12,39.0
2021,North Carolina,Depression among adults,Sex,Female,26.0
2021,New York,Depression among adults,Race/Ethnicity,"Black, non-Hispanic",12.4
2021,Nevada,Depression among adults,Sex,Female,21.5
2021,New Mexico,Depression among adults,Sex,Female,25.4
2021,New Hampshire,Average mentally unhealthy days among adults,Age,Age 45-64,3.9
2021,New Mexico,Current poor mental health among high school students,Race/Ethnicity,"Black, non-Hispanic",28.5
2021,New York,Average mentally unhealthy days among adults,Age,Age >=65,2.4
2021,New Mexico,Frequent mental distress among adults,Race/Ethnicity,Hispanic,14.2
2021,Nebraska,Average mentally unhealthy days among adults,Age,Age >=65,2.5
2021,New Mexico,Frequent mental distress among adults,Overall,Overall,15.0
2021,North Carolina,Current poor mental health among high school students,Grade,Grade 11,32.6
2021,New Mexico,Average mentally unhealthy days among adults,Sex,Female,2.6
2021,New Mexico,Depression among adults,Overall,Overall,19.8
2021,Nebraska,Postpartum depressive symptoms among women with a recent live birth,Race/Ethnicity,"Multiracial, non-Hispanic",13.7
2021,North Carolina,Current poor mental health among high school students,Grade,Grade 12,36.9
2021,Missouri,Frequent mental distress among adults,Race/Ethnicity,"Black, non-Hispanic",16.2
2021,New Hampshire,Frequent mental distress among adults,Race/Ethnicity,"Multiracial, non-Hispanic",21.7
2021,New York,Average mentally unhealthy days among adults,Overall,Overall,3.1
2021,New York,Frequent mental distress among adults,Race/Ethnicity,"White, non-Hispanic",13.2
2021,Montana,Depression among adults,Race/Ethnicity,Hispanic,20.4
2021,Missouri,Depression among adults,Age,Age 18-44,27.9
2021,New Jersey,Depression among adults,Race/Ethnicity,"White, non-Hispanic",22.7
2021,Nebraska,Frequent mental distress among adults,Race/Ethnicity,"Black, non-Hispanic",20.5
2021,New Hampshire,Depression among adults,Race/Ethnicity,"Multiracial, non-Hispanic",30.3
2021,New York,Average mentally unhealthy days among adults,Race/Ethnicity,"Asian, non-Hispanic",3.4
2021,Nebraska,Depression among adults,Race/Ethnicity,"Black, non-Hispanic",14.6
2021,Missouri,Postpartum depressive symptoms among women with a recent live birth,Overall,Overall,11.9
2021,New Jersey,Frequent mental distress among adults,Age,Age 18-44,16.8
2021,North Carolina,Depression among adults,Race/Ethnicity,"Asian, non-Hispanic",25.1
2021,Missouri,Frequent mental distress among adults,Age,Age 18-44,21.2
2021,New Jersey,Current poor mental health among high school students,Race/Ethnicity,"Multiracial, non-Hispanic",32.0
2021,New York,Depression among adults,Race/Ethnicity,"American Indian or Alaska Native, non-Hispanic",18.0
2021,Missouri,Depression among adults,Race/Ethnicity,"Multiracial, non-Hispanic",32.9
2021,Nevada,Depression among adults,Age,Age >=65,13.1
2021,Nebraska,Frequent mental distress among adults,Sex,Female,16.1
2021,New Jersey,Average mentally unhealthy days among adults,Sex,Female,3.5
2021,North Carolina,Depression among adults,Age,Age 45-64,21.0
2021,North Carolina,Average mentally unhealthy days among adults,Sex,Female,2.7
2021,New York,Average mentally unhealthy days among adults,Sex,Male,3.2
2021,New Mexico,Current poor mental health among high school students,Grade,Grade 9,30.4
2021,New Jersey,Depression among adults,Age,Age 18-44,20.7
2021,Montana,Frequent mental distress among adults,Race/Ethnicity,"Multiracial, non-Hispanic",20.8
2021,New Hampshire,Average mentally unhealthy days among adults,Sex,Female,4.3
2021,Nevada,Average mentally unhealthy days among adults,Overall,Overall,3.1
2021,New Mexico,Frequent mental distress among adults,Race/Ethnicity,"White, non-Hispanic",17.4
2021,Missouri,Average mentally unhealthy days among adults,Age,Age 45-64,2.7
2021,North Carolina,Frequent mental distress among adults,Race/Ethnicity,"American Indian or Alaska Native, non-Hispanic",28.9
2021,New Jersey,Postpartum depressive symptoms among women with a recent live birth,Race/Ethnicity,Hispanic,9.9
2021,Wyoming,Depression among adults,Sex,Female,27.9
2022,Hawaii,Average mentally unhealthy days among adults,Race/Ethnicity,"Black, non-Hispanic",4.1
2021,Oklahoma,Average mentally unhealthy days among adults,Sex,Male,2.0
2021,Pennsylvania,Postpartum depressive symptoms among women with a recent live birth,Race/Ethnicity,Hispanic,7.5
2021,Oklahoma,Average mentally unhealthy days among adults,Overall,Overall,2.3
2021,Rhode Island,Average mentally unhealthy days among adults,Race/Ethnicity,"White, non-Hispanic",3.5
2021,Rhode Island,Current poor mental health among high school students,Grade,Grade 11,32.2
2021,Oklahoma,Average mentally unhealthy days among adults,Race/Ethnicity,"White, non-Hispanic",2.3
2021,North Dakota,Current poor mental health among high school students,Grade,Grade 9,25.6
2021,South Dakota,Depression among adults,Race/Ethnicity,"American Indian or Alaska Native, non-Hispanic",12.4
2021,Ohio,Frequent mental distress among adults,Race/Ethnicity,"Black, non-Hispanic",16.4
2021,Ohio,Depression among adults,Race/Ethnicity,"American Indian or Alaska Native, non-Hispanic",30.1
2021,North Dakota,Depression among adults,Sex,Male,13.0
2021,South Dakota,Depression among adults,Age,Age 18-44,20.4
2021,Puerto Rico,Depression among adults,Age,Age >=65,16.0
2021,Pennsylvania,Current poor mental health among high school students,Race/Ethnicity,"White, non-Hispanic",32.2
2021,Rhode Island,Average mentally unhealthy days among adults,Sex,Male,3.1
2021,Oklahoma,Average mentally unhealthy days among adults,Age,Age >=65,2.2
2021,North Dakota,Frequent mental distress among adults,Overall,Overall,12.6
2021,Rhode Island,Depression among adults,Race/Ethnicity,"Asian, non-Hispanic",10.5
2021,Pennsylvania,Depression among adults,Race/Ethnicity,"Black, non-Hispanic",16.9
2021,Oregon,Average mentally unhealthy days among adults,Sex,Male,3.4
2021,South Dakota,Frequent mental distress among adults,Race/Ethnicity,"White, non-Hispanic",11.0
2021,Oregon,Frequent mental distress among adults,Sex,Male,14.2
2021,Rhode Island,Frequent mental distress among adults,Overall,Overall,14.9
2021,North Dakota,Frequent mental distress among adults,Sex,Female,16.5
2021,Ohio,Current poor mental health among high school students,Grade,Grade 9,31.7
2021,Ohio,Frequent mental distress among adults,Race/Ethnicity,"American Indian or Alaska Native, non-Hispanic",38.1
2021,South Dakota,Frequent mental distress among adults,Overall,Overall,11.4
2021,Puerto Rico,Frequent mental distress among adults,Age,Age 45-64,14.4
2021,South Dakota,Average mentally unhealthy days among adults,Age,Age 45-64,4.2
2021,Oregon,Postpartum depressive symptoms among women with a recent live birth,Race/Ethnicity,"Black, non-Hispanic",17.8
2021,Rhode Island,Depression among adults,Race/Ethnicity,"White, non-Hispanic",24.8
2021,South Dakota,Depression among adults,Sex,Female,23.4
2021,Rhode Island,Frequent mental distress among adults,Sex,Male,11.9
2021,Rhode Island,Frequent mental distress among adults,Race/Ethnicity,"Black, non-Hispanic",11.3
2021,Pennsylvania,Average mentally unhealthy days among adults,Age,Age 18-44,3.2
2021,Ohio,Frequent mental distress among adults,Sex,Male,13.4
2021,South Dakota,Average mentally unhealthy days among adults,Sex,Male,2.3
2021,Puerto Rico,Postpartum depressive symptoms among women with a recent live birth,Race/Ethnicity,Hispanic,13.5
2021,Pennsylvania,Postpartum depressive symptoms among women with a recent live birth,Overall,Overall,11.6
2021,North Dakota,Current poor mental health among high school students,Race/Ethnicity,"Black, non-Hispanic",26.2
2021,Ohio,Average mentally unhealthy days among adults,Race/Ethnicity,"White, non-Hispanic",2.7
2021,Pennsylvania,Average mentally unhealthy days among adults,Sex,Male,2.8
2021,Pennsylvania,Depression among adults,Age,Age 18-44,22.3
2021,Rhode Island,Depression among adults,Overall,Overall,23.9
2021,South Dakota,Average mentally unhealthy days among adults,Race/Ethnicity,"White, non-Hispanic",3.6
2021,Ohio,Depression among adults,Race/Ethnicity,"Black, non-Hispanic",16.0
2021,South Carolina,Average mentally unhealthy days among adults,Age,Age 18-44,2.5
2021,North Dakota,Average mentally unhealthy days among adults,Sex,Male,2.3
2021,Oklahoma,Current poor mental health among high school students,Grade,Grade 9,28.7
2021,Oregon,Frequent mental distress among adults,Overall,Overall,17.6
2021,Oregon,Depression among adults,Overall,Overall,25.3
2021,Oklahoma,Frequent mental distress among adults,Race/Ethnicity,"Black, non-Hispanic",18.2
2021,Oklahoma,Depression among adults,Age,Age 45-64,25.0
2021,Oklahoma,Depression among adults,Sex,Male,17.2
2021,South Carolina,Depression among adults,Sex,Male,14.3
2021,Ohio,Current poor mental health among high school students,Race/Ethnicity,"Black, non-Hispanic",32.6
2021,Rhode Island,Depression among adults,Sex,Male,18.9
2021,Oregon,Postpartum depressive symptoms among women with a recent live birth,Race/Ethnicity,"White, non-Hispanic",11.6
2021,Pennsylvania,Current poor mental health among high school students,Grade,Grade 11,35.0
2021,Rhode Island,Frequent mental distress among adults,Race/Ethnicity,Hispanic,13.0
2021,Ohio,Frequent mental distress among adults,Race/Ethnicity,"White, non-Hispanic",16.9
2021,Pennsylvania,Depression among adults,Sex,Female,24.6
2021,Pennsylvania,Depression among adults,Age,Age 45-64,18.8
2021,South Dakota,Postpartum depressive symptoms among women with a recent live birth,Race/Ethnicity,"Asian, non-Hispanic",18.0
2021,Oklahoma,Depression among adults,Race/Ethnicity,"Multiracial, non-Hispanic",28.1
2021,Rhode Island,Average mentally unhealthy days among adults,Age,Age 18-44,3.3
2021,Rhode Island,Current poor mental health among high school students,Race/Ethnicity,Hispanic,29.0
2021,North Dakota,Current poor mental health among high school students,Race/Ethnicity,"White, non-Hispanic",27.4
2021,Oklahoma,Current poor mental health among high school students,Race/Ethnicity,Hispanic,30.3
2021,South Carolina,Depression among adults,Overall,Overall,19.7
2021,Ohio,Average mentally unhealthy days among adults,Age,Age >=65,2.2
2021,North Dakota,Depression among adults,Race/Ethnicity,Hispanic,29.8
2021,Oregon,Frequent mental distress among adults,Race/Ethnicity,"Multiracial, non-Hispanic",32.2
2021,Ohio,Average mentally unhealthy days among adults,Race/Ethnicity,"Black, non-Hispanic",2.6
2021,South Dakota,Average mentally unhealthy days among adults,Sex,Male,2.4
2021,Oklahoma,Frequent mental distress among adults,Race/Ethnicity,"American Indian or Alaska Native, non-Hispanic",16.1
2021,Ohio,Depression among adults,Race/Ethnicity,Hispanic,21.7
2021,Oregon,Average mentally unhealthy days among adults,Overall,Overall,3.5
2021,South Carolina,Frequent mental distress among adults,Overall,Overall,17.6
2021,North Dakota,Average mentally unhealthy days among adults,Race/Ethnicity,"White, non-Hispanic",2.9
2021,South Carolina,Current poor mental health among high school students,Race/Ethnicity,"Black, non-Hispanic",21.2
2021,Oregon,Frequent mental distress among adults,Race/Ethnicity,"Asian, non-Hispanic",13.3
2021,Oklahoma,Depression among adults,Race/Ethnicity,"American Indian or Alaska Native, non-Hispanic",27.2
2021,South Carolina,Depression among adults,Race/Ethnicity,"White, non-Hispanic",24.7
2021,Rhode Island,Frequent mental distress among adults,Sex,Female,16.6
2021,Ohio,Current poor mental health among high school students,Race/Ethnicity,Hispanic,33.7
2021,South Dakota,Frequent mental distress among adults,Race/Ethnicity,"Multiracial, non-Hispanic",27.4
2021,Oregon,Postpartum depressive symptoms among women with a recent live birth,Race/Ethnicity,"Asian, non-Hispanic",24.1
2021,Oregon,Depression among adults,Sex,Female,32.4
2021,Oklahoma,Frequent mental distress among adults,Race/Ethnicity,"Multiracial, non-Hispanic",20.3
2021,North Dakota,Depression among adults,Overall,Overall,19.5
2021,South Dakota,Depression among adults,Sex,Male,10.9
2021,Puerto Rico,Current poor mental health among high school students,Grade,Grade 12,22.7
2021,Rhode Island,Average mentally unhealthy days among adults,Sex,Male,3.1
2021,Puerto Rico,Depression among adults,Sex,Female,16.8
2021,North Dakota,Depression among adults,Race/Ethnicity,"White, non-Hispanic",18.6
2021,Oklahoma,Current poor mental health among high school students,Sex,Male,20.4
2021,Puerto Rico,Depression among adults,Overall,Overall,15.3
2021,Ohio,Depression among adults,Age,Age 45-64,21.6
2021,Ohio,Depression among adults,Race/Ethnicity,"White, non-Hispanic",24.2
2021,South Carolina,Frequent mental distress among adults,Race/Ethnicity,Hispanic,8.0
2021,Oregon,Frequent mental distress among adults,Race/Ethnicity,Hispanic,16.8
2021,Pennsylvania,Depression among adults,Race/Ethnicity,Hispanic,15.8
2021,Pennsylvania,Frequent mental distress among adults,Sex,Female,16.9
2021,Oregon,Depression among adults,Race/Ethnicity,"American Indian or Alaska Native, non-Hispanic",22.1
2021,South Carolina,Frequent mental distress among adults,Sex,Female,21.4
2021,South Dakota,Frequent mental distress among adults,Sex,Male,9.5
2021,Oregon,Depression among adults,Race/Ethnicity,"American Indian or Alaska Native, non-Hispanic",21.9
2021,South Carolina,Current poor mental health among high school students,Race/Ethnicity,"White, non-Hispanic",30.8
2021,Rhode Island,Frequent mental distress among adults,Age,Age >=65,8.2
2021,South Dakota,Depression among adults,Race/Ethnicity,"Multiracial, non-Hispanic",43.3
2021,North Dakota,Frequent mental distress among adults,Race/Ethnicity,Hispanic,24.6
2021,Rhode Island,Depression among adults,Race/Ethnicity,"Asian, non-Hispanic",11.2
2021,Oregon,Average mentally unhealthy days among adults,Sex,Male,3.5
2021,South Carolina,Average mentally unhealthy days among adults,Sex,Female,2.9
2021,Oregon,Frequent mental distress among adults,Overall,Overall,16.4
2021,Oklahoma,Frequent mental distress among adults,Sex,Male,13.4
2021,Ohio,Frequent mental distress among adults,Age,Age 18-44,21.0
2021,Pennsylvania,Depression among adults,Race/Ethnicity,"Black, non-Hispanic",16.7
2021,Rhode Island,Current poor mental health among high school students,Overall,Overall,29.3
2021,Rhode Island,Depression among adults,Race/Ethnicity,"White, non-Hispanic",26.6
2021,South Carolina,Average mentally unhealthy days among adults,Sex,Female,2.9
2021,North Dakota,Depression among adults,Age,Age >=65,12.5
2021,Oklahoma,Frequent mental distress among adults,Race/Ethnicity,"Black, non-Hispanic",17.7
2021,Oregon,Depression among adults,Race/Ethnicity,"Multiracial, non-Hispanic",34.7
2021,North Dakota,Depression among adults,Sex,Male,13.1
2021,Pennsylvania,Frequent mental distress among adults,Race/Ethnicity,"White, non-Hispanic",14.8
2021,Puerto Rico,Depression among adults,Age,Age 18-44,10.4
2021,South Dakota,Depression among adults,Overall,Overall,17.0
2021,Oregon,Frequent mental distress among adults,Race/Ethnicity,"White, non-Hispanic",15.6
2021,North Dakota,Depression among adults,Race/Ethnicity,"American Indian or Alaska Native, non-Hispanic",28.6
2021,South Dakota,Depression among adults,Sex,Male,10.7
2021,Puerto Rico,Frequent mental distress among adults,Sex,Female,13.7
2021,South Dakota,Frequent mental distress among adults,Race/Ethnicity,"White, non-Hispanic",11.7
2021,Ohio,Frequent mental distress among adults,Overall,Overall,17.1
2021,North Dakota,Current poor mental health among high school students,Overall,Overall,28.7
2021,South Dakota,Depression among adults,Sex,Female,22.4
2021,Ohio,Frequent mental distress among adults,Race/Ethnicity,"Multiracial, non-Hispanic",23.4
2021,Ohio,Depression among adults,Sex,Male,16.7
2021,North Dakota,Average mentally unhealthy days among adults,Age,Age 18-44,3.1
2021,Ohio,Depression among adults,Overall,Overall,22.8
2021,Oregon,Postpartum depressive symptoms among women with a recent live birth,Race/Ethnicity,"Hawaiian or Pacific Islander, non-Hispanic",16.8
2021,Rhode Island,Depression among adults,Overall,Overall,23.3
2021,South Carolina,Frequent mental distress among adults,Race/Ethnicity,"Black, non-Hispanic",18.4
2021,Oregon,Average mentally unhealthy days among adults,Race/Ethnicity,"White, non-Hispanic",3.8
2021,Oklahoma,Current poor mental health among high school students,Race/Ethnicity,"Black, non-Hispanic",27.7
2021,Oklahoma,Frequent mental distress among adults,Race/Ethnicity,"Multiracial, non-Hispanic",19.2
2021,Ohio,Frequent mental distress among adults,Sex,Male,13.9
2021,Puerto Rico,Frequent mental distress among adults,Sex,Male,8.8
2021,Ohio,Current poor mental health among high school students,Overall,Overall,31.4
2021,Oregon,Frequent mental distress among adults,Sex,Male,13.3
2021,North Dakota,Current poor mental health among high school students,Race/Ethnicity,"Multiracial, non-Hispanic",46.9
2021,Oregon,Depression among adults,Age,Age 45-64,24.6
2021,Oregon,Frequent mental distress among adults,Race/Ethnicity,"American Indian or Alaska Native, non-Hispanic",28.2
2021,Oklahoma,Depression among adults,Race/Ethnicity,"American Indian or Alaska Native, non-Hispanic",26.9
2021,Oklahoma,Frequent mental distress among adults,Overall,Overall,17.4
2021,Ohio,Average mentally unhealthy days among adults,Overall,Overall,2.7
2021,South Carolina,Depression among adults,Overall,Overall,20.4
2021,Oklahoma,Depression among adults,Sex,Female,32.5
2021,Pennsylvania,Average mentally unhealthy days among adults,Sex,Female,2.8
2021,Pennsylvania,Average mentally unhealthy days among adults,Age,Age 45-64,2.2
2021,Rhode Island,Depression among adults,Sex,Male,19.2
2021,Oklahoma,Average mentally unhealthy days among adults,Sex,Male,2.0
2021,South Dakota,Postpartum depressive symptoms among women with a recent live birth,Race/Ethnicity,"Multiracial, non-Hispanic",24.4
2021,Rhode Island,Depression among adults,Race/Ethnicity,"Black, non-Hispanic",17.3
2021,Ohio,Depression among adults,Race/Ethnicity,"Black, non-Hispanic",16.0
2021,North Dakota,Frequent mental distress among adults,Age,Age >=65,5.7
2021,Oklahoma,Current poor mental health among high school students,Grade,Grade 12,35.1
2021,Puerto Rico,Frequent mental distress among adults,Age,Age 18-44,9.7
2021,South Dakota,Frequent mental distress among adults,Race/Ethnicity,"American Indian or Alaska Native, non-Hispanic",12.4
2021,Pennsylvania,Depression among adults,Sex,Male,14.7
2021,North Dakota,Postpartum depressive symptoms among women with a recent live birth,Race/Ethnicity,Hispanic,13.6
2021,Rhode Island,Frequent mental distress among adults,Sex,Male,12.2
2021,Pennsylvania,Current poor mental health among high school students,Overall,Overall,32.2
2021,Oregon,Average mentally unhealthy days among adults,Age,Age >=65,2.4
2021,North Dakota,Frequent mental distress among adults,Race/Ethnicity,"American Indian or Alaska Native, non-Hispanic",21.1
2021,Ohio,Current poor mental health among high school students,Sex,Male,20.5
2021,Puerto Rico,Current poor mental health among high school students,Race/Ethnicity,"White, non-Hispanic",9.6
2021,Oregon,Average mentally unhealthy days among adults,Race/Ethnicity,Hispanic,3.4
2021,Puerto Rico,Postpartum depressive symptoms among women with a recent live birth,Overall,Overall,13.6
2021,South Dakota,Frequent mental distress among adults,Age,Age >=65,7.4
2021,Pennsylvania,Frequent mental distress among adults,Race/Ethnicity,"Multiracial, non-Hispanic",24.7
2021,South Carolina,Frequent mental distress among adults,Sex,Male,13.6
2021,South Carolina,Current poor mental health among high school students,Race/Ethnicity,"Asian, non-Hispanic",8.1
2021,South Dakota,Postpartum depressive symptoms among women with a recent live birth,Race/Ethnicity,"White, non-Hispanic",7.9
2021,Oregon,Frequent mental distress among adults,Race/Ethnicity,"Black, non-Hispanic",14.7
2021,South Carolina,Frequent mental distress among adults,Overall,Overall,16.7
2021,Oregon,Average mentally unhealthy days among adults,Sex,Female,3.6
2021,North Dakota,Depression among adults,Race/Ethnicity,Hispanic,25.0
2021,Pennsylvania,Frequent mental distress among adults,Age,Age >=65,8.5
2021,Oklahoma,Average mentally unhealthy days among adults,Age,Age 18-44,2.1
2021,South Carolina,Frequent mental distress among adults,Race/Ethnicity,Hispanic,11.3
2021,Oregon,Postpartum depressive symptoms among women with a recent live birth,Race/Ethnicity,"American Indian or Alaska Native, non-Hispanic",23.1
2021,Oregon,Depression among adults,Sex,Female,31.4
2021,Oklahoma,Frequent mental distress among adults,Age,Age 45-64,18.0
2021,Ohio,Depression among adults,Race/Ethnicity,Hispanic,20.3
2021,South Carolina,Current poor mental health among high school students,Grade,Grade 12,34.1
2021,Pennsylvania,Depression among adults,Race/Ethnicity,"White, non-Hispanic",21.1
2021,Rhode Island,Depression among adults,Race/Ethnicity,Hispanic,20.2
2021,North Dakota,Average mentally unhealthy days among adults,Sex,Female,3.3
2021,Pennsylvania,Average mentally unhealthy days among adults,Race/Ethnicity,"White, non-Hispanic",2.9
2021,Rhode Island,Current poor mental health among high school students,Race/Ethnicity,"Multiracial, non-Hispanic",32.9
2021,Puerto Rico,Average mentally unhealthy days among adults,Overall,Overall,0.4
2021,South Carolina,Depression among adults,Sex,Female,26.1
2021,Ohio,Current poor mental health among high school students,Sex,Female,43.2
2021,Puerto Rico,Depression among adults,Sex,Female,17.7
2021,Pennsylvania,Frequent mental distress among adults,Race/Ethnicity,"Black, non-Hispanic",16.1
2021,Ohio,Frequent mental distress among adults,Race/Ethnicity,Hispanic,18.9
2021,Ohio,Average mentally unhealthy days among adults,Sex,Female,2.9
2021,North Dakota,Frequent mental distress among adults,Race/Ethnicity,"Black, non-Hispanic",23.6
2021,North Dakota,Current poor mental health among high school students,Race/Ethnicity,"American Indian or Alaska Native, non-Hispanic",34.2
2021,Ohio,Average mentally unhealthy days among adults,Overall,Overall,2.7
2021,Oregon,Depression among adults,Race/Ethnicity,"Black, non-Hispanic",17.6
2021,Pennsylvania,Current poor mental health among high school students,Grade,Grade 10,28.5
2021,Oregon,Frequent mental distress among adults,Age,Age 45-64,14.0
2021,Oklahoma,Depression among adults,Age,Age >=65,16.5
2021,South Carolina,Average mentally unhealthy days among adults,Age,Age >=65,2.4
2021,Oregon,Average mentally unhealthy days among adults,Overall,Overall,3.6
2021,Oklahoma,Depression among adults,Race/Ethnicity,"White, non-Hispanic",26.4
2021,Rhode Island,Average mentally unhealthy days among adults,Sex,Female,3.1
2021,South Carolina,Frequent mental distress among adults,Race/Ethnicity,"White, non-Hispanic",17.0
2021,Rhode Island,Average mentally unhealthy days among adults,Age,Age 45-64,3.0
2021,Oklahoma,Postpartum depressive symptoms among women with a recent live birth,Race/Ethnicity,Hispanic,11.8
2021,Rhode Island,Current poor mental health among high school students,Grade,Grade 10,30.3
2021,Oklahoma,Depression among adults,Race/Ethnicity,Hispanic,22.1
2021,Oklahoma,Average mentally unhealthy days among adults,Race/Ethnicity,"White, non-Hispanic",2.3
2021,South Dakota,Postpartum depressive symptoms among women with a recent live birth,Race/Ethnicity,"Black, non-Hispanic",19.0
2021,South Dakota,Average mentally unhealthy days among adults,Age,Age 18-44,3.2
2021,North Dakota,Depression among adults,Race/Ethnicity,"White, non-Hispanic",19.3
2021,South Carolina,Frequent mental distress among adults,Age,Age >=65,9.7
2021,Ohio,Depression among adults,Race/Ethnicity,"Asian, non-Hispanic",8.7
2021,Oklahoma,Frequent mental distress among adults,Race/Ethnicity,"American Indian or Alaska Native, non-Hispanic",16.1
2021,Pennsylvania,Depression among adults,Race/Ethnicity,"Asian, non-Hispanic",8.9
2021,South Dakota,Depression among adults,Age,Age >=65,11.0
2021,North Dakota,Depression among adults,Age,Age 18-44,23.9
2021,Pennsylvania,Current poor mental health among high school students,Sex,Female,44.7
2021,Pennsylvania,Depression among adults,Race/Ethnicity,"Multiracial, non-Hispanic",21.7
2021,South Carolina,Depression among adults,Race/Ethnicity,"Multiracial, non-Hispanic",30.5
2021,South Dakota,Frequent mental distress among adults,Sex,Male,9.7
2021,Oregon,Frequent mental distress among adults,Sex,Female,19.4
2021,North Dakota,Average mentally unhealthy days among adults,Age,Age 45-64,2.7
2021,Puerto Rico,Current poor mental health among high school students,Grade,Grade 11,16.8
2021,North Dakota,Depression among adults,Race/Ethnicity,"American Indian or Alaska Native, non-Hispanic",27.6
2021,South Dakota,Depression among adults,Race/Ethnicity,"Multiracial, non-Hispanic",46.6
2021,North Dakota,Current poor mental health among high school students,Grade,Grade 10,27.6
2021,Oklahoma,Current poor mental health among high school students,Race/Ethnicity,"Multiracial, non-Hispanic",31.5
2021,South Carolina,Average mentally unhealthy days among adults,Overall,Overall,2.6
2021,Puerto Rico,Depression among adults,Age,Age 45-64,21.6
2021,South Dakota,Average mentally unhealthy days among adults,Sex,Female,4.7
2021,Ohio,Depression among adults,Race/Ethnicity,"White, non-Hispanic",23.0
2021,Rhode Island,Depression among adults,Age,Age 18-44,27.2
2021,Ohio,Frequent mental distress among adults,Age,Age >=65,8.9
2021,Puerto Rico,Frequent mental distress among adults,Sex,Female,13.9
2021,Rhode Island,Frequent mental distress among adults,Race/Ethnicity,"Multiracial, non-Hispanic",21.9
2021,Ohio,Frequent mental distress among adults,Race/Ethnicity,"White, non-Hispanic",15.8
2021,Rhode Island,Frequent mental distress among adults,Age,Age 18-44,19.1
2021,Ohio,Current poor mental health among high school students,Grade,Grade 10,30.9
2021,South Carolina,Current poor mental health among high school students,Race/Ethnicity,"Multiracial, non-Hispanic",40.7
2021,Oklahoma,Depression among adults,Race/Ethnicity,"Black, non-Hispanic",26.4
2021,North Dakota,Frequent mental distress among adults,Age,Age 18-44,17.6
2021,South Carolina,Average mentally unhealthy days among adults,Overall,Overall,2.7
2021,Ohio,Current poor mental health among high school students,Grade,Grade 11,28.8
2021,Oklahoma,Postpartum depressive symptoms among women with a recent live birth,Race/Ethnicity,"American Indian or Alaska Native, non-Hispanic",15.2
2021,South Carolina,Depression among adults,Age,Age >=65,14.4
2021,South Carolina,Current poor mental health among high school students,Race/Ethnicity,Hispanic,21.0
2021,South Dakota,Average mentally unhealthy days among adults,Overall,Overall,3.5
2021,Oklahoma,Current poor mental health among high school students,Grade,Grade 11,30.4
2021,Oregon,Frequent mental distress among adults,Race/Ethnicity,"Black, non-Hispanic",14.4
2021,Puerto Rico,Frequent mental distress among adults,Overall,Overall,11.3
2021,South Carolina,Average mentally unhealthy days among adults,Race/Ethnicity,"White, non-Hispanic",2.7
2021,Rhode Island,Depression among adults,Race/Ethnicity,"Multiracial, non-Hispanic",36.5
2021,Pennsylvania,Frequent mental distress among adults,Sex,Female,15.7
2021,Oregon,Average mentally unhealthy days among adults,Age,Age 18-44,3.9
2021,South Carolina,Depression among adults,Race/Ethnicity,"Black, non-Hispanic",13.6
2021,Pennsylvania,Postpartum depressive symptoms among women with a recent live birth,Race/Ethnicity,"Black, non-Hispanic",18.9
2021,North Dakota,Depression among adults,Race/Ethnicity,"Multiracial, non-Hispanic",31.3
2021,Oklahoma,Current poor mental health among high school students,Race/Ethnicity,"Asian, non-Hispanic",10.4
2021,Oklahoma,Average mentally unhealthy days among adults,Sex,Female,2.6
2021,Puerto Rico,Current poor mental health among high school students,Overall,Overall,17.0
2021,South Dakota,Frequent mental distress among adults,Age,Age 18-44,15.8
2021,Oklahoma,Depression among adults,Race/Ethnicity,Hispanic,19.3
2021,Rhode Island,Current poor mental health among high school students,Grade,Grade 9,27.4
2021,Pennsylvania,Frequent mental distress among adults,Age,Age 45-64,11.9
2021,North Dakota,Current poor mental health among high school students,Sex,Male,17.1
2021,Ohio,Depression among adults,Sex,Female,27.4
2021,Oregon,Depression among adults,Race/Ethnicity,"White, non-Hispanic",26.7
2021,Pennsylvania,Current poor mental health among high school students,Race/Ethnicity,Hispanic,28.2
2021,South Dakota,Depression among adults,Overall,Overall,16.5
2021,North Dakota,Frequent mental distress among adults,Race/Ethnicity,"American Indian or Alaska Native, non-Hispanic",19.5
2021,South Dakota,Depression among adults,Race/Ethnicity,Hispanic,21.7
2021,Pennsylvania,Depression among adults,Race/Ethnicity,"Multiracial, non-Hispanic",20.1
2021,Rhode Island,Depression among adults,Race/Ethnicity,"Black, non-Hispanic",17.6
2021,Ohio,Depression among adults,Age,Age >=65,14.6
2021,Puerto Rico,Frequent mental distress among adults,Sex,Male,8.7
2021,Oregon,Frequent mental distress among adults,Race/Ethnicity,"American Indian or Alaska Native, non-Hispanic",25.2
2021,North Dakota,Frequent mental distress among adults,Sex,Male,9.4
2021,South Dakota,Frequent mental distress among adults,Race/Ethnicity,"American Indian or Alaska Native, non-Hispanic",12.5
2021,Puerto Rico,Frequent mental distress among adults,Age,Age >=65,11.0
2021,South Carolina,Depression among adults,Sex,Female,25.1
2021,Oklahoma,Depression among adults,Overall,Overall,25.0
2021,South Dakota,Depression among adults,Race/Ethnicity,"White, non-Hispanic",16.1
2021,Oklahoma,Depression among adults,Sex,Female,31.3
2021,Pennsylvania,Frequent mental distress among adults,Race/Ethnicity,"White, non-Hispanic",13.4
2021,Oregon,Postpartum depressive symptoms among women with a recent live birth,Race/Ethnicity,Hispanic,11.0
2021,Oklahoma,Frequent mental distress among adults,Race/Ethnicity,Hispanic,16.1
2021,Oregon,Average mentally unhealthy days among adults,Race/Ethnicity,"White, non-Hispanic",3.6
2021,South Dakota,Postpartum depressive symptoms among women with a recent live birth,Overall,Overall,11.1
2021,Ohio,Frequent mental distress among adults,Sex,Female,19.1
2021,Rhode Island,Average mentally unhealthy days among adults,Overall,Overall,3.1
2021,South Carolina,Current poor mental health among high school students,Grade,Grade 11,27.2
2021,Puerto Rico,Depression among adults,Sex,Male,12.4
2021,Oklahoma,Frequent mental distress among adults,Sex,Female,22.5
2021,Rhode Island,Current poor mental health among high school students,Race/Ethnicity,"Black, non-Hispanic",27.9
2021,North Dakota,Current poor mental health among high school students,Race/Ethnicity,Hispanic,33.2
2021,Ohio,Depression among adults,Overall,Overall,22.0
2021,South Carolina,Depression among adults,Race/Ethnicity,"American Indian or Alaska Native, non-Hispanic",33.7
2021,North Dakota,Postpartum depressive symptoms among women with a recent live birth,Overall,Overall,13.2
2021,Pennsylvania,Average mentally unhealthy days among adults,Sex,Female,2.9
2021,Ohio,Depression among adults,Race/Ethnicity,"Multiracial, non-Hispanic",34.1
2021,Puerto Rico,Depression among adults,Race/Ethnicity,Hispanic,14.9
2021,Oregon,Frequent mental distress among adults,Race/Ethnicity,"White, non-Hispanic",17.6
2021,Oregon,Depression among adults,Race/Ethnicity,Hispanic,22.1
2021,North Dakota,Frequent mental distress among adults,Race/Ethnicity,"Black, non-Hispanic",15.7
2021,Oregon,Depression among adults,Race/Ethnicity,"Asian, non-Hispanic",18.0
2021,Rhode Island,Frequent mental distress among adults,Age,Age 45-64,12.2
2021,Rhode Island,Depression among adults,Race/Ethnicity,Hispanic,20.1
2021,Pennsylvania,Frequent mental distress among adults,Race/Ethnicity,"Multiracial, non-Hispanic",21.5
2021,South Carolina,Frequent mental distress among adults,Race/Ethnicity,"White, non-Hispanic",18.9
2021,Pennsylvania,Average mentally unhealthy days among adults,Overall,Overall,2.8
2021,Ohio,Current poor mental health among high school students,Race/Ethnicity,"White, non-Hispanic",32.0
2021,Oregon,Average mentally unhealthy days among adults,Sex,Female,3.6
2021,North Dakota,Depression among adults,Age,Age 45-64,17.1
2021,Oklahoma,Frequent mental distress among adults,Sex,Female,21.6
2021,Oklahoma,Postpartum depressive symptoms among women with a recent live birth,Overall,Overall,16.1
2021,Rhode Island,Depression among adults,Age,Age >=65,17.1
2021,Oregon,Average mentally unhealthy days among adults,Race/Ethnicity,Hispanic,3.3
2021,Oklahoma,Frequent mental distress among adults,Race/Ethnicity,"White, non-Hispanic",19.7
2021,Oklahoma,Depression among adults,Age,Age 18-44,27.8
2021,North Dakota,Postpartum depressive symptoms among women with a recent live birth,Race/Ethnicity,"American Indian or Alaska Native, non-Hispanic",22.2
2021,Pennsylvania,Depression among adults,Overall,Overall,19.7
2021,Rhode Island,Average mentally unhealthy days among adults,Sex,Female,3.0
2021,Oregon,Depression among adults,Race/Ethnicity,"White, non-Hispanic",25.4
2021,Rhode Island,Current poor mental health among high school students,Race/Ethnicity,"White, non-Hispanic",29.5
2021,Pennsylvania,Average mentally unhealthy days among adults,Race/Ethnicity,"White, non-Hispanic",3.0
2021,North Dakota,Depression among adults,Sex,Female,26.9
2021,Pennsylvania,Depression among adults,Sex,Male,14.4
2021,Puerto Rico,Current poor mental health among high school students,Sex,Female,21.1
2021,Ohio,Average mentally unhealthy days among adults,Age,Age 45-64,2.7
2021,South Dakota,Average mentally unhealthy days among adults,Sex,Female,4.3
2021,Pennsylvania,Frequent mental distress among adults,Age,Age 18-44,18.9
2021,South Carolina,Current poor mental health among high school students,Grade,Grade 10,26.3
2021,North Dakota,Average mentally unhealthy days among adults,Race/Ethnicity,"White, non-Hispanic",2.9
2021,South Carolina,Frequent mental distress among adults,Race/Ethnicity,"Multiracial, non-Hispanic",21.6
2021,Oklahoma,Average mentally unhealthy days among adults,Age,Age 45-64,2.6
2021,Ohio,Average mentally unhealthy days among adults,Sex,Female,2.9
2021,Rhode Island,Frequent mental distress among adults,Race/Ethnicity,"White, non-Hispanic",15.2
2021,Oregon,Frequent mental distress among adults,Age,Age 18-44,22.8
2021,Pennsylvania,Frequent mental distress among adults,Sex,Male,12.3
2021,South Carolina,Frequent mental distress among adults,Age,Age 18-44,21.8
2021,South Dakota,Frequent mental distress among adults,Sex,Female,13.6
2021,Puerto Rico,Frequent mental distress among adults,Race/Ethnicity,Hispanic,11.4
2021,South Carolina,Current poor mental health among high school students,Sex,Male,19.0
2021,North Dakota,Average mentally unhealthy days among adults,Sex,Female,3.2
2021,Ohio,Frequent mental distress among adults,Overall,Overall,16.3
2021,North Dakota,Average mentally unhealthy days among adults,Overall,Overall,2.8
2021,Pennsylvania,Frequent mental distress among adults,Race/Ethnicity,"Black, non-Hispanic",16.4
2021,South Carolina,Average mentally unhealthy days among adults,Sex,Male,2.4
2021,Rhode Island,Depression among adults,Sex,Female,28.4
2021,Rhode Island,Depression among adults,Age,Age 45-64,22.4
2021,Oregon,Postpartum depressive symptoms among women with a recent live birth,Overall,Overall,12.5
2021,North Dakota,Frequent mental distress among adults,Sex,Female,16.0
2021,Rhode Island,Current poor mental health among high school students,Race/Ethnicity,"Asian, non-Hispanic",27.5
2021,Pennsylvania,Current poor mental health among high school students,Grade,Grade 9,29.7
2021,Rhode Island,Frequent mental distress among adults,Race/Ethnicity,"Multiracial, non-Hispanic",21.0
2021,Oregon,Depression among adults,Age,Age >=65,18.4
2021,South Carolina,Depression among adults,Race/Ethnicity,Hispanic,9.9
2021,South Carolina,Average mentally unhealthy days among adults,Race/Ethnicity,"Black, non-Hispanic",2.6
2021,Pennsylvania,Postpartum depressive symptoms among women with a recent live birth,Race/Ethnicity,"White, non-Hispanic",10.5
2021,Oklahoma,Frequent mental distress among adults,Age,Age 18-44,20.7
2021,Puerto Rico,Current poor mental health among high school students,Grade,Grade 10,16.8
2021,Oklahoma,Depression among adults,Race/Ethnicity,"Black, non-Hispanic",25.7
2021,Oklahoma,Current poor mental health among high school students,Race/Ethnicity,"White, non-Hispanic",32.7
2021,North Dakota,Average mentally unhealthy days among adults,Age,Age >=65,2.2
2021,Ohio,Frequent mental distress among adults,Race/Ethnicity,Hispanic,17.8
2021,Pennsylvania,Current poor mental health among high school students,Sex,Male,19.5
2021,Oklahoma,Postpartum depressive symptoms among women with a recent live birth,Race/Ethnicity,"Multiracial, non-Hispanic",15.5
2021,North Dakota,Current poor mental health among high school students,Grade,Grade 11,31.5
2021,Puerto Rico,Frequent mental distress among adults,Overall,Overall,11.5
2021,South Dakota,Frequent mental distress among adults,Overall,Overall,11.6
2021,Pennsylvania,Frequent mental distress among adults,Race/Ethnicity,Hispanic,16.6
2021,Pennsylvania,Frequent mental distress among adults,Overall,Overall,14.0
2021,Ohio,Depression among adults,Sex,Female,28.8
2021,South Carolina,Average mentally unhealthy days among adults,Age,Age 45-64,2.9
2021,Oklahoma,Current poor mental health among high school students,Sex,Female,41.2
2021,South Dakota,Depression among adults,Race/Ethnicity,"White, non-Hispanic",16.9
2021,Rhode Island,Frequent mental distress among adults,Sex,Female,17.5
2021,South Carolina,Depression among adults,Sex,Male,13.9
2021,Pennsylvania,Frequent mental distress among adults,Race/Ethnicity,"Asian, non-Hispanic",9.0
2021,Ohio,Depression among adults,Race/Ethnicity,"American Indian or Alaska Native, non-Hispanic",39.7
2021,Pennsylvania,Current poor mental health among high school students,Race/Ethnicity,"Asian, non-Hispanic",24.4
2021,Ohio,Average mentally unhealthy days among adults,Race/Ethnicity,"White, non-Hispanic",2.7
2021,Oklahoma,Frequent mental distress among adults,Race/Ethnicity,Hispanic,14.5
2021,North Dakota,Frequent mental distress among adults,Overall,Overall,12.8
2021,Rhode Island,Frequent mental distress among adults,Race/Ethnicity,"Black, non-Hispanic",11.0
2021,South Carolina,Depression among adults,Race/Ethnicity,"Multiracial, non-Hispanic",26.0
2021,South Dakota,Frequent mental distress among adults,Age,Age 45-64,7.9
2021,Oklahoma,Depression among adults,Race/Ethnicity,"Multiracial, non-Hispanic",28.9
2021,Ohio,Average mentally unhealthy days among adults,Sex,Male,2.4
2021,Oregon,Frequent mental distress among adults,Sex,Female,21.0
2021,North Dakota,Frequent mental distress among adults,Race/Ethnicity,"White, non-Hispanic",11.5
2021,Oregon,Depression among adults,Overall,Overall,24.6
2021,Rhode Island,Current poor mental health among high school students,Grade,Grade 12,27.7
2021,Rhode Island,Depression among adults,Race/Ethnicity,"Multiracial, non-Hispanic",36.1
2021,Oklahoma,Depression among adults,Overall,Overall,24.4
2021,South Dakota,Depression among adults,Age,Age 45-64,15.1
2021,Pennsylvania,Current poor mental health among high school students,Race/Ethnicity,"Multiracial, non-Hispanic",47.5
2021,Oklahoma,Postpartum depressive symptoms among women with a recent live birth,Race/Ethnicity,"White, non-Hispanic",16.4
2021,Oregon,Depression among adults,Race/Ethnicity,"Black, non-Hispanic",17.3
2021,Pennsylvania,Depression among adults,Race/Ethnicity,Hispanic,15.4
2021,North Dakota,Frequent mental distress among adults,Age,Age 45-64,9.1
2021,Oklahoma,Average mentally unhealthy days among adults,Sex,Female,2.6
2021,Oklahoma,Average mentally unhealthy days among adults,Overall,Overall,2.3
2021,South Dakota,Depression among adults,Race/Ethnicity,"American Indian or Alaska Native, non-Hispanic",12.1
2021,South Carolina,Depression among adults,Age,Age 18-44,22.9
2021,Ohio,Frequent mental distress among adults,Race/Ethnicity,"American Indian or Alaska Native, non-Hispanic",31.2
2021,Oklahoma,Current poor mental health among high school students,Grade,Grade 10,29.4
2021,Ohio,Frequent mental distress among adults,Race/Ethnicity,"Black, non-Hispanic",16.6
2021,Ohio,Depression among adults,Race/Ethnicity,"Multiracial, non-Hispanic",36.9
2021,Rhode Island,Current poor mental health among high school students,Sex,Male,19.7
2021,Oregon,Average mentally unhealthy days among adults,Age,Age 45-64,3.8
2021,North Dakota,Postpartum depressive symptoms among women with a recent live birth,Race/Ethnicity,"Black, non-Hispanic",16.7
2021,Oklahoma,Current poor mental health among high school students,Race/Ethnicity,"American Indian or Alaska Native, non-Hispanic",30.3
2021,Puerto Rico,Current poor mental health among high school students,Race/Ethnicity,Hispanic,17.0
2021,Rhode Island,Average mentally unhealthy days among adults,Overall,Overall,3.1
2021,Ohio,Current poor mental health among high school students,Grade,Grade 12,35.2
2021,North Dakota,Frequent mental distress among adults,Sex,Male,9.5
2021,Rhode Island,Average mentally unhealthy days among adults,Race/Ethnicity,"White, non-Hispanic",3.4
2021,Oregon,Frequent mental distress among adults,Race/Ethnicity,"Asian, non-Hispanic",14.9
2021,South Dakota,Average mentally unhealthy days among adults,Overall,Overall,3.3
2021,South Carolina,Average mentally unhealthy days among adults,Race/Ethnicity,"White, non-Hispanic",2.7
2021,Pennsylvania,Average mentally unhealthy days among adults,Sex,Male,2.7
2021,Oklahoma,Depression among adults,Race/Ethnicity,"White, non-Hispanic",25.0
2021,Oregon,Depression among adults,Race/Ethnicity,Hispanic,22.2
2021,Puerto Rico,Current poor mental health among high school students,Sex,Male,12.3
2021,Oregon,Frequent mental distress among adults,Race/Ethnicity,"Multiracial, non-Hispanic",32.1
2021,South Carolina,Depression among adults,Race/Ethnicity,"American Indian or Alaska Native, non-Hispanic",28.8
2021,Pennsylvania,Depression among adults,Age,Age >=65,14.0
2021,Pennsylvania,Depression among adults,Race/Ethnicity,"White, non-Hispanic",19.9
2021,South Dakota,Postpartum depressive symptoms among women with a recent live birth,Race/Ethnicity,"American Indian or Alaska Native, non-Hispanic",21.8
2021,Pennsylvania,Depression among adults,Race/Ethnicity,"Asian, non-Hispanic",11.6
2021,Oklahoma,Current poor mental health among high school students,Overall,Overall,30.9
2021,Puerto Rico,Depression among adults,Sex,Male,12.6
2021,Pennsylvania,Depression among adults,Sex,Female,23.5
2021,South Dakota,Average mentally unhealthy days among adults,Race/Ethnicity,"White, non-Hispanic",3.8
2021,Rhode Island,Frequent mental distress among adults,Race/Ethnicity,"White, non-Hispanic",17.1
2021,Ohio,Current poor mental health among high school students,Race/Ethnicity,"Multiracial, non-Hispanic",25.2
2021,Oregon,Postpartum depressive symptoms among women with a recent live birth,Race/Ethnicity,"Multiracial, non-Hispanic",17.9
2021,North Dakota,Postpartum depressive symptoms among women with a recent live birth,Race/Ethnicity,"White, non-Hispanic",11.3
2021,Ohio,Frequent mental distress among adults,Age,Age 45-64,15.5
2021,South Dakota,Frequent mental distress among adults,Race/Ethnicity,"Multiracial, non-Hispanic",36.9
2021,South Carolina,Frequent mental distress among adults,Race/Ethnicity,"Multiracial, non-Hispanic",21.8
2021,Ohio,Frequent mental distress among adults,Sex,Female,20.3
2021,South Carolina,Average mentally unhealthy days among adults,Race/Ethnicity,"Black, non-Hispanic",2.5
2021,South Carolina,Current poor mental health among high school students,Sex,Female,34.6
2021,Rhode Island,Average mentally unhealthy days among adults,Age,Age >=65,2.7
2021,Pennsylvania,Average mentally unhealthy days among adults,Overall,Overall,2.8
2021,North Dakota,Current poor mental health among high school students,Sex,Female,40.9
2021,Puerto Rico,Depression among adults,Race/Ethnicity,Hispanic,15.4
2021,South Dakota,Postpartum depressive symptoms among women with a recent live birth,Race/Ethnicity,Hispanic,9.8
2021,South Carolina,Depression among adults,Age,Age 45-64,19.6
2021,South Carolina,Average mentally unhealthy days among adults,Sex,Male,2.3
2021,Oklahoma,Frequent mental distress among adults,Sex,Male,13.0
2021,Oklahoma,Depression among adults,Sex,Male,17.4
2021,Oregon,Frequent mental distress among adults,Race/Ethnicity,Hispanic,18.3
2021,Ohio,Average mentally unhealthy days among adults,Race/Ethnicity,"Black, non-Hispanic",2.5
2021,Pennsylvania,Frequent mental distress among adults,Sex,Male,12.9
2021,Pennsylvania,Depression among adults,Overall,Overall,19.1
2021,Oklahoma,Frequent mental distress among adults,Overall,Overall,17.9
2021,Puerto Rico,Frequent mental distress among adults,Race/Ethnicity,Hispanic,11.6
2021,North Dakota,Average mentally unhealthy days among adults,Overall,Overall,2.8
2021,South Carolina,Depression among adults,Race/Ethnicity,"Black, non-Hispanic",13.8
2021,Rhode Island,Current poor mental health among high school students,Sex,Female,39.2
2021,North Dakota,Frequent mental distress among adults,Race/Ethnicity,Hispanic,26.1
2021,South Carolina,Depression among adults,Race/Ethnicity,"White, non-Hispanic",23.0
2021,Ohio,Frequent mental distress among adults,Race/Ethnicity,"Multiracial, non-Hispanic",25.1
2021,Puerto Rico,Depression among adults,Overall,Overall,14.8
2021,Pennsylvania,Frequent mental distress among adults,Overall,Overall,14.9
2021,Ohio,Average mentally unhealthy days among adults,Sex,Male,2.4
2021,North Dakota,Current poor mental health among high school students,Grade,Grade 12,30.5
2021,North Dakota,Frequent mental distress among adults,Race/Ethnicity,"White, non-Hispanic",10.9
2021,Pennsylvania,Current poor mental health among high school students,Grade,Grade 12,35.8
2021,Oregon,Depression among adults,Age,Age 18-44,28.0
2021,Oklahoma,Frequent mental distress among adults,Race/Ethnicity,"White, non-Hispanic",18.2
2021,Oregon,Depression among adults,Race/Ethnicity,"Asian, non-Hispanic",16.6
2021,Rhode Island,Frequent mental distress among adults,Race/Ethnicity,Hispanic,12.2
2021,Oregon,Frequent mental distress among adults,Age,Age >=65,7.6
2021,Ohio,Depression among adults,Age,Age 18-44,26.4
2021,Pennsylvania,Average mentally unhealthy days among adults,Age,Age >=65,2.9
2021,South Carolina,Frequent mental distress among adults,Sex,Female,19.7
2021,Rhode Island,Frequent mental distress among adults,Overall,Overall,14.3
2021,Pennsylvania,Current poor mental health among high school students,Race/Ethnicity,"Black, non-Hispanic",32.8
2021,North Dakota,Depression among adults,Sex,Female,26.3
2021,Ohio,Average mentally unhealthy days among adults,Age,Age 18-44,2.8
2021,North Dakota,Depression among adults,Race/Ethnicity,"Multiracial, non-Hispanic",28.9
2021,Rhode Island,Depression among adults,Sex,Female,27.4
2021,North Dakota,Depression among adults,Overall,Overall,19.7
2021,Oregon,Depression among adults,Sex,Male,18.1
2021,Oklahoma,Postpartum depressive symptoms among women with a recent live birth,Race/Ethnicity,"Black, non-Hispanic",21.2
2021,Oregon,Depression among adults,Sex,Male,17.6
2021,South Carolina,Depression among adults,Race/Ethnicity,Hispanic,11.1
2021,Oklahoma,Frequent mental distress among adults,Age,Age >=65,9.5
2021,South Carolina,Current poor mental health among high school students,Overall,Overall,26.7
2021,South Carolina,Frequent mental distress among adults,Age,Age 45-64,14.9
2021,Pennsylvania,Postpartum depressive symptoms among women with a recent live birth,Race/Ethnicity,"Asian, non-Hispanic",18.1
2021,South Dakota,Frequent mental distress among adults,Sex,Female,13.3
2021,Puerto Rico,Current poor mental health among high school students,Grade,Grade 9,12.2
2021,North Dakota,Average mentally unhealthy days among adults,Sex,Male,2.4
2021,Tennessee,Depression among adults,Sex,Female,31.5
2021,Virginia,Current poor mental health among high school students,Grade,Grade 11,33.0
2022,Delaware,Depression among adults,Sex,Female,25.7
2021,Vermont,Depression among adults,Sex,Male,20.0
2021,Texas,Average mentally unhealthy days among adults,Sex,Female,3.1
2021,Texas,Current poor mental health among high school students,Sex,Female,43.0
2021,Vermont,Current poor mental health among high school students,Grade,Grade 10,35.3
2021,Utah,Current poor mental health among high school students,Race/Ethnicity,Hispanic,32.0
2021,Washington,Frequent mental distress among adults,Sex,Female,18.6
2021,Vermont,Frequent mental distress among adults,Age,Age >=65,7.4
2021,Virginia,Frequent mental distress among adults,Race/Ethnicity,"Multiracial, non-Hispanic",20.5
2021,Utah,Average mentally unhealthy days among adults,Race/Ethnicity,"White, non-Hispanic",4.5
2021,Washington,Average mentally unhealthy days among adults,Sex,Male,4.0
2021,Vermont,Average mentally unhealthy days among adults,Overall,Overall,3.9
2021,Virginia,Current poor mental health among high school students,Sex,Female,42.5
2021,Vermont,Depression among adults,Sex,Female,32.3
2021,Vermont,Depression among adults,Race/Ethnicity,"White, non-Hispanic",27.0
2021,Texas,Frequent mental distress among adults,Race/Ethnicity,"Multiracial, non-Hispanic",15.8
2021,Vermont,Frequent mental distress among adults,Race/Ethnicity,"White, non-Hispanic",15.3
2021,Vermont,Frequent mental distress among adults,Race/Ethnicity,Hispanic,17.7
2021,Tennessee,Depression among adults,Race/Ethnicity,Hispanic,26.1
2021,Virgin Islands,Frequent mental distress among adults,Sex,Male,7.2
2021,Virginia,Depression among adults,Race/Ethnicity,Hispanic,15.6
2021,Tennessee,Average mentally unhealthy days among adults,Sex,Female,2.9
2021,Virginia,Depression among adults,Sex,Female,25.4
2021,Washington,Depression among adults,Race/Ethnicity,"Asian, non-Hispanic",9.8
2021,Tennessee,Depression among adults,Race/Ethnicity,"Black, non-Hispanic",21.9
2021,Tennessee,Postpartum depressive symptoms among women with a recent live birth,Race/Ethnicity,"White, non-Hispanic",12.4
2021,Virginia,Average mentally unhealthy days among adults,Sex,Female,3.6
2021,United States,Current poor mental health among high school students,Sex,Male,18.1
2021,Texas,Depression among adults,Age,Age 45-64,18.9
2021,United States,Depression among adults,Race/Ethnicity,"Black, non-Hispanic",15.8
2021,United States,Depression among adults,Sex,Female,24.4
2021,Virginia,Average mentally unhealthy days among adults,Overall,Overall,3.2
2021,United States,Current poor mental health among high school students,Grade,Grade 12,30.9
2021,Utah,Frequent mental distress among adults,Race/Ethnicity,"American Indian or Alaska Native, non-Hispanic",25.4
2021,Tennessee,Average mentally unhealthy days among adults,Overall,Overall,2.5
2021,United States,Postpartum depressive symptoms among women with a recent live birth,Race/Ethnicity,"Multiracial, non-Hispanic",17.8
2021,United States,Average mentally unhealthy days among adults,Race/Ethnicity,"Hawaiian or Pacific Islander, non-Hispanic",2.9
2021,Utah,Depression among adults,Race/Ethnicity,"Black, non-Hispanic",17.1
2021,Texas,Average mentally unhealthy days among adults,Race/Ethnicity,"Black, non-Hispanic",3.3
2021,Virginia,Frequent mental distress among adults,Age,Age 18-44,18.9
2021,United States,Average mentally unhealthy days among adults,Overall,Overall,3.1
2021,Utah,Depression among adults,Race/Ethnicity,"American Indian or Alaska Native, non-Hispanic",29.3
2021,Vermont,Depression among adults,Overall,Overall,26.5
2021,Vermont,Current poor mental health among high school students,Overall,Overall,35.1
2021,Virginia,Depression among adults,Age,Age 45-64,18.0
2021,Utah,Depression among adults,Age,Age >=65,16.3
2021,Vermont,Frequent mental distress among adults,Sex,Male,13.4
2021,Utah,Depression among adults,Race/Ethnicity,"Multiracial, non-Hispanic",32.8
2021,Utah,Average mentally unhealthy days among adults,Age,Age 18-44,4.3
2021,Tennessee,Current poor mental health among high school students,Sex,Male,16.5
2021,Tennessee,Average mentally unhealthy days among adults,Race/Ethnicity,"White, non-Hispanic",2.6
2021,United States,Frequent mental distress among adults,Sex,Male,12.0
2021,United States,Depression among adults,Race/Ethnicity,Hispanic,15.6
2021,Washington,Frequent mental distress among adults,Race/Ethnicity,"Black, non-Hispanic",15.9
2021,Vermont,Current poor mental health among high school students,Grade,Grade 12,36.4
2021,Washington,Average mentally unhealthy days among adults,Race/Ethnicity,"Multiracial, non-Hispanic",5.5
2021,Utah,Frequent mental distress among adults,Race/Ethnicity,"Multiracial, non-Hispanic",24.5
2021,United States,Depression among adults,Overall,Overall,19.8
2021,Washington,Average mentally unhealthy days among adults,Age,Age 18-44,3.9
2021,Utah,Frequent mental distress among adults,Age,Age 18-44,21.7
2021,Vermont,Average mentally unhealthy days among adults,Sex,Female,4.5
2021,United States,Depression among adults,Race/Ethnicity,"American Indian or Alaska Native, non-Hispanic",24.3
2021,United States,Average mentally unhealthy days among adults,Age,Age 45-64,3.2
2021,Washington,Frequent mental distress among adults,Race/Ethnicity,"American Indian or Alaska Native, non-Hispanic",20.8
2021,Tennessee,Depression among adults,Race/Ethnicity,"White, non-Hispanic",26.1
2021,Texas,Depression among adults,Sex,Female,24.0
2021,Utah,Depression among adults,Race/Ethnicity,"American Indian or Alaska Native, non-Hispanic",24.0
2021,Texas,Frequent mental distress among adults,Overall,Overall,14.0
2021,Virginia,Frequent mental distress among adults,Race/Ethnicity,"Asian, non-Hispanic",11.4
2021,United States,Average mentally unhealthy days among adults,Sex,Female,3.3
2021,Vermont,Current poor mental health among high school students,Sex,Male,21.4
2021,Tennessee,Frequent mental distress among adults,Race/Ethnicity,"Black, non-Hispanic",19.1
2021,Tennessee,Frequent mental distress among adults,Race/Ethnicity,"Multiracial, non-Hispanic",29.0
2021,Texas,Average mentally unhealthy days among adults,Race/Ethnicity,"Black, non-Hispanic",3.4
2021,Virginia,Current poor mental health among high school students,Race/Ethnicity,Hispanic,27.6
2021,Utah,Depression among adults,Overall,Overall,24.0
2021,Utah,Depression among adults,Race/Ethnicity,"White, non-Hispanic",25.7
2021,Tennessee,Current poor mental health among high school students,Grade,Grade 11,33.4
2021,United States,Depression among adults,Race/Ethnicity,Hispanic,15.5
2021,Utah,Frequent mental distress among adults,Sex,Female,20.3
2021,United States,Depression among adults,Race/Ethnicity,"White, non-Hispanic",22.2
2021,Tennessee,Depression among adults,Race/Ethnicity,"American Indian or Alaska Native, non-Hispanic",32.3
2021,Vermont,Current poor mental health among high school students,Grade,Grade 9,30.7
2021,United States,Frequent mental distress among adults,Race/Ethnicity,"White, non-Hispanic",14.9
2021,Virginia,Current poor mental health among high school students,Overall,Overall,31.7
2021,Texas,Depression among adults,Overall,Overall,18.6
2021,United States,Postpartum depressive symptoms among women with a recent live birth,Race/Ethnicity,Hispanic,11.2
2021,Virginia,Depression among adults,Sex,Male,14.7
2021,United States,Current poor mental health among high school students,Race/Ethnicity,"American Indian or Alaska Native, non-Hispanic",31.1
2021,Utah,Postpartum depressive symptoms among women with a recent live birth,Overall,Overall,16.5
2021,Tennessee,Postpartum depressive symptoms among women with a recent live birth,Overall,Overall,13.0
2021,Virginia,Frequent mental distress among adults,Race/Ethnicity,"Multiracial, non-Hispanic",19.7
2021,Tennessee,Frequent mental distress among adults,Sex,Female,22.1
2021,Washington,Frequent mental distress among adults,Age,Age 18-44,20.4
2021,Washington,Frequent mental distress among adults,Race/Ethnicity,"Multiracial, non-Hispanic",24.8
2021,Texas,Frequent mental distress among adults,Race/Ethnicity,"White, non-Hispanic",15.2
2021,Tennessee,Frequent mental distress among adults,Overall,Overall,18.0
2021,Texas,Current poor mental health among high school students,Grade,Grade 10,30.2
2021,United States,Current poor mental health among high school students,Race/Ethnicity,"Multiracial, non-Hispanic",33.0
2021,Tennessee,Postpartum depressive symptoms among women with a recent live birth,Race/Ethnicity,"Black, non-Hispanic",19.0
2021,Vermont,Frequent mental distress among adults,Overall,Overall,15.6
2021,Washington,Depression among adults,Overall,Overall,23.7
2021,Vermont,Average mentally unhealthy days among adults,Age,Age >=65,3.6
2021,Washington,Average mentally unhealthy days among adults,Race/Ethnicity,"Asian, non-Hispanic",4.5
2021,United States,Frequent mental distress among adults,Age,Age 45-64,13.5
2021,Virginia,Depression among adults,Race/Ethnicity,"Black, non-Hispanic",15.9
2021,Washington,Depression among adults,Sex,Female,29.9
2021,Tennessee,Frequent mental distress among adults,Age,Age 18-44,21.8
2021,Vermont,Frequent mental distress among adults,Race/Ethnicity,Hispanic,22.7
2021,Texas,Average mentally unhealthy days among adults,Age,Age 45-64,3.3
2021,Washington,Postpartum depressive symptoms among women with a recent live birth,Overall,Overall,11.6
2021,Tennessee,Depression among adults,Age,Age 45-64,26.5
2021,Tennessee,Average mentally unhealthy days among adults,Race/Ethnicity,"Black, non-Hispanic",2.5
2021,Virgin Islands,Depression among adults,Race/Ethnicity,Hispanic,9.9
2021,Tennessee,Depression among adults,Race/Ethnicity,Hispanic,21.9
2021,United States,Postpartum depressive symptoms among women with a recent live birth,Race/Ethnicity,"American Indian or Alaska Native, non-Hispanic",15.8
2021,Washington,Depression among adults,Race/Ethnicity,Hispanic,15.6
2021,Vermont,Depression among adults,Race/Ethnicity,Hispanic,21.3
2021,Virginia,Postpartum depressive symptoms among women with a recent live birth,Race/Ethnicity,"White, non-Hispanic",9.1
2021,Texas,Depression among adults,Age,Age 18-44,19.4
2021,United States,Depression among adults,Age,Age >=65,14.6
2021,United States,Postpartum depressive symptoms among women with a recent live birth,Race/Ethnicity,"Asian, non-Hispanic",21.1
2021,Virginia,Average mentally unhealthy days among adults,Age,Age 45-64,3.7
2021,Virginia,Current poor mental health among high school students,Race/Ethnicity,"Asian, non-Hispanic",31.9
2021,Utah,Frequent mental distress among adults,Race/Ethnicity,"American Indian or Alaska Native, non-Hispanic",29.6
2021,Vermont,Current poor mental health among high school students,Race/Ethnicity,"American Indian or Alaska Native, non-Hispanic",46.7
2021,Washington,Frequent mental distress among adults,Overall,Overall,15.4
2021,Vermont,Depression among adults,Race/Ethnicity,"White, non-Hispanic",25.4
2021,Utah,Depression among adults,Race/Ethnicity,Hispanic,20.3
2021,Vermont,Frequent mental distress among adults,Race/Ethnicity,"Multiracial, non-Hispanic",20.4
2021,Utah,Frequent mental distress among adults,Race/Ethnicity,"White, non-Hispanic",16.4
2021,Texas,Average mentally unhealthy days among adults,Sex,Female,3.1
2021,Washington,Depression among adults,Race/Ethnicity,"Asian, non-Hispanic",10.3
2021,Washington,Frequent mental distress among adults,Sex,Female,19.6
2021,Texas,Average mentally unhealthy days among adults,Overall,Overall,3.3
2021,Tennessee,Current poor mental health among high school students,Race/Ethnicity,Hispanic,21.5
2021,Utah,Postpartum depressive symptoms among women with a recent live birth,Race/Ethnicity,Hispanic,13.1
2021,Vermont,Depression among adults,Race/Ethnicity,Hispanic,23.1
2021,Virginia,Current poor mental health among high school students,Race/Ethnicity,"White, non-Hispanic",34.5
2021,United States,Frequent mental distress among adults,Overall,Overall,15.1
2021,Utah,Current poor mental health among high school students,Race/Ethnicity,"Multiracial, non-Hispanic",35.1
2021,Tennessee,Average mentally unhealthy days among adults,Age,Age >=65,2.5
2021,Virginia,Frequent mental distress among adults,Race/Ethnicity,"Asian, non-Hispanic",10.1
2021,Utah,Frequent mental distress among adults,Race/Ethnicity,Hispanic,18.1
2021,Virginia,Average mentally unhealthy days among adults,Sex,Female,3.5
2021,United States,Depression among adults,Overall,Overall,19.5
2021,Washington,Average mentally unhealthy days among adults,Race/Ethnicity,"White, non-Hispanic",4.1
2021,Washington,Postpartum depressive symptoms among women with a recent live birth,Race/Ethnicity,"Multiracial, non-Hispanic",11.8
2021,Utah,Frequent mental distress among adults,Age,Age 45-64,12.9
2021,Vermont,Average mentally unhealthy days among adults,Overall,Overall,3.9
2021,Texas,Depression among adults,Race/Ethnicity,"White, non-Hispanic",23.0
2021,Tennessee,Depression among adults,Race/Ethnicity,"Multiracial, non-Hispanic",35.9
2021,Utah,Average mentally unhealthy days among adults,Age,Age >=65,2.8
2021,Vermont,Postpartum depressive symptoms among women with a recent live birth,Overall,Overall,8.7
2021,Tennessee,Depression among adults,Age,Age >=65,16.9
2021,United States,Frequent mental distress among adults,Sex,Male,12.2
2021,Virgin Islands,Depression among adults,Age,Age 18-44,7.1
2021,Tennessee,Depression among adults,Race/Ethnicity,"Black, non-Hispanic",21.9
2021,Vermont,Frequent mental distress among adults,Age,Age 18-44,21.8
2021,Virginia,Frequent mental distress among adults,Age,Age 45-64,13.7
2021,Washington,Frequent mental distress among adults,Race/Ethnicity,"Asian, non-Hispanic",7.1
2021,Virgin Islands,Frequent mental distress among adults,Overall,Overall,13.0
2021,United States,Frequent mental distress among adults,Race/Ethnicity,"Black, non-Hispanic",15.7
2021,Vermont,Average mentally unhealthy days among adults,Race/Ethnicity,"White, non-Hispanic",3.7
2021,Virginia,Frequent mental distress among adults,Race/Ethnicity,"White, non-Hispanic",16.7
2021,United States,Average mentally unhealthy days among adults,Age,Age 18-44,3.4
2021,Virginia,Current poor mental health among high school students,Grade,Grade 10,29.7
2021,Tennessee,Average mentally unhealthy days among adults,Age,Age 45-64,2.9
2021,Utah,Current poor mental health among high school students,Sex,Male,16.1
2021,Virginia,Depression among adults,Age,Age 18-44,23.4
2021,Texas,Frequent mental distress among adults,Sex,Male,12.1
2021,Virginia,Depression among adults,Race/Ethnicity,"White, non-Hispanic",23.8
2021,Virginia,Depression among adults,Race/Ethnicity,"Multiracial, non-Hispanic",28.0
2021,Texas,Frequent mental distress among adults,Overall,Overall,14.1
2021,Tennessee,Depression among adults,Race/Ethnicity,"American Indian or Alaska Native, non-Hispanic",35.2
2021,United States,Frequent mental distress among adults,Race/Ethnicity,"White, non-Hispanic",16.3
2021,United States,Average mentally unhealthy days among adults,Race/Ethnicity,"White, non-Hispanic",3.2
2021,Vermont,Postpartum depressive symptoms among women with a recent live birth,Race/Ethnicity,"White, non-Hispanic",7.9
2021,Virginia,Average mentally unhealthy days among adults,Race/Ethnicity,"White, non-Hispanic",3.5
2021,Texas,Current poor mental health among high school students,Overall,Overall,31.3
2021,Washington,Average mentally unhealthy days among adults,Age,Age 45-64,4.6
2021,Tennessee,Frequent mental distress among adults,Race/Ethnicity,"Multiracial, non-Hispanic",33.3
2021,Utah,Frequent mental distress among adults,Race/Ethnicity,Hispanic,16.7
2021,Tennessee,Average mentally unhealthy days among adults,Age,Age 18-44,2.2
2021,Texas,Depression among adults,Age,Age >=65,15.7
2021,Tennessee,Depression among adults,Sex,Male,18.6
2021,Texas,Depression among adults,Sex,Male,12.9
2021,Utah,Depression among adults,Sex,Female,32.1
2021,Virginia,Postpartum depressive symptoms among women with a recent live birth,Race/Ethnicity,Hispanic,11.3
2021,Tennessee,Frequent mental distress among adults,Age,Age >=65,11.9
2021,United States,Depression among adults,Race/Ethnicity,"White, non-Hispanic",23.6
2021,Utah,Average mentally unhealthy days among adults,Overall,Overall,4.1
2021,Washington,Depression among adults,Sex,Male,16.8
2021,Virginia,Frequent mental distress among adults,Race/Ethnicity,"American Indian or Alaska Native, non-Hispanic",23.7
2021,Tennessee,Frequent mental distress among adults,Race/Ethnicity,"American Indian or Alaska Native, non-Hispanic",25.7
2021,Tennessee,Frequent mental distress among adults,Race/Ethnicity,"Black, non-Hispanic",19.1
2021,Tennessee,Current poor mental health among high school students,Overall,Overall,29.0
2021,Texas,Frequent mental distress among adults,Age,Age 45-64,14.1
2021,Virginia,Frequent mental distress among adults,Sex,Male,11.3
2021,Utah,Depression among adults,Overall,Overall,24.5
2021,Virgin Islands,Frequent mental distress among adults,Overall,Overall,12.9
2021,Tennessee,Average mentally unhealthy days among adults,Race/Ethnicity,"American Indian or Alaska Native, non-Hispanic",0.0
2021,Washington,Depression among adults,Race/Ethnicity,"White, non-Hispanic",26.6
2021,Texas,Frequent mental distress among adults,Race/Ethnicity,"White, non-Hispanic",16.8
2021,Texas,Current poor mental health among high school students,Race/Ethnicity,Hispanic,30.7
2021,Utah,Current poor mental health among high school students,Grade,Grade 12,25.7
2021,Tennessee,Depression among adults,Age,Age 18-44,28.6
2021,Washington,Depression among adults,Race/Ethnicity,Hispanic,15.2
2021,United States,Depression among adults,Sex,Male,14.3
2021,Virginia,Current poor mental health among high school students,Race/Ethnicity,"Multiracial, non-Hispanic",33.9
2021,Tennessee,Frequent mental distress among adults,Sex,Female,21.3
2021,Washington,Frequent mental distress among adults,Age,Age >=65,8.3
2021,Vermont,Current poor mental health among high school students,Race/Ethnicity,Hispanic,38.5
2021,Vermont,Frequent mental distress among adults,Sex,Female,19.3
2021,Washington,Frequent mental distress among adults,Race/Ethnicity,"Multiracial, non-Hispanic",21.0
2021,Utah,Frequent mental distress among adults,Sex,Male,12.7
2021,Washington,Postpartum depressive symptoms among women with a recent live birth,Race/Ethnicity,"Black, non-Hispanic",15.9
2021,Virgin Islands,Depression among adults,Race/Ethnicity,Hispanic,10.0
2021,Virginia,Postpartum depressive symptoms among women with a recent live birth,Overall,Overall,11.4
2021,Washington,Depression among adults,Overall,Overall,23.4
2021,Vermont,Current poor mental health among high school students,Sex,Female,49.1
2021,United States,Depression among adults,Race/Ethnicity,"Black, non-Hispanic",15.6
2021,United States,Current poor mental health among high school students,Overall,Overall,29.3
2021,Texas,Frequent mental distress among adults,Sex,Male,12.1
2021,United States,Average mentally unhealthy days among adults,Sex,Male,2.9
2021,Utah,Depression among adults,Race/Ethnicity,"Asian, non-Hispanic",7.5
2021,Vermont,Average mentally unhealthy days among adults,Sex,Male,3.4
2021,United States,Current poor mental health among high school students,Race/Ethnicity,Hispanic,29.7
2021,Virginia,Depression among adults,Race/Ethnicity,"Asian, non-Hispanic",8.6
2021,Vermont,Current poor mental health among high school students,Race/Ethnicity,"Asian, non-Hispanic",23.4
2021,Utah,Current poor mental health among high school students,Sex,Female,41.1
2021,United States,Frequent mental distress among adults,Overall,Overall,14.7
2021,Texas,Frequent mental distress among adults,Race/Ethnicity,Hispanic,12.3
2021,Virgin Islands,Frequent mental distress among adults,Age,Age 18-44,13.7
2021,Tennessee,Current poor mental health among high school students,Race/Ethnicity,"White, non-Hispanic",31.6
2021,Utah,Frequent mental distress among adults,Sex,Male,13.3
2021,Washington,Postpartum depressive symptoms among women with a recent live birth,Race/Ethnicity,"Asian, non-Hispanic",12.8
2021,Washington,Depression among adults,Race/Ethnicity,"Black, non-Hispanic",23.4
2021,United States,Frequent mental distress among adults,Sex,Female,17.2
2021,Tennessee,Current poor mental health among high school students,Race/Ethnicity,"Multiracial, non-Hispanic",31.8
2021,Virginia,Average mentally unhealthy days among adults,Race/Ethnicity,"White, non-Hispanic",3.8
2021,Virginia,Average mentally unhealthy days among adults,Race/Ethnicity,"Black, non-Hispanic",3.5
2021,United States,Depression among adults,Age,Age 18-44,22.2
2021,United States,Current poor mental health among high school students,Grade,Grade 10,29.6
2021,United States,Depression among adults,Race/Ethnicity,"Asian, non-Hispanic",9.1
2021,Washington,Postpartum depressive symptoms among women with a recent live birth,Race/Ethnicity,"White, non-Hispanic",10.6
2021,Tennessee,Average mentally unhealthy days among adults,Race/Ethnicity,"American Indian or Alaska Native, non-Hispanic",0.0
2021,Washington,Frequent mental distress among adults,Overall,Overall,15.9
2021,Texas,Depression among adults,Race/Ethnicity,Hispanic,16.2
2021,Texas,Average mentally unhealthy days among adults,Race/Ethnicity,"White, non-Hispanic",3.1
2021,Texas,Frequent mental distress among adults,Sex,Female,16.0
2021,United States,Frequent mental distress among adults,Race/Ethnicity,Hispanic,13.4
2021,Texas,Current poor mental health among high school students,Race/Ethnicity,"Asian, non-Hispanic",39.9
2021,Vermont,Frequent mental distress among adults,Age,Age 45-64,14.2
2021,Virginia,Frequent mental distress among adults,Race/Ethnicity,Hispanic,11.9
2021,Washington,Average mentally unhealthy days among adults,Overall,Overall,4.0
2021,Tennessee,Frequent mental distress among adults,Race/Ethnicity,"White, non-Hispanic",17.3
2021,Vermont,Current poor mental health among high school students,Race/Ethnicity,"White, non-Hispanic",35.1
2021,Utah,Postpartum depressive symptoms among women with a recent live birth,Race/Ethnicity,"Asian, non-Hispanic",21.1
2021,Utah,Average mentally unhealthy days among adults,Race/Ethnicity,Hispanic,2.8
2021,Virginia,Depression among adults,Overall,Overall,20.1
2021,Tennessee,Depression among adults,Race/Ethnicity,"Multiracial, non-Hispanic",33.2
2021,Utah,Frequent mental distress among adults,Race/Ethnicity,"White, non-Hispanic",16.7
2021,Virgin Islands,Frequent mental distress among adults,Sex,Female,17.5
2021,Washington,Depression among adults,Race/Ethnicity,"American Indian or Alaska Native, non-Hispanic",31.6
2021,Texas,Average mentally unhealthy days among adults,Overall,Overall,3.4
2021,United States,Depression among adults,Race/Ethnicity,"Multiracial, non-Hispanic",25.8
2021,Virginia,Depression among adults,Race/Ethnicity,"White, non-Hispanic",22.4
2021,Virginia,Depression among adults,Race/Ethnicity,"Multiracial, non-Hispanic",24.9
2021,United States,Current poor mental health among high school students,Race/Ethnicity,"White, non-Hispanic",30.2
2021,Washington,Frequent mental distress among adults,Race/Ethnicity,"Asian, non-Hispanic",6.5
2021,Washington,Average mentally unhealthy days among adults,Race/Ethnicity,Hispanic,3.2
2021,United States,Depression among adults,Race/Ethnicity,"Hawaiian or Pacific Islander, non-Hispanic",11.3
2021,Utah,Average mentally unhealthy days among adults,Sex,Male,3.4
2021,United States,Frequent mental distress among adults,Race/Ethnicity,"Black, non-Hispanic",16.0
2021,Texas,Frequent mental distress among adults,Race/Ethnicity,"Black, non-Hispanic",16.7
2021,United States,Average mentally unhealthy days among adults,Age,Age >=65,2.4
2021,Texas,Depression among adults,Race/Ethnicity,"White, non-Hispanic",24.3
2021,Texas,Average mentally unhealthy days among adults,Sex,Male,3.6
2021,Texas,Frequent mental distress among adults,Race/Ethnicity,"Multiracial, non-Hispanic",16.0
2021,Virginia,Frequent mental distress among adults,Race/Ethnicity,"White, non-Hispanic",15.3
2021,Texas,Average mentally unhealthy days among adults,Age,Age >=65,2.6
2021,Texas,Current poor mental health among high school students,Race/Ethnicity,"Multiracial, non-Hispanic",43.1
2021,United States,Average mentally unhealthy days among adults,Race/Ethnicity,"White, non-Hispanic",3.3
2021,Vermont,Depression among adults,Age,Age 18-44,31.1
2021,Tennessee,Frequent mental distress among adults,Race/Ethnicity,Hispanic,25.5
2021,Tennessee,Current poor mental health among high school students,Grade,Grade 9,26.3
2021,Vermont,Average mentally unhealthy days among adults,Age,Age 45-64,3.9
2021,Utah,Depression among adults,Sex,Female,31.8
2021,Virginia,Depression among adults,Age,Age >=65,14.1
2021,Tennessee,Depression among adults,Overall,Overall,25.9
2021,Washington,Average mentally unhealthy days among adults,Race/Ethnicity,Hispanic,3.7
2021,Tennessee,Average mentally unhealthy days among adults,Sex,Male,2.1
2021,Washington,Depression among adults,Race/Ethnicity,"White, non-Hispanic",28.0
2021,Utah,Average mentally unhealthy days among adults,Sex,Male,3.5
2021,Utah,Average mentally unhealthy days among adults,Overall,Overall,4.1
2021,Utah,Current poor mental health among high school students,Grade,Grade 11,31.3
2021,Texas,Depression among adults,Race/Ethnicity,"American Indian or Alaska Native, non-Hispanic",28.0
2021,Utah,Frequent mental distress among adults,Overall,Overall,16.5
2021,Washington,Depression among adults,Race/Ethnicity,"Multiracial, non-Hispanic",33.1
2021,Washington,Average mentally unhealthy days among adults,Race/Ethnicity,"White, non-Hispanic",4.1
2021,United States,Depression among adults,Sex,Male,14.5
2021,Texas,Current poor mental health among high school students,Grade,Grade 9,29.2
2021,Vermont,Average mentally unhealthy days among adults,Race/Ethnicity,"White, non-Hispanic",3.7
2021,Virgin Islands,Frequent mental distress among adults,Race/Ethnicity,"Black, non-Hispanic",13.5
2021,Vermont,Depression among adults,Race/Ethnicity,"Multiracial, non-Hispanic",32.1
2021,Virginia,Average mentally unhealthy days among adults,Age,Age 18-44,3.4
2021,Tennessee,Depression among adults,Sex,Male,18.9
2021,Texas,Current poor mental health among high school students,Sex,Male,19.5
2021,Texas,Depression among adults,Sex,Male,13.0
2021,Washington,Average mentally unhealthy days among adults,Overall,Overall,4.0
2021,Utah,Average mentally unhealthy days among adults,Race/Ethnicity,"Black, non-Hispanic",0.0
2021,Utah,Current poor mental health among high school students,Grade,Grade 9,25.1
2021,Tennessee,Frequent mental distress among adults,Sex,Male,14.5
2021,Washington,Frequent mental distress among adults,Sex,Male,12.3
2021,United States,Current poor mental health among high school students,Race/Ethnicity,"Hawaiian or Pacific Islander, non-Hispanic",20.1
2021,Tennessee,Postpartum depressive symptoms among women with a recent live birth,Race/Ethnicity,Hispanic,4.9
2021,Texas,Average mentally unhealthy days among adults,Race/Ethnicity,Hispanic,3.2
2021,Washington,Depression among adults,Age,Age 45-64,22.2
2021,Virginia,Frequent mental distress among adults,Sex,Male,10.9
2021,Virginia,Current poor mental health among high school students,Race/Ethnicity,"Black, non-Hispanic",28.1
2021,Vermont,Current poor mental health among high school students,Race/Ethnicity,"Multiracial, non-Hispanic",42.4
2021,United States,Frequent mental distress among adults,Age,Age >=65,8.5
2021,Utah,Depression among adults,Race/Ethnicity,Hispanic,21.5
2021,Utah,Depression among adults,Age,Age 45-64,20.8
2021,Virginia,Postpartum depressive symptoms among women with a recent live birth,Race/Ethnicity,"Asian, non-Hispanic",31.2
2021,Vermont,Frequent mental distress among adults,Sex,Female,17.7
2021,Utah,Postpartum depressive symptoms among women with a recent live birth,Race/Ethnicity,"White, non-Hispanic",17.0
2021,United States,Frequent mental distress among adults,Race/Ethnicity,"Multiracial, non-Hispanic",22.0
2021,Washington,Depression among adults,Sex,Male,17.0
2021,Virginia,Depression among adults,Race/Ethnicity,"Asian, non-Hispanic",7.7
2021,Texas,Frequent mental distress among adults,Age,Age 18-44,15.9
2021,United States,Postpartum depressive symptoms among women with a recent live birth,Race/Ethnicity,"Black, non-Hispanic",15.9
2021,United States,Current poor mental health among high school students,Grade,Grade 9,26.5
2021,Texas,Depression among adults,Race/Ethnicity,"Black, non-Hispanic",15.5
2021,Virgin Islands,Average mentally unhealthy days among adults,Overall,Overall,3.5
2021,Utah,Average mentally unhealthy days among adults,Race/Ethnicity,Hispanic,2.8
2021,Washington,Average mentally unhealthy days among adults,Sex,Male,3.9
2021,Tennessee,Average mentally unhealthy days among adults,Race/Ethnicity,"Black, non-Hispanic",2.5
2021,Tennessee,Frequent mental distress among adults,Race/Ethnicity,"American Indian or Alaska Native, non-Hispanic",29.0
2021,Washington,Frequent mental distress among adults,Race/Ethnicity,"White, non-Hispanic",16.2
2021,Virginia,Frequent mental distress among adults,Overall,Overall,14.7
2021,Virginia,Frequent mental distress among adults,Race/Ethnicity,"Black, non-Hispanic",15.8
2021,Texas,Depression among adults,Race/Ethnicity,"Multiracial, non-Hispanic",26.6
2021,Utah,Frequent mental distress among adults,Race/Ethnicity,"Asian, non-Hispanic",8.4
2021,Vermont,Average mentally unhealthy days among adults,Sex,Male,3.3
2021,Vermont,Average mentally unhealthy days among adults,Sex,Female,4.4
2021,United States,Depression among adults,Sex,Female,25.1
2021,Tennessee,Average mentally unhealthy days among adults,Overall,Overall,2.5
2021,Virginia,Depression among adults,Overall,Overall,19.6
2021,United States,Postpartum depressive symptoms among women with a recent live birth,Race/Ethnicity,"White, non-Hispanic",11.3
2021,Texas,Depression among adults,Race/Ethnicity,Hispanic,16.1
2021,Texas,Frequent mental distress among adults,Race/Ethnicity,Hispanic,12.9
2021,Utah,Depression among adults,Race/Ethnicity,"Black, non-Hispanic",19.2
2021,Texas,Current poor mental health among high school students,Race/Ethnicity,"White, non-Hispanic",31.6
2021,Virginia,Depression among adults,Race/Ethnicity,Hispanic,16.1
2021,United States,Frequent mental distress among adults,Race/Ethnicity,Hispanic,12.9
2021,Virginia,Depression among adults,Sex,Female,24.7
2021,Virginia,Frequent mental distress among adults,Age,Age >=65,7.0
2021,Utah,Average mentally unhealthy days among adults,Race/Ethnicity,"White, non-Hispanic",4.4
2021,United States,Average mentally unhealthy days among adults,Overall,Overall,3.1
2021,Virginia,Average mentally unhealthy days among adults,Sex,Male,2.9
2021,Utah,Average mentally unhealthy days among adults,Sex,Female,4.7
2021,Virginia,Frequent mental distress among adults,Race/Ethnicity,Hispanic,11.4
2021,Washington,Average mentally unhealthy days among adults,Sex,Female,4.1
2021,United States,Depression among adults,Age,Age 45-64,19.0
2021,Tennessee,Frequent mental distress among adults,Race/Ethnicity,Hispanic,26.0
2021,Washington,Frequent mental distress among adults,Race/Ethnicity,Hispanic,13.5
2021,Texas,Frequent mental distress among adults,Race/Ethnicity,"Black, non-Hispanic",16.9
2021,United States,Average mentally unhealthy days among adults,Sex,Male,3.0
2021,Tennessee,Depression among adults,Sex,Female,32.6
2021,United States,Average mentally unhealthy days among adults,Race/Ethnicity,"Hawaiian or Pacific Islander, non-Hispanic",2.9
2021,Vermont,Depression among adults,Sex,Male,20.6
2021,Texas,Current poor mental health among high school students,Grade,Grade 11,32.9
2021,Tennessee,Frequent mental distress among adults,Age,Age 45-64,17.1
2021,Tennessee,Current poor mental health among high school students,Sex,Female,41.2
2021,Texas,Average mentally unhealthy days among adults,Sex,Male,3.6
2021,Washington,Frequent mental distress among adults,Race/Ethnicity,"Black, non-Hispanic",15.9
2021,United States,Frequent mental distress among adults,Sex,Female,18.0
2021,Washington,Depression among adults,Race/Ethnicity,"Black, non-Hispanic",23.8
2021,Tennessee,Current poor mental health among high school students,Race/Ethnicity,"Black, non-Hispanic",19.8
2021,Vermont,Depression among adults,Overall,Overall,25.4
2021,Virginia,Current poor mental health among high school students,Sex,Male,20.4
2021,Virginia,Current poor mental health among high school students,Grade,Grade 12,39.1
2021,Texas,Current poor mental health among high school students,Race/Ethnicity,"Black, non-Hispanic",28.6
2021,Utah,Depression among adults,Sex,Male,16.8
2021,United States,Current poor mental health among high school students,Sex,Female,40.8
2021,Vermont,Current poor mental health among high school students,Grade,Grade 11,38.2
2021,Utah,Frequent mental distress among adults,Race/Ethnicity,"Multiracial, non-Hispanic",25.0
2021,Washington,Average mentally unhealthy days among adults,Race/Ethnicity,"Multiracial, non-Hispanic",5.3
2021,Utah,Frequent mental distress among adults,Age,Age >=65,8.8
2021,United States,Current poor mental health among high school students,Grade,Grade 11,30.3
2021,Washington,Average mentally unhealthy days among adults,Age,Age >=65,3.3
2021,Tennessee,Average mentally unhealthy days among adults,Race/Ethnicity,"White, non-Hispanic",2.6
2021,Virginia,Average mentally unhealthy days among adults,Overall,Overall,3.3
2021,Utah,Average mentally unhealthy days among adults,Race/Ethnicity,"Black, non-Hispanic",0.0
2021,Vermont,Depression among adults,Sex,Female,30.5
2021,Utah,Depression among adults,Race/Ethnicity,"Multiracial, non-Hispanic",33.6
2021,Vermont,Frequent mental distress among adults,Race/Ethnicity,"White, non-Hispanic",16.6
2021,Tennessee,Average mentally unhealthy days among adults,Sex,Male,2.1
2021,Tennessee,Average mentally unhealthy days among adults,Sex,Female,2.9
2021,Virgin Islands,Frequent mental distress among adults,Sex,Male,8.0
2021,Washington,Depression among adults,Race/Ethnicity,"American Indian or Alaska Native, non-Hispanic",31.5
2021,United States,Depression among adults,Race/Ethnicity,"Multiracial, non-Hispanic",26.8
2021,Washington,Frequent mental distress among adults,Sex,Male,12.4
2021,Washington,Depression among adults,Age,Age 18-44,26.5
2021,Virginia,Average mentally unhealthy days among adults,Race/Ethnicity,"Black, non-Hispanic",3.8
2021,Virginia,Depression among adults,Sex,Male,14.3
2021,Vermont,Depression among adults,Age,Age >=65,19.7
2021,Virginia,Frequent mental distress among adults,Sex,Female,19.2
2021,Vermont,Depression among adults,Race/Ethnicity,"Multiracial, non-Hispanic",33.3
2021,United States,Current poor mental health among high school students,Race/Ethnicity,"Asian, non-Hispanic",22.8
2021,Tennessee,Depression among adults,Overall,Overall,25.2
2021,Tennessee,Current poor mental health among high school students,Grade,Grade 12,31.6
2021,Utah,Depression among adults,Age,Age 18-44,28.8
2021,Washington,Depression among adults,Age,Age >=65,18.4
2021,Utah,Current poor mental health among high school students,Overall,Overall,28.5
2021,United States,Current poor mental health among high school students,Race/Ethnicity,"Black, non-Hispanic",26.5
2021,Texas,Frequent mental distress among adults,Race/Ethnicity,"American Indian or Alaska Native, non-Hispanic",22.0
2021,Texas,Depression among adults,Race/Ethnicity,"American Indian or Alaska Native, non-Hispanic",26.8
2021,Virginia,Current poor mental health among high school students,Grade,Grade 9,25.2
2021,Washington,Depression among adults,Sex,Female,30.5
2021,Washington,Average mentally unhealthy days among adults,Sex,Female,4.1
2021,Utah,Frequent mental distress among adults,Overall,Overall,17.1
2021,Virginia,Average mentally unhealthy days among adults,Age,Age >=65,2.1
2021,United States,Postpartum depressive symptoms among women with a recent live birth,Race/Ethnicity,"Hawaiian or Pacific Islander, non-Hispanic",26.2
2021,Washington,Depression among adults,Race/Ethnicity,"Multiracial, non-Hispanic",35.2
2021,Tennessee,Depression among adults,Race/Ethnicity,"White, non-Hispanic",27.1
2021,Washington,Frequent mental distress among adults,Race/Ethnicity,"American Indian or Alaska Native, non-Hispanic",23.7
2021,Utah,Average mentally unhealthy days among adults,Sex,Female,4.7
2021,Utah,Depression among adults,Sex,Male,16.2
2021,Texas,Depression among adults,Sex,Female,24.0
2021,Vermont,Frequent mental distress among adults,Sex,Male,14.3
2021,Washington,Postpartum depressive symptoms among women with a recent live birth,Race/Ethnicity,Hispanic,13.5
2021,Utah,Frequent mental distress among adults,Sex,Female,20.8
2021,Washington,Frequent mental distress among adults,Race/Ethnicity,"White, non-Hispanic",17.8
2021,Utah,Average mentally unhealthy days among adults,Age,Age 45-64,4.3
2021,Virginia,Frequent mental distress among adults,Overall,Overall,15.3
2021,Vermont,Frequent mental distress among adults,Overall,Overall,16.8
2021,Texas,Depression among adults,Race/Ethnicity,"Multiracial, non-Hispanic",26.8
2021,Texas,Frequent mental distress among adults,Age,Age >=65,8.6
2021,Tennessee,Current poor mental health among high school students,Race/Ethnicity,"Asian, non-Hispanic",19.0
2021,Tennessee,Current poor mental health among high school students,Grade,Grade 10,26.4
2021,Virginia,Average mentally unhealthy days among adults,Sex,Male,3.0
2021,Texas,Depression among adults,Race/Ethnicity,"Black, non-Hispanic",15.5
2021,Utah,Current poor mental health among high school students,Race/Ethnicity,"White, non-Hispanic",28.2
2021,United States,Frequent mental distress among adults,Age,Age 18-44,18.4
2021,Texas,Frequent mental distress among adults,Sex,Female,15.9
2021,Utah,Current poor mental health among high school students,Grade,Grade 10,31.5
2021,United States,Frequent mental distress among adults,Race/Ethnicity,"Multiracial, non-Hispanic",20.6
2021,Texas,Depression among adults,Overall,Overall,18.6
2021,Vermont,Average mentally unhealthy days among adults,Age,Age 18-44,4.1
2021,United States,Average mentally unhealthy days among adults,Sex,Female,3.3
2021,Virginia,Frequent mental distress among adults,Race/Ethnicity,"Black, non-Hispanic",14.9
2021,United States,Postpartum depressive symptoms among women with a recent live birth,Overall,Overall,12.7
2021,Tennessee,Frequent mental distress among adults,Race/Ethnicity,"White, non-Hispanic",18.1
2021,Texas,Current poor mental health among high school students,Grade,Grade 12,32.9
2021,Vermont,Current poor mental health among high school students,Race/Ethnicity,"Black, non-Hispanic",26.1
2021,Washington,Average mentally unhealthy days among adults,Race/Ethnicity,"Asian, non-Hispanic",4.6
2021,Utah,Depression among adults,Race/Ethnicity,"White, non-Hispanic",25.6
2021,Washington,Frequent mental distress among adults,Age,Age 45-64,12.7
2021,Virginia,Postpartum depressive symptoms among women with a recent live birth,Race/Ethnicity,"Black, non-Hispanic",11.6
2021,Texas,Average mentally unhealthy days among adults,Race/Ethnicity,"White, non-Hispanic",3.0
2021,Utah,Postpartum depressive symptoms among women with a recent live birth,Race/Ethnicity,"Multiracial, non-Hispanic",24.3
2021,Tennessee,Frequent mental distress among adults,Overall,Overall,18.5
2021,Washington,Frequent mental distress among adults,Race/Ethnicity,Hispanic,15.3
2021,Tennessee,Frequent mental distress among adults,Sex,Male,14.7
2021,Texas,Average mentally unhealthy days among adults,Race/Ethnicity,Hispanic,3.3
2021,Virginia,Depression among adults,Race/Ethnicity,"Black, non-Hispanic",16.7
2021,Washington,Postpartum depressive symptoms among women with a recent live birth,Race/Ethnicity,"American Indian or Alaska Native, non-Hispanic",15.1
2021,Texas,Average mentally unhealthy days among adults,Age,Age 18-44,3.6
2022,District of Columbia,Frequent mental distress among adults,Sex,Male,11.7
2022,Delaware,Average mentally unhealthy days among adults,Race/Ethnicity,"Multiracial, non-Hispanic",7.2
2022,Delaware,Frequent mental distress among adults,Race/Ethnicity,"White, non-Hispanic",15.8
2022,Hawaii,Average mentally unhealthy days among adults,Race/Ethnicity,"White, non-Hispanic",4.6
2022,Alaska,Average mentally unhealthy days among adults,Race/Ethnicity,Hispanic,4.2
2022,Arizona,Average mentally unhealthy days among adults,Race/Ethnicity,"Asian, non-Hispanic",4.0
2022,Guam,Depression among adults,Race/Ethnicity,"Hawaiian or Pacific Islander, non-Hispanic",14.3
2021,West Virginia,Depression among adults,Race/Ethnicity,"Black, non-Hispanic",28.1
2021,Wisconsin,Frequent mental distress among adults,Race/Ethnicity,"Black, non-Hispanic",21.2
2022,District of Columbia,Average mentally unhealthy days among adults,Race/Ethnicity,"Asian, non-Hispanic",3.8
2022,Arizona,Depression among adults,Race/Ethnicity,"Asian, non-Hispanic",16.9
2022,Arkansas,Depression among adults,Race/Ethnicity,Hispanic,18.0
2022,Connecticut,Frequent mental distress among adults,Age,Age 45-64,11.6
2022,Arizona,Frequent mental distress among adults,Race/Ethnicity,"Multiracial, non-Hispanic",25.9
2022,Alabama,Depression among adults,Sex,Female,30.1
2022,Colorado,Depression among adults,Race/Ethnicity,"White, non-Hispanic",22.2
2022,Hawaii,Frequent mental distress among adults,Race/Ethnicity,Hispanic,19.2
2022,Florida,Depression among adults,Race/Ethnicity,"Multiracial, non-Hispanic",27.5
2022,Georgia,Frequent mental distress among adults,Race/Ethnicity,"White, non-Hispanic",17.7
2021,Wyoming,Frequent mental distress among adults,Overall,Overall,15.8
2022,Florida,Frequent mental distress among adults,Race/Ethnicity,"Black, non-Hispanic",15.9
2022,Delaware,Depression among adults,Sex,Male,14.9
2021,Wisconsin,Frequent mental distress among adults,Overall,Overall,14.3
2022,District of Columbia,Average mentally unhealthy days among adults,Race/Ethnicity,Hispanic,4.8
2022,Alaska,Frequent mental distress among adults,Race/Ethnicity,"American Indian or Alaska Native, non-Hispanic",17.3
2022,California,Average mentally unhealthy days among adults,Race/Ethnicity,"Multiracial, non-Hispanic",6.1
2022,Arizona,Depression among adults,Race/Ethnicity,"Black, non-Hispanic",17.6
2022,District of Columbia,Average mentally unhealthy days among adults,Race/Ethnicity,"White, non-Hispanic",4.2
2022,Georgia,Frequent mental distress among adults,Overall,Overall,16.4
2022,Guam,Frequent mental distress among adults,Race/Ethnicity,"Hawaiian or Pacific Islander, non-Hispanic",15.1
2022,Alaska,Frequent mental distress among adults,Race/Ethnicity,"Multiracial, non-Hispanic",18.3
2021,West Virginia,Current poor mental health among high school students,Grade,Grade 11,41.6
2022,California,Depression among adults,Race/Ethnicity,"Asian, non-Hispanic",10.2
2022,Connecticut,Average mentally unhealthy days among adults,Race/Ethnicity,"Asian, non-Hispanic",3.6
2022,Alabama,Average mentally unhealthy days among adults,Race/Ethnicity,"White, non-Hispanic",5.9
2022,Guam,Frequent mental distress among adults,Age,Age 18-44,16.5
2022,Arkansas,Average mentally unhealthy days among adults,Sex,Male,5.9
2022,Florida,Average mentally unhealthy days among adults,Race/Ethnicity,"Multiracial, non-Hispanic",5.9
2022,Georgia,Depression among adults,Age,Age >=65,14.7
2022,Guam,Frequent mental distress among adults,Sex,Male,18.2
2021,Wisconsin,Average mentally unhealthy days among adults,Race/Ethnicity,"White, non-Hispanic",3.5
2022,District of Columbia,Average mentally unhealthy days among adults,Overall,Overall,4.8
2021,Wyoming,Frequent mental distress among adults,Race/Ethnicity,Hispanic,11.2
2022,Georgia,Average mentally unhealthy days among adults,Race/Ethnicity,"Multiracial, non-Hispanic",5.9
2022,Delaware,Frequent mental distress among adults,Race/Ethnicity,"Black, non-Hispanic",13.3
2022,Connecticut,Frequent mental distress among adults,Race/Ethnicity,Hispanic,16.6
2022,Alabama,Frequent mental distress among adults,Race/Ethnicity,"Black, non-Hispanic",18.2
2022,Guam,Average mentally unhealthy days among adults,Race/Ethnicity,"White, non-Hispanic",3.8
2022,California,Depression among adults,Race/Ethnicity,"American Indian or Alaska Native, non-Hispanic",19.9
2021,Wisconsin,Average mentally unhealthy days among adults,Age,Age 45-64,3.1
2022,Connecticut,Depression among adults,Sex,Female,25.0
2022,Colorado,Average mentally unhealthy days among adults,Sex,Male,4.5
2022,Connecticut,Depression among adults,Overall,Overall,19.3
2022,Guam,Average mentally unhealthy days among adults,Age,Age 45-64,3.6
2022,Arkansas,Average mentally unhealthy days among adults,Race/Ethnicity,"Black, non-Hispanic",6.5
2022,Guam,Depression among adults,Race/Ethnicity,"Multiracial, non-Hispanic",18.6
2022,Delaware,Depression among adults,Race/Ethnicity,Hispanic,18.7
2021,Wisconsin,Postpartum depressive symptoms among women with a recent live birth,Race/Ethnicity,Hispanic,15.0
2022,Alaska,Average mentally unhealthy days among adults,Race/Ethnicity,"White, non-Hispanic",4.3
2022,District of Columbia,Depression among adults,Sex,Male,14.1
2022,Arkansas,Frequent mental distress among adults,Sex,Female,23.1
2022,Colorado,Depression among adults,Race/Ethnicity,Hispanic,18.8
2022,Georgia,Average mentally unhealthy days among adults,Overall,Overall,5.1
2022,Hawaii,Depression among adults,Race/Ethnicity,"Multiracial, non-Hispanic",15.4
2022,California,Frequent mental distress among adults,Race/Ethnicity,"White, non-Hispanic",16.6
2022,Arizona,Depression among adults,Race/Ethnicity,"White, non-Hispanic",25.1
2022,District of Columbia,Depression among adults,Race/Ethnicity,"White, non-Hispanic",23.2
2022,California,Frequent mental distress among adults,Age,Age >=65,8.8
2021,West Virginia,Depression among adults,Race/Ethnicity,Hispanic,41.5
2022,California,Depression among adults,Race/Ethnicity,Hispanic,16.0
2022,Colorado,Average mentally unhealthy days among adults,Race/Ethnicity,"Black, non-Hispanic",5.7
2021,Wyoming,Frequent mental distress among adults,Age,Age >=65,7.6
2022,Arkansas,Average mentally unhealthy days among adults,Race/Ethnicity,"American Indian or Alaska Native, non-Hispanic",5.2
2022,Colorado,Depression among adults,Sex,Male,16.0
2022,Alaska,Frequent mental distress among adults,Sex,Male,12.2
2022,Alabama,Depression among adults,Race/Ethnicity,"Black, non-Hispanic",19.8
2022,Colorado,Frequent mental distress among adults,Overall,Overall,16.3
2022,Georgia,Depression among adults,Sex,Male,13.3
2021,Wyoming,Depression among adults,Sex,Male,14.4
2021,Wisconsin,Depression among adults,Age,Age 18-44,24.5
2022,Georgia,Average mentally unhealthy days among adults,Sex,Male,4.3
2022,Alabama,Average mentally unhealthy days among adults,Age,Age 18-44,6.7
2022,Colorado,Frequent mental distress among adults,Race/Ethnicity,"White, non-Hispanic",14.6
2022,Arkansas,Frequent mental distress among adults,Race/Ethnicity,Hispanic,13.5
2022,Delaware,Depression among adults,Race/Ethnicity,"White, non-Hispanic",21.5
2022,Hawaii,Average mentally unhealthy days among adults,Overall,Overall,3.9
2021,West Virginia,Frequent mental distress among adults,Overall,Overall,20.3
2021,Wisconsin,Frequent mental distress among adults,Sex,Male,9.5
2021,Wisconsin,Depression among adults,Sex,Male,13.2
2022,Colorado,Depression among adults,Overall,Overall,21.3
2022,Arizona,Frequent mental distress among adults,Age,Age 18-44,22.5
2022,Alaska,Average mentally unhealthy days among adults,Sex,Male,3.8
2022,Florida,Depression among adults,Overall,Overall,18.3
2022,Florida,Frequent mental distress among adults,Age,Age 45-64,14.2
2022,Connecticut,Average mentally unhealthy days among adults,Overall,Overall,4.9
2022,Arizona,Average mentally unhealthy days among adults,Race/Ethnicity,"Black, non-Hispanic",5.9
2022,Connecticut,Frequent mental distress among adults,Race/Ethnicity,"White, non-Hispanic",12.8
2022,Florida,Average mentally unhealthy days among adults,Age,Age >=65,3.2
2022,Arizona,Frequent mental distress among adults,Overall,Overall,17.4
2022,Arizona,Depression among adults,Race/Ethnicity,"Multiracial, non-Hispanic",36.3
2021,Wyoming,Frequent mental distress among adults,Sex,Female,19.5
2022,Arkansas,Frequent mental distress among adults,Race/Ethnicity,"Black, non-Hispanic",21.1
2022,Connecticut,Depression among adults,Race/Ethnicity,"Multiracial, non-Hispanic",26.1
2022,Colorado,Depression among adults,Race/Ethnicity,"Black, non-Hispanic",19.6
2022,Hawaii,Average mentally unhealthy days among adults,Age,Age 45-64,3.0
2022,Delaware,Depression among adults,Overall,Overall,20.9
2022,Delaware,Depression among adults,Race/Ethnicity,"White, non-Hispanic",24.3
2022,Arizona,Frequent mental distress among adults,Sex,Female,19.5
2022,Guam,Depression among adults,Overall,Overall,11.7
2021,Wyoming,Average mentally unhealthy days among adults,Sex,Female,4.2
2022,Arkansas,Frequent mental distress among adults,Sex,Male,19.2
2022,Delaware,Frequent mental distress among adults,Age,Age >=65,7.7
2022,Connecticut,Average mentally unhealthy days among adults,Race/Ethnicity,"White, non-Hispanic",4.2
2021,Wyoming,Average mentally unhealthy days among adults,Age,Age 45-64,3.3
2021,Wisconsin,Average mentally unhealthy days among adults,Age,Age 18-44,4.2
2021,West Virginia,Frequent mental distress among adults,Age,Age 45-64,19.8
2021,Wisconsin,Depression among adults,Age,Age >=65,13.1
2022,Delaware,Average mentally unhealthy days among adults,Sex,Male,4.0
2022,Colorado,Average mentally unhealthy days among adults,Race/Ethnicity,Hispanic,5.5
2022,Arkansas,Average mentally unhealthy days among adults,Age,Age 18-44,7.9
2022,California,Depression among adults,Race/Ethnicity,"White, non-Hispanic",22.3
2022,Arkansas,Frequent mental distress among adults,Overall,Overall,21.5
2022,Alabama,Frequent mental distress among adults,Race/Ethnicity,"White, non-Hispanic",18.2
2022,Guam,Frequent mental distress among adults,Race/Ethnicity,"Asian, non-Hispanic",12.4
2022,Hawaii,Average mentally unhealthy days among adults,Race/Ethnicity,"White, non-Hispanic",4.1
2022,California,Average mentally unhealthy days among adults,Race/Ethnicity,"Asian, non-Hispanic",3.5
2022,Georgia,Average mentally unhealthy days among adults,Race/Ethnicity,"Asian, non-Hispanic",5.0
2021,West Virginia,Current poor mental health among high school students,Race/Ethnicity,"White, non-Hispanic",38.2
2022,Georgia,Average mentally unhealthy days among adults,Race/Ethnicity,"White, non-Hispanic",5.2
2022,Georgia,Depression among adults,Race/Ethnicity,"White, non-Hispanic",23.5
2022,Alaska,Frequent mental distress among adults,Race/Ethnicity,"American Indian or Alaska Native, non-Hispanic",17.1
2021,Wyoming,Depression among adults,Race/Ethnicity,"White, non-Hispanic",21.8
2022,Hawaii,Average mentally unhealthy days among adults,Race/Ethnicity,"Asian, non-Hispanic",3.0
2022,Arkansas,Depression among adults,Race/Ethnicity,Hispanic,20.5
2022,Delaware,Frequent mental distress among adults,Sex,Male,12.6
2022,Colorado,Frequent mental distress among adults,Race/Ethnicity,"Asian, non-Hispanic",11.6
2021,Wisconsin,Frequent mental distress among adults,Race/Ethnicity,"White, non-Hispanic",14.1
2022,Florida,Frequent mental distress among adults,Race/Ethnicity,"White, non-Hispanic",14.9
2022,Alaska,Average mentally unhealthy days among adults,Race/Ethnicity,"American Indian or Alaska Native, non-Hispanic",5.0
2021,West Virginia,Frequent mental distress among adults,Race/Ethnicity,Hispanic,31.8
2022,Hawaii,Depression among adults,Race/Ethnicity,"Black, non-Hispanic",17.5
2022,Hawaii,Depression among adults,Overall,Overall,13.0
2021,Wyoming,Frequent mental distress among adults,Race/Ethnicity,"White, non-Hispanic",16.0
2022,Colorado,Frequent mental distress among adults,Sex,Male,13.8
2022,Hawaii,Average mentally unhealthy days among adults,Overall,Overall,3.7
2022,Delaware,Frequent mental distress among adults,Race/Ethnicity,Hispanic,13.8
2022,Florida,Average mentally unhealthy days among adults,Sex,Male,4.2
2022,Alaska,Frequent mental distress among adults,Age,Age 45-64,10.3
2022,Guam,Average mentally unhealthy days among adults,Race/Ethnicity,"Multiracial, non-Hispanic",6.7
2022,Connecticut,Average mentally unhealthy days among adults,Age,Age >=65,2.9
2022,Georgia,Frequent mental distress among adults,Sex,Male,13.7
2022,Arizona,Average mentally unhealthy days among adults,Race/Ethnicity,Hispanic,4.8
2022,Alabama,Depression among adults,Age,Age >=65,18.3
2022,Alabama,Frequent mental distress among adults,Age,Age 18-44,21.7
2022,Colorado,Frequent mental distress among adults,Age,Age >=65,7.4
2022,Georgia,Depression among adults,Race/Ethnicity,"Multiracial, non-Hispanic",32.0
2022,Connecticut,Frequent mental distress among adults,Sex,Male,12.9
2022,California,Frequent mental distress among adults,Overall,Overall,14.3
2022,Arizona,Frequent mental distress among adults,Race/Ethnicity,"Asian, non-Hispanic",12.9
2022,Colorado,Frequent mental distress among adults,Race/Ethnicity,"White, non-Hispanic",16.0
2022,Hawaii,Depression among adults,Sex,Male,9.6
2022,Delaware,Average mentally unhealthy days among adults,Race/Ethnicity,"Asian, non-Hispanic",2.8
2021,Wisconsin,Depression among adults,Race/Ethnicity,Hispanic,17.6
2021,Wisconsin,Frequent mental distress among adults,Age,Age 18-44,19.1
2021,Wisconsin,Depression among adults,Race/Ethnicity,"White, non-Hispanic",21.9
2022,Alabama,Average mentally unhealthy days among adults,Race/Ethnicity,"Black, non-Hispanic",5.7
2022,Colorado,Average mentally unhealthy days among adults,Race/Ethnicity,"Asian, non-Hispanic",4.6
2022,District of Columbia,Depression among adults,Race/Ethnicity,"Black, non-Hispanic",17.0
2022,Hawaii,Frequent mental distress among adults,Race/Ethnicity,"Asian, non-Hispanic",7.3
2022,Hawaii,Average mentally unhealthy days among adults,Race/Ethnicity,Hispanic,6.0
2022,Guam,Depression among adults,Race/Ethnicity,"Asian, non-Hispanic",5.3
2022,District of Columbia,Frequent mental distress among adults,Race/Ethnicity,"White, non-Hispanic",10.1
2022,Arizona,Depression among adults,Overall,Overall,20.6
2022,Arizona,Depression among adults,Age,Age >=65,15.3
2022,Alaska,Depression among adults,Race/Ethnicity,"American Indian or Alaska Native, non-Hispanic",15.0
2022,California,Frequent mental distress among adults,Race/Ethnicity,"Asian, non-Hispanic",10.7
2021,Wisconsin,Average mentally unhealthy days among adults,Sex,Female,3.9
2021,West Virginia,Average mentally unhealthy days among adults,Sex,Female,1.8
2022,Hawaii,Frequent mental distress among adults,Race/Ethnicity,"Hawaiian or Pacific Islander, non-Hispanic",11.8
2021,Wyoming,Depression among adults,Age,Age 18-44,26.5
2022,Alabama,Average mentally unhealthy days among adults,Overall,Overall,5.6
2022,Hawaii,Frequent mental distress among adults,Race/Ethnicity,"White, non-Hispanic",14.1
2022,Arkansas,Frequent mental distress among adults,Age,Age >=65,9.8
2022,California,Average mentally unhealthy days among adults,Overall,Overall,4.7
2022,Colorado,Depression among adults,Age,Age >=65,14.3
2022,District of Columbia,Depression among adults,Overall,Overall,19.3
2021,Wisconsin,Frequent mental distress among adults,Race/Ethnicity,Hispanic,11.6
2022,District of Columbia,Frequent mental distress among adults,Race/Ethnicity,"Multiracial, non-Hispanic",25.3
2022,Georgia,Frequent mental distress among adults,Race/Ethnicity,Hispanic,14.2
2022,Arizona,Average mentally unhealthy days among adults,Overall,Overall,5.4
2022,California,Depression among adults,Sex,Male,13.2
2022,District of Columbia,Average mentally unhealthy days among adults,Race/Ethnicity,"Black, non-Hispanic",4.7
2022,Alaska,Frequent mental distress among adults,Race/Ethnicity,"Black, non-Hispanic",25.9
2022,Georgia,Depression among adults,Overall,Overall,19.2
2022,Arkansas,Depression among adults,Race/Ethnicity,"White, non-Hispanic",29.5
2022,Florida,Frequent mental distress among adults,Sex,Male,13.1
2021,West Virginia,Depression among adults,Sex,Female,37.0
2022,Arizona,Average mentally unhealthy days among adults,Race/Ethnicity,"White, non-Hispanic",5.9
2022,District of Columbia,Average mentally unhealthy days among adults,Sex,Male,4.0
2022,Georgia,Frequent mental distress among adults,Race/Ethnicity,"Asian, non-Hispanic",13.0
2022,Delaware,Average mentally unhealthy days among adults,Overall,Overall,4.5
2022,Arkansas,Frequent mental distress among adults,Race/Ethnicity,"Black, non-Hispanic",20.7
2022,Alaska,Depression among adults,Race/Ethnicity,"White, non-Hispanic",20.5
2022,Arkansas,Average mentally unhealthy days among adults,Race/Ethnicity,"White, non-Hispanic",6.0
2022,Alaska,Depression among adults,Sex,Male,14.1
2022,Connecticut,Depression among adults,Race/Ethnicity,"Asian, non-Hispanic",9.4
2021,West Virginia,Depression among adults,Overall,Overall,27.5
2022,Alabama,Average mentally unhealthy days among adults,Race/Ethnicity,Hispanic,4.5
2022,Colorado,Average mentally unhealthy days among adults,Overall,Overall,5.2
2022,District of Columbia,Average mentally unhealthy days among adults,Race/Ethnicity,"Asian, non-Hispanic",2.9
2022,Arizona,Depression among adults,Race/Ethnicity,"Black, non-Hispanic",17.7
2022,Arkansas,Depression among adults,Overall,Overall,26.6
2022,Connecticut,Frequent mental distress among adults,Race/Ethnicity,"Black, non-Hispanic",15.3
2022,Arkansas,Depression among adults,Age,Age 18-44,31.0
2022,District of Columbia,Frequent mental distress among adults,Age,Age 18-44,15.5
2021,West Virginia,Current poor mental health among high school students,Grade,Grade 12,37.1
2022,Florida,Average mentally unhealthy days among adults,Race/Ethnicity,"Asian, non-Hispanic",3.2
2022,Alabama,Depression among adults,Race/Ethnicity,"Multiracial, non-Hispanic",37.8
2022,Colorado,Average mentally unhealthy days among adults,Race/Ethnicity,"White, non-Hispanic",5.3
2021,Wyoming,Depression among adults,Race/Ethnicity,Hispanic,21.8
2022,Guam,Depression among adults,Sex,Female,13.2
2022,Hawaii,Frequent mental distress among adults,Age,Age 45-64,9.1
2022,Guam,Frequent mental distress among adults,Race/Ethnicity,"Multiracial, non-Hispanic",24.1
2022,Guam,Average mentally unhealthy days among adults,Sex,Male,4.9
2022,Hawaii,Frequent mental distress among adults,Race/Ethnicity,"Multiracial, non-Hispanic",15.6
2022,District of Columbia,Average mentally unhealthy days among adults,Age,Age 45-64,4.4
2022,Florida,Average mentally unhealthy days among adults,Race/Ethnicity,"Black, non-Hispanic",5.1
2022,California,Average mentally unhealthy days among adults,Age,Age >=65,3.0
2022,California,Average mentally unhealthy days among adults,Age,Age 45-64,4.3
2022,Arkansas,Frequent mental distress among adults,Race/Ethnicity,"Multiracial, non-Hispanic",27.4
2021,Wyoming,Frequent mental distress among adults,Overall,Overall,15.1
2021,Wyoming,Frequent mental distress among adults,Race/Ethnicity,Hispanic,10.6
2021,West Virginia,Current poor mental health among high school students,Grade,Grade 9,32.6
2022,Guam,Average mentally unhealthy days among adults,Race/Ethnicity,"White, non-Hispanic",3.7
2022,Colorado,Frequent mental distress among adults,Race/Ethnicity,"Asian, non-Hispanic",10.3
2022,Arkansas,Average mentally unhealthy days among adults,Race/Ethnicity,"Black, non-Hispanic",6.4
2022,Delaware,Average mentally unhealthy days among adults,Age,Age 45-64,4.4
2022,Connecticut,Depression among adults,Overall,Overall,20.0
2022,California,Average mentally unhealthy days among adults,Race/Ethnicity,"White, non-Hispanic",4.8
2021,West Virginia,Frequent mental distress among adults,Sex,Female,23.8
2022,Colorado,Average mentally unhealthy days among adults,Sex,Male,4.4
2022,Colorado,Frequent mental distress among adults,Race/Ethnicity,"Multiracial, non-Hispanic",21.3
2022,Georgia,Frequent mental distress among adults,Overall,Overall,16.1
2022,Alaska,Frequent mental distress among adults,Race/Ethnicity,"White, non-Hispanic",13.4
2022,Alaska,Average mentally unhealthy days among adults,Race/Ethnicity,"Multiracial, non-Hispanic",5.6
2022,California,Depression among adults,Race/Ethnicity,"Asian, non-Hispanic",10.6
2022,Connecticut,Average mentally unhealthy days among adults,Race/Ethnicity,"Black, non-Hispanic",5.0
2021,Wisconsin,Postpartum depressive symptoms among women with a recent live birth,Overall,Overall,12.0
2022,Arkansas,Average mentally unhealthy days among adults,Sex,Female,6.9
2022,Alabama,Average mentally unhealthy days among adults,Sex,Female,6.4
2022,Connecticut,Average mentally unhealthy days among adults,Sex,Female,5.2
2022,Alaska,Average mentally unhealthy days among adults,Sex,Female,5.8
2022,Colorado,Depression among adults,Sex,Male,15.9
2022,Georgia,Frequent mental distress among adults,Race/Ethnicity,"Multiracial, non-Hispanic",20.2
2022,Florida,Depression among adults,Race/Ethnicity,"White, non-Hispanic",22.0
2022,Georgia,Depression among adults,Race/Ethnicity,"Black, non-Hispanic",15.9
2022,Hawaii,Average mentally unhealthy days among adults,Race/Ethnicity,"Hawaiian or Pacific Islander, non-Hispanic",3.7
2022,Colorado,Depression among adults,Race/Ethnicity,"Asian, non-Hispanic",12.3
2022,Hawaii,Average mentally unhealthy days among adults,Sex,Male,3.5
2021,West Virginia,Average mentally unhealthy days among adults,Age,Age 18-44,1.6
2022,Florida,Depression among adults,Sex,Male,14.4
2022,Arizona,Frequent mental distress among adults,Sex,Male,14.4
2022,Colorado,Depression among adults,Race/Ethnicity,Hispanic,18.6
2021,West Virginia,Frequent mental distress among adults,Race/Ethnicity,"Black, non-Hispanic",16.5
2022,Delaware,Average mentally unhealthy days among adults,Race/Ethnicity,"Multiracial, non-Hispanic",6.2
2022,Guam,Average mentally unhealthy days among adults,Race/Ethnicity,"Asian, non-Hispanic",3.5
2022,Alaska,Depression among adults,Race/Ethnicity,"American Indian or Alaska Native, non-Hispanic",15.0
2021,Wisconsin,Frequent mental distress among adults,Race/Ethnicity,"Black, non-Hispanic",20.9
2022,Florida,Depression among adults,Age,Age >=65,14.4
2022,Alabama,Depression among adults,Race/Ethnicity,Hispanic,14.7
2021,West Virginia,Depression among adults,Race/Ethnicity,"Black, non-Hispanic",26.4
2022,Arizona,Depression among adults,Race/Ethnicity,"American Indian or Alaska Native, non-Hispanic",13.0
2022,Alaska,Average mentally unhealthy days among adults,Age,Age >=65,2.8
2022,California,Frequent mental distress among adults,Race/Ethnicity,"Black, non-Hispanic",16.0
2022,Hawaii,Depression among adults,Age,Age 45-64,11.1
2022,Florida,Average mentally unhealthy days among adults,Overall,Overall,5.0
2022,Arizona,Average mentally unhealthy days among adults,Race/Ethnicity,Hispanic,4.6
2022,Delaware,Frequent mental distress among adults,Overall,Overall,15.5
2022,Connecticut,Average mentally unhealthy days among adults,Overall,Overall,4.6
2022,Connecticut,Average mentally unhealthy days among adults,Sex,Male,4.1
2022,Hawaii,Frequent mental distress among adults,Sex,Female,13.9
2022,Guam,Frequent mental distress among adults,Sex,Male,17.2
2022,Alabama,Average mentally unhealthy days among adults,Age,Age 45-64,5.8
2022,Alabama,Depression among adults,Race/Ethnicity,"Black, non-Hispanic",19.7
2022,Arizona,Frequent mental distress among adults,Overall,Overall,16.8
2022,District of Columbia,Depression among adults,Age,Age 45-64,19.1
2021,West Virginia,Frequent mental distress among adults,Race/Ethnicity,"Multiracial, non-Hispanic",28.4
2022,Colorado,Frequent mental distress among adults,Overall,Overall,15.9
2022,California,Average mentally unhealthy days among adults,Sex,Male,4.2
2022,California,Frequent mental distress among adults,Sex,Female,16.4
2022,Colorado,Frequent mental distress among adults,Sex,Female,18.7
2022,Arkansas,Depression among adults,Race/Ethnicity,"Black, non-Hispanic",23.3
2022,Florida,Frequent mental distress among adults,Race/Ethnicity,"White, non-Hispanic",17.9
2021,Wisconsin,Frequent mental distress among adults,Race/Ethnicity,"American Indian or Alaska Native, non-Hispanic",22.2
2022,California,Average mentally unhealthy days among adults,Race/Ethnicity,"Hawaiian or Pacific Islander, non-Hispanic",4.0
2022,District of Columbia,Average mentally unhealthy days among adults,Race/Ethnicity,"White, non-Hispanic",4.1
2021,Wisconsin,Frequent mental distress among adults,Sex,Male,9.8
2022,Connecticut,Depression among adults,Age,Age >=65,13.6
2022,Delaware,Frequent mental distress among adults,Race/Ethnicity,"White, non-Hispanic",13.9
2022,Guam,Frequent mental distress among adults,Overall,Overall,15.3
2022,Hawaii,Depression among adults,Race/Ethnicity,"Multiracial, non-Hispanic",15.6
2022,Florida,Frequent mental distress among adults,Race/Ethnicity,Hispanic,15.3
2022,Hawaii,Depression among adults,Race/Ethnicity,Hispanic,23.0
2022,Arizona,Frequent mental distress among adults,Age,Age 45-64,14.2
2022,Florida,Average mentally unhealthy days among adults,Race/Ethnicity,Hispanic,4.7
2021,Wyoming,Depression among adults,Race/Ethnicity,"Multiracial, non-Hispanic",38.5
2022,Colorado,Average mentally unhealthy days among adults,Race/Ethnicity,Hispanic,5.3
2021,Wyoming,Average mentally unhealthy days among adults,Sex,Male,2.9
2022,Alabama,Frequent mental distress among adults,Age,Age >=65,10.5
2022,Arkansas,Depression among adults,Race/Ethnicity,"Black, non-Hispanic",23.8
2022,Arkansas,Average mentally unhealthy days among adults,Race/Ethnicity,"American Indian or Alaska Native, non-Hispanic",5.5
2022,California,Average mentally unhealthy days among adults,Race/Ethnicity,"Asian, non-Hispanic",3.6
2022,Colorado,Average mentally unhealthy days among adults,Race/Ethnicity,"Black, non-Hispanic",5.8
2022,Georgia,Frequent mental distress among adults,Age,Age >=65,9.9
2021,Wyoming,Frequent mental distress among adults,Sex,Male,12.2
2022,Georgia,Average mentally unhealthy days among adults,Race/Ethnicity,"Multiracial, non-Hispanic",6.1
2022,Arkansas,Frequent mental distress among adults,Overall,Overall,20.4
2022,Arizona,Depression among adults,Race/Ethnicity,"Multiracial, non-Hispanic",35.1
2022,Connecticut,Frequent mental distress among adults,Race/Ethnicity,"White, non-Hispanic",14.6
2022,Alaska,Frequent mental distress among adults,Sex,Female,18.4
2021,Wisconsin,Depression among adults,Age,Age 45-64,20.3
2021,Wyoming,Depression among adults,Sex,Male,14.7
2022,Connecticut,Depression among adults,Race/Ethnicity,Hispanic,19.0
2022,Alaska,Depression among adults,Sex,Female,27.1
2022,Georgia,Average mentally unhealthy days among adults,Race/Ethnicity,"American Indian or Alaska Native, non-Hispanic",8.7
2022,Georgia,Depression among adults,Sex,Male,13.3
2022,Guam,Average mentally unhealthy days among adults,Race/Ethnicity,"Hawaiian or Pacific Islander, non-Hispanic",4.6
2021,Wisconsin,Average mentally unhealthy days among adults,Overall,Overall,3.7
2022,Hawaii,Average mentally unhealthy days among adults,Race/Ethnicity,"Asian, non-Hispanic",2.6
2022,District of Columbia,Average mentally unhealthy days among adults,Race/Ethnicity,Hispanic,4.8
2022,Delaware,Depression among adults,Age,Age 45-64,20.5
2022,Colorado,Depression among adults,Race/Ethnicity,"White, non-Hispanic",23.6
2022,Arizona,Average mentally unhealthy days among adults,Race/Ethnicity,"Asian, non-Hispanic",5.4
2022,Arizona,Depression among adults,Age,Age 18-44,22.4
2022,California,Depression among adults,Overall,Overall,18.2
2022,District of Columbia,Depression among adults,Race/Ethnicity,"White, non-Hispanic",23.4
2022,Alaska,Depression among adults,Age,Age 45-64,17.8
2021,West Virginia,Depression among adults,Race/Ethnicity,Hispanic,37.4
2022,Florida,Frequent mental distress among adults,Overall,Overall,15.0
2021,Wyoming,Average mentally unhealthy days among adults,Race/Ethnicity,"White, non-Hispanic",2.8
2022,Arizona,Frequent mental distress among adults,Race/Ethnicity,"White, non-Hispanic",18.7
2022,Alabama,Depression among adults,Sex,Male,17.5
2022,Alabama,Frequent mental distress among adults,Overall,Overall,18.1
2022,Alabama,Frequent mental distress among adults,Race/Ethnicity,"White, non-Hispanic",19.3
2022,Arizona,Frequent mental distress among adults,Race/Ethnicity,"Asian, non-Hispanic",19.2
2022,Colorado,Frequent mental distress among adults,Race/Ethnicity,"Multiracial, non-Hispanic",19.6
2022,Connecticut,Frequent mental distress among adults,Race/Ethnicity,"Asian, non-Hispanic",11.1
2022,California,Frequent mental distress among adults,Overall,Overall,14.6
2022,Arizona,Average mentally unhealthy days among adults,Overall,Overall,5.2
2022,Alaska,Depression among adults,Age,Age 18-44,24.3
2021,Wyoming,Depression among adults,Race/Ethnicity,"Multiracial, non-Hispanic",46.4
2022,Florida,Frequent mental distress among adults,Race/Ethnicity,Hispanic,15.2
2022,Alaska,Average mentally unhealthy days among adults,Race/Ethnicity,"American Indian or Alaska Native, non-Hispanic",5.1
2022,Arkansas,Depression among adults,Sex,Male,18.8
2022,Guam,Depression among adults,Overall,Overall,11.6
2022,Hawaii,Frequent mental distress among adults,Race/Ethnicity,"Asian, non-Hispanic",8.6
2022,Delaware,Depression among adults,Race/Ethnicity,Hispanic,19.8
2022,Alabama,Average mentally unhealthy days among adults,Sex,Male,4.8
2021,Wyoming,Average mentally unhealthy days among adults,Race/Ethnicity,"White, non-Hispanic",2.9
2022,District of Columbia,Depression among adults,Sex,Male,13.8
2022,District of Columbia,Average mentally unhealthy days among adults,Sex,Male,4.2
2022,Arizona,Average mentally unhealthy days among adults,Sex,Male,4.5
2022,Arkansas,Frequent mental distress among adults,Race/Ethnicity,"White, non-Hispanic",22.2
2021,Wisconsin,Average mentally unhealthy days among adults,Sex,Female,4.0
2021,Wisconsin,Average mentally unhealthy days among adults,Age,Age >=65,2.8
2022,Colorado,Average mentally unhealthy days among adults,Age,Age 45-64,4.2
2022,California,Frequent mental distress among adults,Sex,Male,12.7
2022,Florida,Depression among adults,Race/Ethnicity,"Black, non-Hispanic",14.5
2022,Arizona,Depression among adults,Race/Ethnicity,"White, non-Hispanic",22.7
2022,California,Frequent mental distress among adults,Race/Ethnicity,"Multiracial, non-Hispanic",19.2
2022,California,Depression among adults,Race/Ethnicity,Hispanic,16.5
2022,Arkansas,Average mentally unhealthy days among adults,Age,Age 45-64,5.7
2022,Connecticut,Frequent mental distress among adults,Sex,Male,12.3
2022,Hawaii,Average mentally unhealthy days among adults,Sex,Female,4.4
2022,Arizona,Frequent mental distress among adults,Race/Ethnicity,Hispanic,16.1
2021,Wisconsin,Depression among adults,Race/Ethnicity,"Multiracial, non-Hispanic",38.2
2022,Florida,Average mentally unhealthy days among adults,Sex,Female,5.2
2022,Georgia,Average mentally unhealthy days among adults,Sex,Female,5.9
2022,Guam,Depression among adults,Race/Ethnicity,"White, non-Hispanic",13.2
2022,California,Average mentally unhealthy days among adults,Race/Ethnicity,"Hawaiian or Pacific Islander, non-Hispanic",5.8
2022,Florida,Average mentally unhealthy days among adults,Race/Ethnicity,"White, non-Hispanic",5.6
2022,Georgia,Average mentally unhealthy days among adults,Race/Ethnicity,"Black, non-Hispanic",5.0
2022,Georgia,Depression among adults,Race/Ethnicity,"White, non-Hispanic",22.4
2022,Colorado,Depression among adults,Race/Ethnicity,"American Indian or Alaska Native, non-Hispanic",36.5
2022,Colorado,Average mentally unhealthy days among adults,Race/Ethnicity,"Asian, non-Hispanic",4.1
2022,Connecticut,Depression among adults,Race/Ethnicity,"White, non-Hispanic",23.0
2022,Georgia,Frequent mental distress among adults,Race/Ethnicity,"Asian, non-Hispanic",16.7
2022,District of Columbia,Average mentally unhealthy days among adults,Race/Ethnicity,"Black, non-Hispanic",5.2
2021,Wisconsin,Frequent mental distress among adults,Race/Ethnicity,"White, non-Hispanic",12.8
2022,Georgia,Depression among adults,Age,Age 45-64,19.5
2022,Alaska,Frequent mental distress among adults,Race/Ethnicity,"Black, non-Hispanic",26.1
2021,West Virginia,Depression among adults,Age,Age 18-44,32.5
2022,Delaware,Frequent mental distress among adults,Age,Age 18-44,19.0
2021,Wyoming,Depression among adults,Race/Ethnicity,"White, non-Hispanic",20.7
2022,Florida,Average mentally unhealthy days among adults,Sex,Male,4.4
2022,Alaska,Average mentally unhealthy days among adults,Race/Ethnicity,"Black, non-Hispanic",7.6
2021,West Virginia,Depression among adults,Age,Age >=65,18.7
2022,Florida,Average mentally unhealthy days among adults,Race/Ethnicity,"American Indian or Alaska Native, non-Hispanic",6.3
2022,District of Columbia,Frequent mental distress among adults,Age,Age 45-64,13.7
2021,Wisconsin,Frequent mental distress among adults,Age,Age >=65,6.0
2022,Alabama,Depression among adults,Race/Ethnicity,"White, non-Hispanic",26.1
2022,Guam,Average mentally unhealthy days among adults,Overall,Overall,4.5
2022,Guam,Average mentally unhealthy days among adults,Sex,Male,4.7
2021,Wisconsin,Depression among adults,Sex,Female,29.4
2022,Delaware,Depression among adults,Sex,Male,15.7
2022,Delaware,Frequent mental distress among adults,Sex,Male,11.8
2022,Connecticut,Average mentally unhealthy days among adults,Sex,Male,3.9
2022,Colorado,Average mentally unhealthy days among adults,Race/Ethnicity,"White, non-Hispanic",4.9
2022,Hawaii,Depression among adults,Race/Ethnicity,"Black, non-Hispanic",17.9
2022,Arkansas,Depression among adults,Race/Ethnicity,"White, non-Hispanic",27.6
2022,Hawaii,Average mentally unhealthy days among adults,Race/Ethnicity,Hispanic,6.0
2022,District of Columbia,Frequent mental distress among adults,Sex,Female,15.1
2022,Georgia,Frequent mental distress among adults,Sex,Female,18.2
2022,Connecticut,Average mentally unhealthy days among adults,Race/Ethnicity,Hispanic,5.1
2022,Connecticut,Average mentally unhealthy days among adults,Race/Ethnicity,"Multiracial, non-Hispanic",10.4
2022,Arizona,Average mentally unhealthy days among adults,Sex,Female,6.2
2021,Wyoming,Postpartum depressive symptoms among women with a recent live birth,Race/Ethnicity,"White, non-Hispanic",14.5
2022,Connecticut,Average mentally unhealthy days among adults,Race/Ethnicity,Hispanic,5.3
2022,Arizona,Depression among adults,Sex,Male,15.8
2022,Alaska,Frequent mental distress among adults,Age,Age 18-44,20.7
2022,Connecticut,Depression among adults,Race/Ethnicity,"Asian, non-Hispanic",9.3
2022,Alabama,Average mentally unhealthy days among adults,Race/Ethnicity,"Multiracial, non-Hispanic",9.9
2022,Delaware,Average mentally unhealthy days among adults,Sex,Female,5.5
2022,California,Depression among adults,Race/Ethnicity,"White, non-Hispanic",24.0
2022,Florida,Depression among adults,Race/Ethnicity,Hispanic,16.9
2022,Georgia,Depression among adults,Race/Ethnicity,Hispanic,15.6
2022,Colorado,Depression among adults,Age,Age 18-44,26.0
2022,Hawaii,Depression among adults,Sex,Male,9.9
2021,Wisconsin,Depression among adults,Overall,Overall,21.2
2022,Alaska,Frequent mental distress among adults,Race/Ethnicity,Hispanic,15.8
2022,Hawaii,Frequent mental distress among adults,Age,Age 18-44,15.6
2022,California,Depression among adults,Age,Age 45-64,17.2
2022,Arkansas,Depression among adults,Age,Age >=65,16.9
2022,Florida,Average mentally unhealthy days among adults,Overall,Overall,4.7
2021,West Virginia,Depression among adults,Sex,Female,34.8
2022,Guam,Frequent mental distress among adults,Race/Ethnicity,"Hawaiian or Pacific Islander, non-Hispanic",15.6
2022,Connecticut,Frequent mental distress among adults,Overall,Overall,14.5
2021,West Virginia,Average mentally unhealthy days among adults,Age,Age 45-64,1.6
2022,Arizona,Average mentally unhealthy days among adults,Race/Ethnicity,"White, non-Hispanic",5.0
2022,Connecticut,Depression among adults,Sex,Male,14.5
2022,Alaska,Depression among adults,Race/Ethnicity,"Multiracial, non-Hispanic",31.6
2021,West Virginia,Average mentally unhealthy days among adults,Sex,Male,1.7
2022,Delaware,Average mentally unhealthy days among adults,Race/Ethnicity,"Asian, non-Hispanic",2.7
2021,West Virginia,Depression among adults,Sex,Male,20.8
2021,Wyoming,Depression among adults,Overall,Overall,21.0
2022,Georgia,Frequent mental distress among adults,Sex,Female,18.9
2021,West Virginia,Average mentally unhealthy days among adults,Race/Ethnicity,"White, non-Hispanic",1.7
2021,Wisconsin,Frequent mental distress among adults,Sex,Female,17.5
2022,Arizona,Average mentally unhealthy days among adults,Sex,Male,4.4
2022,Florida,Frequent mental distress among adults,Sex,Male,13.7
2021,West Virginia,Frequent mental distress among adults,Race/Ethnicity,"Black, non-Hispanic",17.3
2022,Florida,Depression among adults,Age,Age 18-44,19.5
2022,Connecticut,Depression among adults,Race/Ethnicity,"Black, non-Hispanic",14.6
2022,Alabama,Depression among adults,Race/Ethnicity,Hispanic,14.7
2022,Colorado,Average mentally unhealthy days among adults,Race/Ethnicity,"American Indian or Alaska Native, non-Hispanic",8.9
2022,Florida,Frequent mental distress among adults,Overall,Overall,16.0
2022,Alabama,Average mentally unhealthy days among adults,Race/Ethnicity,"Multiracial, non-Hispanic",10.1
2022,Guam,Frequent mental distress among adults,Race/Ethnicity,"Multiracial, non-Hispanic",23.5
2022,Alaska,Average mentally unhealthy days among adults,Sex,Female,5.7
2022,Hawaii,Depression among adults,Age,Age 18-44,15.1
2022,Connecticut,Average mentally unhealthy days among adults,Age,Age 45-64,3.8
2022,Arizona,Frequent mental distress among adults,Race/Ethnicity,"American Indian or Alaska Native, non-Hispanic",15.9
2022,Georgia,Depression among adults,Race/Ethnicity,"Black, non-Hispanic",15.8
2022,Alaska,Depression among adults,Sex,Female,27.6
2022,Florida,Average mentally unhealthy days among adults,Race/Ethnicity,"Black, non-Hispanic",5.0
2022,Alaska,Depression among adults,Race/Ethnicity,"White, non-Hispanic",21.2
2022,Hawaii,Average mentally unhealthy days among adults,Age,Age >=65,2.6
2021,West Virginia,Current poor mental health among high school students,Overall,Overall,38.1
2021,Wisconsin,Average mentally unhealthy days among adults,Overall,Overall,3.5
2021,West Virginia,Frequent mental distress among adults,Sex,Male,15.3
2022,Delaware,Depression among adults,Race/Ethnicity,"Black, non-Hispanic",15.6
2022,Hawaii,Frequent mental distress among adults,Age,Age >=65,7.3
2022,Arkansas,Depression among adults,Race/Ethnicity,"American Indian or Alaska Native, non-Hispanic",25.1
2022,Colorado,Frequent mental distress among adults,Race/Ethnicity,Hispanic,17.7
2021,Wisconsin,Postpartum depressive symptoms among women with a recent live birth,Race/Ethnicity,"Black, non-Hispanic",25.7
2022,Delaware,Average mentally unhealthy days among adults,Race/Ethnicity,"White, non-Hispanic",5.0
2022,Alaska,Average mentally unhealthy days among adults,Race/Ethnicity,"Multiracial, non-Hispanic",5.9
2022,Guam,Average mentally unhealthy days among adults,Race/Ethnicity,"Asian, non-Hispanic",3.5
2022,Georgia,Average mentally unhealthy days among adults,Age,Age 45-64,4.3
2022,Hawaii,Depression among adults,Race/Ethnicity,"Hawaiian or Pacific Islander, non-Hispanic",9.0
2022,District of Columbia,Depression among adults,Race/Ethnicity,"Multiracial, non-Hispanic",27.1
2022,Arizona,Depression among adults,Sex,Female,24.4
2022,California,Average mentally unhealthy days among adults,Age,Age 18-44,5.5
2021,West Virginia,Depression among adults,Race/Ethnicity,"Multiracial, non-Hispanic",34.0
2022,Connecticut,Frequent mental distress among adults,Age,Age >=65,8.8
2022,Colorado,Average mentally unhealthy days among adults,Race/Ethnicity,"Multiracial, non-Hispanic",5.9
2022,Alaska,Depression among adults,Race/Ethnicity,"Asian, non-Hispanic",12.3
2022,Hawaii,Frequent mental distress among adults,Race/Ethnicity,"Multiracial, non-Hispanic",16.0
2022,Georgia,Frequent mental distress among adults,Age,Age 18-44,20.2
2022,Colorado,Average mentally unhealthy days among adults,Age,Age >=65,2.6
2021,Wisconsin,Depression among adults,Race/Ethnicity,"American Indian or Alaska Native, non-Hispanic",30.6
2022,California,Average mentally unhealthy days among adults,Overall,Overall,4.6
2021,West Virginia,Average mentally unhealthy days among adults,Sex,Male,1.7
2022,Georgia,Average mentally unhealthy days among adults,Age,Age 18-44,6.4
2021,Wyoming,Postpartum depressive symptoms among women with a recent live birth,Race/Ethnicity,"American Indian or Alaska Native, non-Hispanic",24.0
2022,Alabama,Depression among adults,Overall,Overall,24.6
2022,Colorado,Frequent mental distress among adults,Sex,Female,18.0
2022,Colorado,Frequent mental distress among adults,Race/Ethnicity,"Black, non-Hispanic",17.1
2022,Delaware,Average mentally unhealthy days among adults,Age,Age 18-44,5.8
2021,West Virginia,Average mentally unhealthy days among adults,Age,Age >=65,2.2
2022,California,Average mentally unhealthy days among adults,Race/Ethnicity,Hispanic,4.5
2022,California,Depression among adults,Sex,Female,23.0
2022,Arkansas,Average mentally unhealthy days among adults,Sex,Female,6.5
2022,Alabama,Frequent mental distress among adults,Sex,Male,15.2
2022,Georgia,Frequent mental distress among adults,Race/Ethnicity,"American Indian or Alaska Native, non-Hispanic",28.8
2022,Alaska,Frequent mental distress among adults,Race/Ethnicity,"White, non-Hispanic",14.3
2022,California,Depression among adults,Race/Ethnicity,"Black, non-Hispanic",21.5
2022,Guam,Frequent mental distress among adults,Race/Ethnicity,"Asian, non-Hispanic",12.5
2022,California,Depression among adults,Overall,Overall,18.1
2022,Florida,Average mentally unhealthy days among adults,Race/Ethnicity,Hispanic,4.7
2022,Alaska,Average mentally unhealthy days among adults,Age,Age 18-44,6.1
2022,Alaska,Average mentally unhealthy days among adults,Overall,Overall,4.7
2022,Guam,Frequent mental distress among adults,Sex,Female,12.6
2022,Georgia,Average mentally unhealthy days among adults,Race/Ethnicity,Hispanic,4.6
2022,Arizona,Depression among adults,Race/Ethnicity,Hispanic,15.1
2021,Wyoming,Frequent mental distress among adults,Sex,Male,12.4
2022,Connecticut,Frequent mental distress among adults,Race/Ethnicity,"Asian, non-Hispanic",10.5
2022,Connecticut,Depression among adults,Race/Ethnicity,Hispanic,18.7
2022,Guam,Average mentally unhealthy days among adults,Race/Ethnicity,"Hawaiian or Pacific Islander, non-Hispanic",4.7
2022,Alaska,Depression among adults,Race/Ethnicity,Hispanic,21.2
2022,Guam,Average mentally unhealthy days among adults,Age,Age >=65,4.6
2022,Hawaii,Frequent mental distress among adults,Overall,Overall,12.2
2022,Arkansas,Average mentally unhealthy days among adults,Race/Ethnicity,"Multiracial, non-Hispanic",7.3
2022,Hawaii,Average mentally unhealthy days among adults,Sex,Male,3.4
2022,Florida,Depression among adults,Sex,Male,14.0
2022,Hawaii,Frequent mental distress among adults,Race/Ethnicity,"Black, non-Hispanic",13.7
2022,Arizona,Average mentally unhealthy days among adults,Race/Ethnicity,"Black, non-Hispanic",5.5
2022,District of Columbia,Frequent mental distress among adults,Race/Ethnicity,"Black, non-Hispanic",17.0
2022,Hawaii,Depression among adults,Race/Ethnicity,"White, non-Hispanic",16.8
2022,Arizona,Depression among adults,Race/Ethnicity,"American Indian or Alaska Native, non-Hispanic",13.1
2022,Alaska,Depression among adults,Overall,Overall,20.4
2022,Connecticut,Average mentally unhealthy days among adults,Sex,Female,5.6
2022,California,Frequent mental distress among adults,Race/Ethnicity,"Black, non-Hispanic",16.9
2022,Delaware,Frequent mental distress among adults,Race/Ethnicity,"Multiracial, non-Hispanic",24.5
2022,Arkansas,Average mentally unhealthy days among adults,Overall,Overall,6.4
2022,Hawaii,Frequent mental distress among adults,Sex,Female,12.7
2022,District of Columbia,Average mentally unhealthy days among adults,Age,Age 18-44,5.6
2022,California,Average mentally unhealthy days among adults,Race/Ethnicity,"White, non-Hispanic",5.5
2022,Alabama,Frequent mental distress among adults,Race/Ethnicity,"Multiracial, non-Hispanic",32.9
2022,Georgia,Frequent mental distress among adults,Race/Ethnicity,"Multiracial, non-Hispanic",20.8
2022,Florida,Depression among adults,Overall,Overall,17.8
2022,Arkansas,Frequent mental distress among adults,Age,Age 45-64,19.5
2022,District of Columbia,Depression among adults,Age,Age 18-44,21.5
2022,Colorado,Frequent mental distress among adults,Race/Ethnicity,"American Indian or Alaska Native, non-Hispanic",25.6
2022,California,Frequent mental distress among adults,Sex,Female,15.9
2022,Alabama,Average mentally unhealthy days among adults,Overall,Overall,5.8
2022,Florida,Depression among adults,Race/Ethnicity,"White, non-Hispanic",19.3
2022,Florida,Frequent mental distress among adults,Sex,Female,16.8
2021,West Virginia,Frequent mental distress among adults,Race/Ethnicity,"Multiracial, non-Hispanic",29.0
2022,Georgia,Depression among adults,Race/Ethnicity,"American Indian or Alaska Native, non-Hispanic",20.2
2022,Delaware,Frequent mental distress among adults,Race/Ethnicity,"Multiracial, non-Hispanic",20.8
2022,District of Columbia,Average mentally unhealthy days among adults,Race/Ethnicity,"Multiracial, non-Hispanic",7.3
2022,Colorado,Depression among adults,Sex,Female,27.7
2022,California,Frequent mental distress among adults,Race/Ethnicity,"American Indian or Alaska Native, non-Hispanic",30.4
2021,Wisconsin,Frequent mental distress among adults,Race/Ethnicity,"American Indian or Alaska Native, non-Hispanic",22.5
2022,District of Columbia,Average mentally unhealthy days among adults,Race/Ethnicity,"Multiracial, non-Hispanic",8.0
2021,West Virginia,Depression among adults,Age,Age 45-64,28.4
2022,Arizona,Average mentally unhealthy days among adults,Sex,Female,5.9
2022,Georgia,Frequent mental distress among adults,Race/Ethnicity,"Black, non-Hispanic",16.1
2022,Alaska,Depression among adults,Race/Ethnicity,"Multiracial, non-Hispanic",30.5
2021,Wyoming,Average mentally unhealthy days among adults,Age,Age >=65,1.9
2022,Arkansas,Average mentally unhealthy days among adults,Race/Ethnicity,"Multiracial, non-Hispanic",6.9
2022,Guam,Frequent mental distress among adults,Overall,Overall,15.0
2022,Delaware,Average mentally unhealthy days among adults,Race/Ethnicity,"Black, non-Hispanic",4.4
2022,Florida,Average mentally unhealthy days among adults,Age,Age 45-64,4.4
2022,Connecticut,Frequent mental distress among adults,Sex,Female,17.9
2022,Arkansas,Depression among adults,Race/Ethnicity,"American Indian or Alaska Native, non-Hispanic",25.0
2021,Wisconsin,Depression among adults,Race/Ethnicity,"Multiracial, non-Hispanic",33.5
2022,Florida,Average mentally unhealthy days among adults,Sex,Female,5.6
2022,Georgia,Average mentally unhealthy days among adults,Race/Ethnicity,"Black, non-Hispanic",5.0
2022,Florida,Average mentally unhealthy days among adults,Race/Ethnicity,"White, non-Hispanic",4.7
2022,District of Columbia,Frequent mental distress among adults,Overall,Overall,13.5
2022,Connecticut,Average mentally unhealthy days among adults,Race/Ethnicity,"Black, non-Hispanic",4.7
2022,California,Frequent mental distress among adults,Age,Age 45-64,13.4
2022,Alaska,Depression among adults,Race/Ethnicity,"Black, non-Hispanic",20.4
2022,Guam,Average mentally unhealthy days among adults,Overall,Overall,4.5
2022,Alaska,Frequent mental distress among adults,Race/Ethnicity,Hispanic,15.3
2022,Connecticut,Depression among adults,Race/Ethnicity,"White, non-Hispanic",20.8
2022,Guam,Depression among adults,Sex,Male,9.8
2022,Connecticut,Depression among adults,Age,Age 18-44,23.1
2022,Arkansas,Average mentally unhealthy days among adults,Race/Ethnicity,Hispanic,4.7
2022,Delaware,Depression among adults,Race/Ethnicity,"Multiracial, non-Hispanic",34.8
2021,Wyoming,Average mentally unhealthy days among adults,Sex,Male,2.9
2021,Wisconsin,Average mentally unhealthy days among adults,Race/Ethnicity,"White, non-Hispanic",3.3
2022,Connecticut,Average mentally unhealthy days among adults,Race/Ethnicity,"Multiracial, non-Hispanic",9.7
2022,Arizona,Depression among adults,Age,Age 45-64,21.0
2021,Wyoming,Average mentally unhealthy days among adults,Overall,Overall,3.5
2022,California,Depression among adults,Race/Ethnicity,"Multiracial, non-Hispanic",26.2
2022,California,Frequent mental distress among adults,Sex,Male,12.7
2021,West Virginia,Average mentally unhealthy days among adults,Overall,Overall,1.7
2022,Hawaii,Depression among adults,Race/Ethnicity,Hispanic,22.0
2022,California,Frequent mental distress among adults,Race/Ethnicity,"Multiracial, non-Hispanic",19.0
2021,Wyoming,Depression among adults,Overall,Overall,21.8
2022,California,Frequent mental distress among adults,Race/Ethnicity,"American Indian or Alaska Native, non-Hispanic",26.0
2022,California,Average mentally unhealthy days among adults,Race/Ethnicity,"American Indian or Alaska Native, non-Hispanic",7.3
2022,Arkansas,Frequent mental distress among adults,Race/Ethnicity,"American Indian or Alaska Native, non-Hispanic",18.9
2022,Arizona,Frequent mental distress among adults,Race/Ethnicity,"White, non-Hispanic",15.9
2022,Alabama,Frequent mental distress among adults,Overall,Overall,18.7
2022,Alabama,Depression among adults,Sex,Male,17.3
2022,Delaware,Depression among adults,Age,Age >=65,12.9
2022,Colorado,Depression among adults,Age,Age 45-64,18.7
2022,District of Columbia,Frequent mental distress among adults,Race/Ethnicity,Hispanic,13.1
2022,Florida,Depression among adults,Race/Ethnicity,Hispanic,16.8
2022,Arizona,Average mentally unhealthy days among adults,Race/Ethnicity,"American Indian or Alaska Native, non-Hispanic",5.4
2022,Georgia,Depression among adults,Age,Age 18-44,21.0
2022,Arkansas,Depression among adults,Sex,Female,35.7
2022,Alabama,Frequent mental distress among adults,Sex,Female,22.0
2021,West Virginia,Depression among adults,Race/Ethnicity,"White, non-Hispanic",28.6
2022,Guam,Depression among adults,Age,Age 45-64,8.0
2022,Florida,Frequent mental distress among adults,Race/Ethnicity,"Multiracial, non-Hispanic",20.6
2022,District of Columbia,Average mentally unhealthy days among adults,Sex,Female,5.3
2021,Wisconsin,Depression among adults,Race/Ethnicity,"Black, non-Hispanic",24.3
2022,Connecticut,Depression among adults,Sex,Male,14.7
2022,Arizona,Average mentally unhealthy days among adults,Race/Ethnicity,"Multiracial, non-Hispanic",8.0
2022,Colorado,Average mentally unhealthy days among adults,Age,Age 18-44,6.7
2022,Florida,Depression among adults,Race/Ethnicity,"Black, non-Hispanic",14.2
2022,Florida,Frequent mental distress among adults,Age,Age >=65,10.5
2022,Alaska,Frequent mental distress among adults,Age,Age >=65,8.2
2022,Alaska,Average mentally unhealthy days among adults,Race/Ethnicity,"Black, non-Hispanic",7.7
2021,West Virginia,Depression among adults,Sex,Male,19.9
2022,Alabama,Depression among adults,Age,Age 45-64,25.0
2022,Georgia,Depression among adults,Race/Ethnicity,Hispanic,14.7
2022,Hawaii,Depression among adults,Sex,Female,15.4
2022,Delaware,Depression among adults,Race/Ethnicity,"Black, non-Hispanic",15.2
2022,Arizona,Frequent mental distress among adults,Race/Ethnicity,"Black, non-Hispanic",19.1
2021,Wyoming,Frequent mental distress among adults,Race/Ethnicity,"Multiracial, non-Hispanic",23.5
2022,California,Average mentally unhealthy days among adults,Sex,Male,4.2
2022,Florida,Average mentally unhealthy days among adults,Race/Ethnicity,"American Indian or Alaska Native, non-Hispanic",6.4
2022,Alabama,Depression among adults,Race/Ethnicity,"White, non-Hispanic",27.1
2021,Wisconsin,Depression among adults,Sex,Female,27.8
2022,Colorado,Average mentally unhealthy days among adults,Race/Ethnicity,"American Indian or Alaska Native, non-Hispanic",8.6
2022,Alaska,Depression among adults,Age,Age >=65,13.8
2022,Colorado,Average mentally unhealthy days among adults,Sex,Female,6.0
2022,California,Depression among adults,Age,Age 18-44,19.8
2022,Guam,Average mentally unhealthy days among adults,Sex,Female,4.1
2022,Arizona,Frequent mental distress among adults,Sex,Male,14.0
2022,District of Columbia,Frequent mental distress among adults,Sex,Female,15.1
2022,Hawaii,Average mentally unhealthy days among adults,Race/Ethnicity,"Multiracial, non-Hispanic",4.8
2021,Wyoming,Frequent mental distress among adults,Age,Age 45-64,12.7
2022,Alabama,Average mentally unhealthy days among adults,Sex,Male,4.7
2022,Arkansas,Frequent mental distress among adults,Race/Ethnicity,"White, non-Hispanic",20.1
2021,West Virginia,Frequent mental distress among adults,Race/Ethnicity,"White, non-Hispanic",18.8
2022,Delaware,Frequent mental distress among adults,Age,Age 45-64,14.1
2021,Wisconsin,Postpartum depressive symptoms among women with a recent live birth,Race/Ethnicity,"White, non-Hispanic",9.5
2022,Delaware,Average mentally unhealthy days among adults,Race/Ethnicity,Hispanic,3.7
2022,Colorado,Frequent mental distress among adults,Race/Ethnicity,"Black, non-Hispanic",17.4
2021,Wisconsin,Average mentally unhealthy days among adults,Sex,Male,3.3
2021,West Virginia,Average mentally unhealthy days among adults,Race/Ethnicity,"White, non-Hispanic",1.7
2021,West Virginia,Frequent mental distress among adults,Age,Age >=65,12.6
2022,Delaware,Average mentally unhealthy days among adults,Sex,Female,5.1
2022,Arizona,Average mentally unhealthy days among adults,Age,Age 18-44,6.8
2022,Connecticut,Frequent mental distress among adults,Overall,Overall,15.4
2021,Wisconsin,Postpartum depressive symptoms among women with a recent live birth,Race/Ethnicity,"Asian, non-Hispanic",13.0
2022,Arizona,Frequent mental distress among adults,Race/Ethnicity,Hispanic,15.4
2022,Georgia,Average mentally unhealthy days among adults,Sex,Female,5.7
2022,California,Average mentally unhealthy days among adults,Race/Ethnicity,"Black, non-Hispanic",5.0
2021,West Virginia,Current poor mental health among high school students,Sex,Male,25.6
2021,Wisconsin,Frequent mental distress among adults,Race/Ethnicity,"Multiracial, non-Hispanic",22.4
2022,Georgia,Depression among adults,Sex,Female,25.0
2021,Wisconsin,Depression among adults,Overall,Overall,20.4
2022,Colorado,Depression among adults,Race/Ethnicity,"American Indian or Alaska Native, non-Hispanic",37.1
2022,Georgia,Average mentally unhealthy days among adults,Race/Ethnicity,"White, non-Hispanic",5.6
2021,Wisconsin,Depression among adults,Race/Ethnicity,"American Indian or Alaska Native, non-Hispanic",30.5
2022,Arizona,Depression among adults,Race/Ethnicity,Hispanic,15.3
2022,Georgia,Average mentally unhealthy days among adults,Age,Age >=65,3.2
2022,Georgia,Frequent mental distress among adults,Race/Ethnicity,"White, non-Hispanic",16.3
2022,Hawaii,Average mentally unhealthy days among adults,Age,Age 18-44,4.9
2021,Wyoming,Postpartum depressive symptoms among women with a recent live birth,Overall,Overall,17.4
2022,Colorado,Depression among adults,Race/Ethnicity,"Black, non-Hispanic",19.4
2022,California,Depression among adults,Race/Ethnicity,"American Indian or Alaska Native, non-Hispanic",17.1
2022,Connecticut,Depression among adults,Sex,Female,23.7
2022,Delaware,Depression among adults,Overall,Overall,19.9
2022,Delaware,Average mentally unhealthy days among adults,Race/Ethnicity,"White, non-Hispanic",4.4
2022,Florida,Frequent mental distress among adults,Race/Ethnicity,"American Indian or Alaska Native, non-Hispanic",23.3
2022,Alaska,Depression among adults,Overall,Overall,20.3
2022,Georgia,Average mentally unhealthy days among adults,Overall,Overall,5.2
2022,Alaska,Depression among adults,Sex,Male,14.1
2021,West Virginia,Depression among adults,Race/Ethnicity,"Multiracial, non-Hispanic",34.0
2022,District of Columbia,Depression among adults,Race/Ethnicity,"Multiracial, non-Hispanic",26.2
2022,Arizona,Depression among adults,Race/Ethnicity,"Asian, non-Hispanic",12.6
2022,Colorado,Average mentally unhealthy days among adults,Race/Ethnicity,"Multiracial, non-Hispanic",5.6
2022,California,Average mentally unhealthy days among adults,Sex,Female,5.2
2022,Arizona,Frequent mental distress among adults,Race/Ethnicity,"American Indian or Alaska Native, non-Hispanic",16.7
2022,Hawaii,Frequent mental distress among adults,Race/Ethnicity,Hispanic,18.6
2022,Alabama,Depression among adults,Sex,Female,31.3
2022,District of Columbia,Depression among adults,Age,Age >=65,13.8
2022,Connecticut,Frequent mental distress among adults,Race/Ethnicity,Hispanic,17.4
2022,Arizona,Average mentally unhealthy days among adults,Race/Ethnicity,"American Indian or Alaska Native, non-Hispanic",5.5
2022,Alabama,Frequent mental distress among adults,Race/Ethnicity,"Black, non-Hispanic",18.1
2022,Arkansas,Frequent mental distress among adults,Race/Ethnicity,Hispanic,15.1
2022,Guam,Average mentally unhealthy days among adults,Age,Age 18-44,5.0
2022,District of Columbia,Depression among adults,Race/Ethnicity,Hispanic,19.6
2022,Delaware,Average mentally unhealthy days among adults,Age,Age >=65,2.6
2021,West Virginia,Frequent mental distress among adults,Sex,Male,14.7
2021,Wisconsin,Frequent mental distress among adults,Overall,Overall,13.6
2022,Arkansas,Depression among adults,Sex,Male,19.3
2022,District of Columbia,Frequent mental distress among adults,Sex,Male,11.4
2021,Wisconsin,Frequent mental distress among adults,Sex,Female,18.8
2021,Wyoming,Frequent mental distress among adults,Age,Age 18-44,20.6
2022,District of Columbia,Depression among adults,Sex,Female,24.5
2022,Hawaii,Average mentally unhealthy days among adults,Race/Ethnicity,"Multiracial, non-Hispanic",4.7
2022,California,Average mentally unhealthy days among adults,Race/Ethnicity,Hispanic,4.7
2022,Delaware,Frequent mental distress among adults,Sex,Female,18.2
2022,District of Columbia,Average mentally unhealthy days among adults,Sex,Female,5.2
2022,Arizona,Frequent mental distress among adults,Age,Age >=65,9.5
2022,Alaska,Average mentally unhealthy days among adults,Race/Ethnicity,Hispanic,4.2
2021,Wisconsin,Depression among adults,Sex,Male,12.8
2022,Hawaii,Depression among adults,Race/Ethnicity,"Hawaiian or Pacific Islander, non-Hispanic",9.5
2022,Arizona,Depression among adults,Sex,Female,25.2
2022,Hawaii,Depression among adults,Race/Ethnicity,"White, non-Hispanic",18.0
2022,Alaska,Average mentally unhealthy days among adults,Sex,Male,3.8
2022,Arkansas,Average mentally unhealthy days among adults,Sex,Male,5.7
2022,Connecticut,Depression among adults,Race/Ethnicity,"Black, non-Hispanic",13.9
2022,California,Frequent mental distress among adults,Race/Ethnicity,Hispanic,14.0
2022,Alabama,Average mentally unhealthy days among adults,Race/Ethnicity,"White, non-Hispanic",5.5
2022,Arkansas,Average mentally unhealthy days among adults,Overall,Overall,6.1
2021,Wyoming,Frequent mental distress among adults,Sex,Female,18.1
2022,Colorado,Depression among adults,Race/Ethnicity,"Multiracial, non-Hispanic",24.5
2022,Florida,Depression among adults,Sex,Female,22.0
2022,Connecticut,Depression among adults,Race/Ethnicity,"Multiracial, non-Hispanic",24.5
2022,Guam,Average mentally unhealthy days among adults,Race/Ethnicity,Hispanic,3.2
2022,Florida,Depression among adults,Sex,Female,21.3
2022,Guam,Depression among adults,Race/Ethnicity,"Multiracial, non-Hispanic",18.4
2021,West Virginia,Postpartum depressive symptoms among women with a recent live birth,Race/Ethnicity,"White, non-Hispanic",12.0
2022,Hawaii,Average mentally unhealthy days among adults,Sex,Female,4.1
2021,West Virginia,Frequent mental distress among adults,Overall,Overall,19.3
2022,Guam,Depression among adults,Age,Age 18-44,12.9
2022,Colorado,Depression among adults,Race/Ethnicity,"Multiracial, non-Hispanic",26.8
2021,West Virginia,Current poor mental health among high school students,Grade,Grade 10,40.6
2022,Florida,Depression among adults,Age,Age 45-64,18.5
2022,Alaska,Average mentally unhealthy days among adults,Age,Age 45-64,3.5
2022,Hawaii,Depression among adults,Age,Age >=65,9.9
2022,Guam,Frequent mental distress among adults,Sex,Female,12.8
2022,Connecticut,Frequent mental distress among adults,Age,Age 18-44,20.0
2022,District of Columbia,Average mentally unhealthy days among adults,Age,Age >=65,2.3
2022,Delaware,Frequent mental distress among adults,Race/Ethnicity,"Black, non-Hispanic",14.0
2022,Colorado,Frequent mental distress among adults,Age,Age 45-64,13.3
2022,Alabama,Average mentally unhealthy days among adults,Age,Age >=65,3.3
2022,Colorado,Frequent mental distress among adults,Sex,Male,13.9
2022,Delaware,Depression among adults,Sex,Female,24.4
2021,Wisconsin,Depression among adults,Race/Ethnicity,"White, non-Hispanic",20.6
2022,Alabama,Average mentally unhealthy days among adults,Race/Ethnicity,"American Indian or Alaska Native, non-Hispanic",7.1
2022,Alaska,Average mentally unhealthy days among adults,Race/Ethnicity,"Asian, non-Hispanic",3.1
2022,Guam,Depression among adults,Race/Ethnicity,"Hawaiian or Pacific Islander, non-Hispanic",13.5
2022,Connecticut,Average mentally unhealthy days among adults,Race/Ethnicity,"White, non-Hispanic",4.7
2022,Hawaii,Frequent mental distress among adults,Overall,Overall,11.5
2022,Alaska,Frequent mental distress among adults,Sex,Female,19.0
2022,California,Depression among adults,Sex,Female,22.8
2022,California,Depression among adults,Race/Ethnicity,"Black, non-Hispanic",23.0
2022,Alaska,Average mentally unhealthy days among adults,Race/Ethnicity,"White, non-Hispanic",4.6
2022,California,Frequent mental distress among adults,Race/Ethnicity,"White, non-Hispanic",14.6
2022,Alaska,Frequent mental distress among adults,Overall,Overall,15.2
2022,Connecticut,Average mentally unhealthy days among adults,Race/Ethnicity,"Asian, non-Hispanic",3.4
2022,Alabama,Average mentally unhealthy days among adults,Race/Ethnicity,Hispanic,4.8
2022,Florida,Average mentally unhealthy days among adults,Race/Ethnicity,"Multiracial, non-Hispanic",6.3
2021,Wyoming,Postpartum depressive symptoms among women with a recent live birth,Race/Ethnicity,Hispanic,20.4
2022,Arkansas,Depression among adults,Overall,Overall,27.6
2022,Colorado,Depression among adults,Sex,Female,26.8
2021,West Virginia,Postpartum depressive symptoms among women with a recent live birth,Overall,Overall,11.5
2022,Georgia,Depression among adults,Race/Ethnicity,"Multiracial, non-Hispanic",32.8
2022,California,Average mentally unhealthy days among adults,Race/Ethnicity,"Black, non-Hispanic",5.3
2022,Florida,Depression among adults,Race/Ethnicity,"Multiracial, non-Hispanic",28.4
2022,Colorado,Depression among adults,Overall,Overall,21.8
2021,Wisconsin,Depression among adults,Race/Ethnicity,Hispanic,16.2
2022,Hawaii,Average mentally unhealthy days among adults,Race/Ethnicity,"Black, non-Hispanic",4.0
2022,Alaska,Frequent mental distress among adults,Overall,Overall,15.4
2022,Hawaii,Frequent mental distress among adults,Sex,Male,10.6
2022,California,Depression among adults,Age,Age >=65,15.3
2022,Georgia,Depression among adults,Overall,Overall,19.4
2022,Guam,Depression among adults,Sex,Female,13.6
2021,West Virginia,Depression among adults,Race/Ethnicity,"White, non-Hispanic",27.0
2022,Florida,Average mentally unhealthy days among adults,Age,Age 18-44,5.9
2022,Arizona,Frequent mental distress among adults,Sex,Female,20.4
2021,Wyoming,Frequent mental distress among adults,Race/Ethnicity,"White, non-Hispanic",15.0
2021,West Virginia,Frequent mental distress among adults,Age,Age 18-44,23.4
2022,Guam,Average mentally unhealthy days among adults,Race/Ethnicity,"Multiracial, non-Hispanic",6.4
2022,Connecticut,Average mentally unhealthy days among adults,Age,Age 18-44,6.2
2022,Delaware,Depression among adults,Age,Age 18-44,23.8
2022,Florida,Frequent mental distress among adults,Age,Age 18-44,18.7
2022,Delaware,Average mentally unhealthy days among adults,Race/Ethnicity,"Black, non-Hispanic",4.2
2022,Arizona,Average mentally unhealthy days among adults,Race/Ethnicity,"Multiracial, non-Hispanic",7.9
2022,Colorado,Frequent mental distress among adults,Age,Age 18-44,21.0
2022,Alabama,Average mentally unhealthy days among adults,Race/Ethnicity,"Black, non-Hispanic",5.6
2021,West Virginia,Current poor mental health among high school students,Sex,Female,50.8
2022,Florida,Average mentally unhealthy days among adults,Race/Ethnicity,"Asian, non-Hispanic",3.2
2022,District of Columbia,Frequent mental distress among adults,Race/Ethnicity,"Black, non-Hispanic",15.3
2022,California,Frequent mental distress among adults,Age,Age 18-44,17.2
2021,Wisconsin,Frequent mental distress among adults,Age,Age 45-64,11.7
2022,Alaska,Depression among adults,Race/Ethnicity,Hispanic,20.5
2022,Alabama,Depression among adults,Race/Ethnicity,"Multiracial, non-Hispanic",40.4
2022,District of Columbia,Frequent mental distress among adults,Overall,Overall,13.3
2022,Colorado,Frequent mental distress among adults,Race/Ethnicity,"American Indian or Alaska Native, non-Hispanic",26.6
2022,Delaware,Frequent mental distress among adults,Sex,Female,16.8
2022,Connecticut,Depression among adults,Age,Age 45-64,18.5
2021,West Virginia,Frequent mental distress among adults,Race/Ethnicity,Hispanic,25.4
2022,Arkansas,Average mentally unhealthy days among adults,Race/Ethnicity,Hispanic,4.8
2022,Florida,Frequent mental distress among adults,Race/Ethnicity,"Multiracial, non-Hispanic",18.5
2022,Alaska,Average mentally unhealthy days among adults,Overall,Overall,4.7
2022,Arkansas,Depression among adults,Race/Ethnicity,"Multiracial, non-Hispanic",36.2
2022,Delaware,Depression among adults,Race/Ethnicity,"Multiracial, non-Hispanic",28.6
2021,Wisconsin,Postpartum depressive symptoms among women with a recent live birth,Race/Ethnicity,"Multiracial, non-Hispanic",19.2
2022,Hawaii,Depression among adults,Overall,Overall,12.5
2022,Arkansas,Frequent mental distress among adults,Sex,Female,21.5
2021,Wyoming,Average mentally unhealthy days among adults,Overall,Overall,3.4
2022,Guam,Depression among adults,Race/Ethnicity,"Asian, non-Hispanic",5.6
2022,Georgia,Frequent mental distress among adults,Race/Ethnicity,"Black, non-Hispanic",16.0
2021,Wyoming,Average mentally unhealthy days among adults,Age,Age 18-44,4.2
2022,Guam,Frequent mental distress among adults,Age,Age 45-64,10.9
2022,Delaware,Average mentally unhealthy days among adults,Sex,Male,3.7
2022,Alaska,Average mentally unhealthy days among adults,Race/Ethnicity,"Asian, non-Hispanic",3.7
2022,Georgia,Frequent mental distress among adults,Sex,Male,13.7
2022,District of Columbia,Average mentally unhealthy days among adults,Overall,Overall,4.6
2022,California,Depression among adults,Race/Ethnicity,"Multiracial, non-Hispanic",26.4
2022,Alabama,Frequent mental distress among adults,Age,Age 45-64,18.8
2022,Connecticut,Frequent mental distress among adults,Sex,Female,16.5
2022,Georgia,Depression among adults,Sex,Female,24.6
2022,Georgia,Average mentally unhealthy days among adults,Race/Ethnicity,Hispanic,4.6
2022,Georgia,Average mentally unhealthy days among adults,Sex,Male,4.3
2022,California,Average mentally unhealthy days among adults,Race/Ethnicity,"American Indian or Alaska Native, non-Hispanic",6.5
2022,Georgia,Average mentally unhealthy days among adults,Race/Ethnicity,"Asian, non-Hispanic",4.0
2021,Wisconsin,Frequent mental distress among adults,Race/Ethnicity,"Multiracial, non-Hispanic",30.7
2022,Hawaii,Depression among adults,Sex,Female,16.3
2021,Wisconsin,Frequent mental distress among adults,Race/Ethnicity,Hispanic,14.5
2022,Georgia,Frequent mental distress among adults,Race/Ethnicity,Hispanic,13.9
2022,Arkansas,Frequent mental distress among adults,Race/Ethnicity,"American Indian or Alaska Native, non-Hispanic",17.9
2022,Colorado,Depression among adults,Race/Ethnicity,"Asian, non-Hispanic",14.9
2022,Florida,Frequent mental distress among adults,Race/Ethnicity,"Black, non-Hispanic",15.4
2021,Wyoming,Depression among adults,Sex,Female,29.4
2022,Alaska,Frequent mental distress among adults,Race/Ethnicity,"Multiracial, non-Hispanic",17.1
2022,Connecticut,Frequent mental distress among adults,Race/Ethnicity,"Multiracial, non-Hispanic",30.1
2021,Wyoming,Depression among adults,Age,Age >=65,13.5
2021,West Virginia,Depression among adults,Overall,Overall,28.9
2022,Delaware,Frequent mental distress among adults,Overall,Overall,14.4
2022,Delaware,Average mentally unhealthy days among adults,Overall,Overall,4.8
2021,West Virginia,Average mentally unhealthy days among adults,Overall,Overall,1.8
2021,West Virginia,Frequent mental distress among adults,Race/Ethnicity,"White, non-Hispanic",19.8
2022,Alabama,Frequent mental distress among adults,Race/Ethnicity,Hispanic,14.4
2022,Arizona,Depression among adults,Overall,Overall,20.2
2022,Delaware,Average mentally unhealthy days among adults,Race/Ethnicity,Hispanic,4.1
2022,District of Columbia,Depression among adults,Sex,Female,24.3
2021,West Virginia,Average mentally unhealthy days among adults,Sex,Female,1.8
2021,Wyoming,Depression among adults,Age,Age 45-64,18.7
2022,District of Columbia,Depression among adults,Overall,Overall,19.6
2022,Alabama,Depression among adults,Age,Age 18-44,26.5
2022,Florida,Frequent mental distress among adults,Race/Ethnicity,"American Indian or Alaska Native, non-Hispanic",23.9
2022,California,Frequent mental distress among adults,Race/Ethnicity,"Asian, non-Hispanic",10.3
2022,Hawaii,Frequent mental distress among adults,Race/Ethnicity,"White, non-Hispanic",12.7
2022,Connecticut,Frequent mental distress among adults,Race/Ethnicity,"Black, non-Hispanic",16.5
2022,Alabama,Frequent mental distress among adults,Sex,Female,20.9
2022,California,Average mentally unhealthy days among adults,Race/Ethnicity,"Multiracial, non-Hispanic",6.2
2022,Arizona,Frequent mental distress among adults,Race/Ethnicity,"Black, non-Hispanic",20.1
2021,Wyoming,Average mentally unhealthy days among adults,Race/Ethnicity,Hispanic,7.8
2022,California,Average mentally unhealthy days among adults,Sex,Female,5.1
2021,Wyoming,Frequent mental distress among adults,Race/Ethnicity,"Multiracial, non-Hispanic",27.6
2022,Arizona,Average mentally unhealthy days among adults,Age,Age 45-64,4.6
2022,Alabama,Depression among adults,Overall,Overall,24.0
2022,District of Columbia,Frequent mental distress among adults,Race/Ethnicity,Hispanic,12.2
2022,California,Depression among adults,Sex,Male,13.2
2022,Colorado,Average mentally unhealthy days among adults,Sex,Female,5.8
2021,Wyoming,Depression among adults,Race/Ethnicity,Hispanic,22.5
2022,Guam,Average mentally unhealthy days among adults,Sex,Female,4.2
2022,Florida,Frequent mental distress among adults,Sex,Female,18.2
2022,Arkansas,Depression among adults,Sex,Female,33.8
2022,Hawaii,Depression among adults,Race/Ethnicity,"Asian, non-Hispanic",7.4
2022,District of Columbia,Depression among adults,Race/Ethnicity,"Black, non-Hispanic",16.1
2022,Hawaii,Average mentally unhealthy days among adults,Race/Ethnicity,"Hawaiian or Pacific Islander, non-Hispanic",3.7
2022,Alabama,Average mentally unhealthy days among adults,Sex,Female,6.7
2022,Arkansas,Frequent mental distress among adults,Sex,Male,19.9
2021,Wyoming,Average mentally unhealthy days among adults,Sex,Female,4.0
2022,District of Columbia,Frequent mental distress among adults,Age,Age >=65,6.2
2022,Arkansas,Frequent mental distress among adults,Race/Ethnicity,"Multiracial, non-Hispanic",26.6
2021,Wisconsin,Depression among adults,Race/Ethnicity,"Black, non-Hispanic",24.6
2022,District of Columbia,Frequent mental distress among adults,Race/Ethnicity,"White, non-Hispanic",10.2
2022,Colorado,Frequent mental distress among adults,Race/Ethnicity,Hispanic,18.3
2021,Wisconsin,Average mentally unhealthy days among adults,Sex,Male,3.2
2022,Delaware,Frequent mental distress among adults,Race/Ethnicity,Hispanic,15.9
2022,Arkansas,Average mentally unhealthy days among adults,Race/Ethnicity,"White, non-Hispanic",6.6
2022,Hawaii,Frequent mental distress among adults,Race/Ethnicity,"Hawaiian or Pacific Islander, non-Hispanic",12.1
2022,District of Columbia,Depression among adults,Race/Ethnicity,Hispanic,22.6
2022,Arkansas,Average mentally unhealthy days among adults,Age,Age >=65,3.2
2022,Arizona,Average mentally unhealthy days among adults,Age,Age >=65,2.9
2022,Alabama,Average mentally unhealthy days among adults,Race/Ethnicity,"American Indian or Alaska Native, non-Hispanic",6.1
2022,Colorado,Average mentally unhealthy days among adults,Overall,Overall,5.1
2022,Massachusetts,Frequent mental distress among adults,Race/Ethnicity,"American Indian or Alaska Native, non-Hispanic",23.6
2022,Illinois,Frequent mental distress among adults,Race/Ethnicity,"White, non-Hispanic",13.0
2022,Maine,Depression among adults,Race/Ethnicity,"White, non-Hispanic",28.0
2022,Nevada,Frequent mental distress among adults,Race/Ethnicity,"Black, non-Hispanic",13.5
2022,Minnesota,Depression among adults,Sex,Male,17.7
2022,Idaho,Frequent mental distress among adults,Overall,Overall,15.7
2022,Kansas,Frequent mental distress among adults,Overall,Overall,15.9
2022,Indiana,Depression among adults,Overall,Overall,22.8
2022,Louisiana,Depression among adults,Race/Ethnicity,"Multiracial, non-Hispanic",34.8
2022,Minnesota,Depression among adults,Race/Ethnicity,"Multiracial, non-Hispanic",34.2
2022,Mississippi,Depression among adults,Race/Ethnicity,"Black, non-Hispanic",14.1
2022,Illinois,Average mentally unhealthy days among adults,Race/Ethnicity,Hispanic,3.7
2022,Kansas,Frequent mental distress among adults,Sex,Male,12.7
2022,Iowa,Average mentally unhealthy days among adults,Age,Age >=65,2.3
2022,Montana,Frequent mental distress among adults,Age,Age >=65,8.6
2022,Missouri,Frequent mental distress among adults,Race/Ethnicity,Hispanic,20.8
2022,Minnesota,Frequent mental distress among adults,Race/Ethnicity,"Asian, non-Hispanic",11.4
2022,Maine,Average mentally unhealthy days among adults,Sex,Female,6.4
2022,Kansas,Depression among adults,Race/Ethnicity,Hispanic,16.6
2022,Michigan,Depression among adults,Sex,Male,15.3
2022,Nebraska,Frequent mental distress among adults,Race/Ethnicity,Hispanic,9.6
2022,Kansas,Frequent mental distress among adults,Race/Ethnicity,Hispanic,13.7
2022,Maine,Frequent mental distress among adults,Race/Ethnicity,Hispanic,16.1
2022,Minnesota,Average mentally unhealthy days among adults,Sex,Male,4.1
2022,Missouri,Frequent mental distress among adults,Race/Ethnicity,"White, non-Hispanic",17.6
2022,Michigan,Frequent mental distress among adults,Sex,Female,19.7
2022,Michigan,Depression among adults,Race/Ethnicity,"Asian, non-Hispanic",6.2
2022,Louisiana,Depression among adults,Race/Ethnicity,"American Indian or Alaska Native, non-Hispanic",36.7
2022,Massachusetts,Frequent mental distress among adults,Sex,Male,11.9
2022,Illinois,Average mentally unhealthy days among adults,Overall,Overall,4.5
2022,Illinois,Average mentally unhealthy days among adults,Race/Ethnicity,"Black, non-Hispanic",5.1
2022,Mississippi,Frequent mental distress among adults,Race/Ethnicity,"White, non-Hispanic",17.4
2022,Indiana,Average mentally unhealthy days among adults,Race/Ethnicity,"Asian, non-Hispanic",3.7
2022,Iowa,Average mentally unhealthy days among adults,Race/Ethnicity,"White, non-Hispanic",4.3
2022,Michigan,Frequent mental distress among adults,Race/Ethnicity,"Multiracial, non-Hispanic",22.8
2022,Missouri,Depression among adults,Age,Age 45-64,21.2
2022,Montana,Frequent mental distress among adults,Sex,Female,19.3
2022,Mississippi,Depression among adults,Overall,Overall,21.1
2022,Nevada,Average mentally unhealthy days among adults,Overall,Overall,4.7
2022,Idaho,Depression among adults,Sex,Female,29.9
2022,Illinois,Depression among adults,Age,Age >=65,14.0
2022,Indiana,Frequent mental distress among adults,Age,Age 45-64,15.2
2022,Louisiana,Frequent mental distress among adults,Sex,Male,16.0
2022,Montana,Depression among adults,Sex,Male,16.6
2022,Indiana,Frequent mental distress among adults,Race/Ethnicity,"Multiracial, non-Hispanic",24.9
2022,Missouri,Average mentally unhealthy days among adults,Age,Age >=65,3.0
2022,Iowa,Depression among adults,Race/Ethnicity,"Black, non-Hispanic",12.5
2022,Montana,Average mentally unhealthy days among adults,Overall,Overall,5.1
2022,Illinois,Frequent mental distress among adults,Age,Age 18-44,17.0
2022,Kansas,Depression among adults,Overall,Overall,19.5
2022,Kentucky,Average mentally unhealthy days among adults,Race/Ethnicity,"White, non-Hispanic",4.6
2022,Louisiana,Frequent mental distress among adults,Age,Age 45-64,19.3
2022,Illinois,Depression among adults,Sex,Male,13.8
2022,Nevada,Depression among adults,Sex,Male,13.4
2022,Maryland,Frequent mental distress among adults,Race/Ethnicity,"Asian, non-Hispanic",8.8
2022,Nebraska,Average mentally unhealthy days among adults,Race/Ethnicity,Hispanic,3.1
2022,Maine,Average mentally unhealthy days among adults,Race/Ethnicity,"Multiracial, non-Hispanic",9.3
2022,Nebraska,Depression among adults,Sex,Male,10.4
2022,Indiana,Frequent mental distress among adults,Age,Age 18-44,21.8
2022,Maryland,Depression among adults,Race/Ethnicity,"Black, non-Hispanic",13.1
2022,Mississippi,Depression among adults,Sex,Female,27.1
2022,Louisiana,Average mentally unhealthy days among adults,Race/Ethnicity,Hispanic,6.7
2022,Nevada,Depression among adults,Age,Age 45-64,18.6
2022,Maine,Depression among adults,Overall,Overall,28.4
2022,Mississippi,Average mentally unhealthy days among adults,Race/Ethnicity,"White, non-Hispanic",5.2
2022,Nebraska,Frequent mental distress among adults,Sex,Female,15.7
2022,Maryland,Depression among adults,Overall,Overall,18.7
2022,Maine,Depression among adults,Race/Ethnicity,Hispanic,28.1
2022,Nevada,Average mentally unhealthy days among adults,Race/Ethnicity,Hispanic,5.0
2022,Kansas,Frequent mental distress among adults,Race/Ethnicity,"Black, non-Hispanic",18.9
2022,Nevada,Frequent mental distress among adults,Race/Ethnicity,"Multiracial, non-Hispanic",29.3
2022,Montana,Frequent mental distress among adults,Race/Ethnicity,"White, non-Hispanic",15.6
2022,Iowa,Average mentally unhealthy days among adults,Race/Ethnicity,"Asian, non-Hispanic",2.6
2022,Massachusetts,Frequent mental distress among adults,Age,Age 18-44,19.2
2022,Missouri,Frequent mental distress among adults,Overall,Overall,18.1
2022,Idaho,Depression among adults,Overall,Overall,23.2
2022,Maine,Average mentally unhealthy days among adults,Race/Ethnicity,"American Indian or Alaska Native, non-Hispanic",10.4
2022,Nebraska,Frequent mental distress among adults,Age,Age 18-44,15.9
2022,Mississippi,Frequent mental distress among adults,Sex,Male,13.9
2022,Idaho,Average mentally unhealthy days among adults,Race/Ethnicity,Hispanic,5.9
2022,Missouri,Frequent mental distress among adults,Sex,Female,21.7
2022,Michigan,Depression among adults,Race/Ethnicity,"White, non-Hispanic",23.8
2022,Louisiana,Frequent mental distress among adults,Race/Ethnicity,Hispanic,18.0
2022,Michigan,Frequent mental distress among adults,Race/Ethnicity,Hispanic,24.1
2022,Massachusetts,Depression among adults,Age,Age 45-64,20.3
2022,Montana,Depression among adults,Race/Ethnicity,Hispanic,31.9
2022,Indiana,Average mentally unhealthy days among adults,Overall,Overall,5.2
2022,Maryland,Depression among adults,Sex,Male,13.9
2022,Minnesota,Average mentally unhealthy days among adults,Race/Ethnicity,"White, non-Hispanic",5.0
2022,Nevada,Depression among adults,Race/Ethnicity,"Multiracial, non-Hispanic",23.5
2022,Michigan,Average mentally unhealthy days among adults,Race/Ethnicity,"Asian, non-Hispanic",2.2
2022,Kentucky,Average mentally unhealthy days among adults,Overall,Overall,5.0
2022,Indiana,Depression among adults,Race/Ethnicity,"Multiracial, non-Hispanic",33.8
2022,Michigan,Average mentally unhealthy days among adults,Overall,Overall,5.5
2022,Nebraska,Frequent mental distress among adults,Race/Ethnicity,"Black, non-Hispanic",12.4
2022,Kansas,Average mentally unhealthy days among adults,Race/Ethnicity,"Multiracial, non-Hispanic",8.5
2022,Nebraska,Average mentally unhealthy days among adults,Sex,Female,5.3
2022,Missouri,Depression among adults,Race/Ethnicity,"American Indian or Alaska Native, non-Hispanic",20.8
2022,Illinois,Frequent mental distress among adults,Race/Ethnicity,"Asian, non-Hispanic",8.8
2022,Missouri,Depression among adults,Sex,Female,29.6
2022,Maryland,Average mentally unhealthy days among adults,Race/Ethnicity,Hispanic,3.5
2022,Maryland,Average mentally unhealthy days among adults,Race/Ethnicity,"White, non-Hispanic",4.9
2022,Kentucky,Average mentally unhealthy days among adults,Race/Ethnicity,Hispanic,7.6
2022,Michigan,Average mentally unhealthy days among adults,Sex,Male,4.3
2022,Nevada,Frequent mental distress among adults,Sex,Female,17.5
2022,Massachusetts,Depression among adults,Race/Ethnicity,"Multiracial, non-Hispanic",40.9
2022,Indiana,Frequent mental distress among adults,Sex,Male,13.1
2022,Minnesota,Average mentally unhealthy days among adults,Age,Age 45-64,3.8
2022,Illinois,Depression among adults,Race/Ethnicity,"Asian, non-Hispanic",7.9
2022,Kentucky,Depression among adults,Race/Ethnicity,"Black, non-Hispanic",19.8
2022,Louisiana,Average mentally unhealthy days among adults,Sex,Male,5.0
2022,Nebraska,Depression among adults,Race/Ethnicity,"American Indian or Alaska Native, non-Hispanic",18.0
2022,Nebraska,Depression among adults,Race/Ethnicity,"Black, non-Hispanic",14.8
2022,Idaho,Depression among adults,Race/Ethnicity,Hispanic,21.8
2022,Iowa,Frequent mental distress among adults,Race/Ethnicity,Hispanic,13.5
2022,Maryland,Average mentally unhealthy days among adults,Sex,Female,5.4
2022,Kansas,Depression among adults,Sex,Male,12.6
2022,Maryland,Frequent mental distress among adults,Race/Ethnicity,"White, non-Hispanic",17.2
2022,Nevada,Frequent mental distress among adults,Age,Age 18-44,17.4
2022,Montana,Frequent mental distress among adults,Race/Ethnicity,Hispanic,21.6
2022,Indiana,Depression among adults,Race/Ethnicity,"American Indian or Alaska Native, non-Hispanic",29.4
2022,Mississippi,Average mentally unhealthy days among adults,Sex,Female,5.3
2022,Minnesota,Frequent mental distress among adults,Race/Ethnicity,"Multiracial, non-Hispanic",25.4
2022,Missouri,Average mentally unhealthy days among adults,Sex,Male,4.0
2022,Iowa,Depression among adults,Overall,Overall,19.2
2022,Michigan,Depression among adults,Race/Ethnicity,Hispanic,27.7
2022,Idaho,Average mentally unhealthy days among adults,Race/Ethnicity,"White, non-Hispanic",4.4
2022,Montana,Depression among adults,Age,Age 45-64,20.9
2022,Nebraska,Average mentally unhealthy days among adults,Overall,Overall,4.2
2022,Massachusetts,Frequent mental distress among adults,Race/Ethnicity,Hispanic,18.1
2022,Illinois,Frequent mental distress among adults,Race/Ethnicity,"Black, non-Hispanic",16.0
2022,Kansas,Frequent mental distress among adults,Sex,Male,12.4
2022,Louisiana,Frequent mental distress among adults,Race/Ethnicity,"White, non-Hispanic",21.4
2022,Minnesota,Average mentally unhealthy days among adults,Race/Ethnicity,Hispanic,5.3
2022,Maine,Frequent mental distress among adults,Age,Age >=65,8.9
2022,Kentucky,Depression among adults,Age,Age >=65,19.3
2022,Mississippi,Average mentally unhealthy days among adults,Overall,Overall,4.9
2022,Michigan,Frequent mental distress among adults,Race/Ethnicity,Hispanic,21.0
2022,Indiana,Average mentally unhealthy days among adults,Age,Age >=65,2.8
2022,Michigan,Average mentally unhealthy days among adults,Race/Ethnicity,"American Indian or Alaska Native, non-Hispanic",6.4
2022,Illinois,Average mentally unhealthy days among adults,Age,Age >=65,3.1
2022,Nevada,Depression among adults,Sex,Female,22.5
2022,Massachusetts,Average mentally unhealthy days among adults,Sex,Male,4.0
2022,Kansas,Average mentally unhealthy days among adults,Sex,Female,6.2
2022,Nebraska,Frequent mental distress among adults,Age,Age >=65,6.5
2022,Louisiana,Average mentally unhealthy days among adults,Race/Ethnicity,"American Indian or Alaska Native, non-Hispanic",4.0
2022,Kentucky,Depression among adults,Sex,Male,18.5
2022,Maine,Frequent mental distress among adults,Sex,Male,15.1
2022,Missouri,Depression among adults,Race/Ethnicity,"Black, non-Hispanic",16.2
2022,Missouri,Average mentally unhealthy days among adults,Race/Ethnicity,"Asian, non-Hispanic",2.1
2022,Missouri,Frequent mental distress among adults,Sex,Male,12.6
2022,Maryland,Depression among adults,Race/Ethnicity,"Black, non-Hispanic",13.6
2022,Louisiana,Average mentally unhealthy days among adults,Overall,Overall,6.4
2022,Louisiana,Average mentally unhealthy days among adults,Sex,Male,5.1
2022,Indiana,Average mentally unhealthy days among adults,Race/Ethnicity,"White, non-Hispanic",5.7
2022,Illinois,Frequent mental distress among adults,Overall,Overall,13.7
2022,Idaho,Frequent mental distress among adults,Race/Ethnicity,Hispanic,21.7
2022,Kentucky,Frequent mental distress among adults,Race/Ethnicity,"White, non-Hispanic",15.1
2022,Maryland,Depression among adults,Race/Ethnicity,"Multiracial, non-Hispanic",35.0
2022,Illinois,Frequent mental distress among adults,Age,Age >=65,10.2
2022,Iowa,Average mentally unhealthy days among adults,Race/Ethnicity,Hispanic,4.3
2022,Kentucky,Average mentally unhealthy days among adults,Overall,Overall,4.9
2022,Massachusetts,Average mentally unhealthy days among adults,Overall,Overall,4.7
2022,Indiana,Frequent mental distress among adults,Race/Ethnicity,"Black, non-Hispanic",17.1
2022,Minnesota,Average mentally unhealthy days among adults,Race/Ethnicity,"American Indian or Alaska Native, non-Hispanic",8.0
2022,Louisiana,Average mentally unhealthy days among adults,Race/Ethnicity,"White, non-Hispanic",6.5
2022,Nevada,Average mentally unhealthy days among adults,Race/Ethnicity,"Asian, non-Hispanic",3.0
2022,Nebraska,Depression among adults,Age,Age 18-44,20.9
2022,Michigan,Frequent mental distress among adults,Overall,Overall,16.7
2022,Maryland,Average mentally unhealthy days among adults,Race/Ethnicity,Hispanic,3.8
2022,Maryland,Average mentally unhealthy days among adults,Overall,Overall,4.8
2022,Maryland,Frequent mental distress among adults,Race/Ethnicity,Hispanic,11.3
2022,Minnesota,Depression among adults,Overall,Overall,24.5
2022,Missouri,Frequent mental distress among adults,Race/Ethnicity,Hispanic,17.7
2022,Nebraska,Frequent mental distress among adults,Overall,Overall,12.1
2022,Idaho,Average mentally unhealthy days among adults,Sex,Male,4.0
2022,Massachusetts,Depression among adults,Sex,Female,26.9
2022,Iowa,Frequent mental distress among adults,Race/Ethnicity,"Black, non-Hispanic",12.7
2022,Montana,Depression among adults,Race/Ethnicity,"American Indian or Alaska Native, non-Hispanic",26.5
2022,Louisiana,Depression among adults,Sex,Female,33.2
2022,Kansas,Frequent mental distress among adults,Race/Ethnicity,"White, non-Hispanic",16.7
2022,Maryland,Frequent mental distress among adults,Age,Age >=65,9.1
2022,Missouri,Average mentally unhealthy days among adults,Race/Ethnicity,"Multiracial, non-Hispanic",8.7
2022,Maryland,Frequent mental distress among adults,Age,Age 45-64,11.8
2022,Nevada,Frequent mental distress among adults,Race/Ethnicity,Hispanic,15.7
2022,Kansas,Frequent mental distress among adults,Age,Age >=65,7.1
2022,Michigan,Average mentally unhealthy days among adults,Race/Ethnicity,"Multiracial, non-Hispanic",7.8
2022,Iowa,Depression among adults,Sex,Female,25.6
2022,Maine,Depression among adults,Sex,Male,19.6
2022,Kansas,Average mentally unhealthy days among adults,Race/Ethnicity,"American Indian or Alaska Native, non-Hispanic",5.8
2022,Kentucky,Frequent mental distress among adults,Overall,Overall,16.4
2022,Nebraska,Average mentally unhealthy days among adults,Age,Age >=65,2.2
2022,Montana,Average mentally unhealthy days among adults,Sex,Female,5.9
2022,Massachusetts,Frequent mental distress among adults,Race/Ethnicity,"Black, non-Hispanic",13.5
2022,Kansas,Depression among adults,Race/Ethnicity,"White, non-Hispanic",19.7
2022,Mississippi,Frequent mental distress among adults,Age,Age 45-64,15.0
2022,Massachusetts,Depression among adults,Race/Ethnicity,"Asian, non-Hispanic",12.7
2022,Minnesota,Frequent mental distress among adults,Age,Age 45-64,11.6
2022,Kentucky,Average mentally unhealthy days among adults,Race/Ethnicity,"Black, non-Hispanic",5.7
2022,Illinois,Frequent mental distress among adults,Race/Ethnicity,Hispanic,12.1
2022,Indiana,Depression among adults,Age,Age 45-64,22.9
2022,Maine,Frequent mental distress among adults,Overall,Overall,16.3
2022,Kentucky,Depression among adults,Race/Ethnicity,"White, non-Hispanic",26.9
2022,Kentucky,Average mentally unhealthy days among adults,Sex,Male,4.3
2022,Nebraska,Depression among adults,Race/Ethnicity,Hispanic,9.4
2022,Montana,Average mentally unhealthy days among adults,Overall,Overall,5.5
2022,Massachusetts,Average mentally unhealthy days among adults,Race/Ethnicity,"White, non-Hispanic",5.2
2022,Kansas,Average mentally unhealthy days among adults,Race/Ethnicity,"Asian, non-Hispanic",3.0
2022,Maine,Frequent mental distress among adults,Race/Ethnicity,"White, non-Hispanic",15.4
2022,Nevada,Average mentally unhealthy days among adults,Age,Age >=65,3.2
2022,Iowa,Average mentally unhealthy days among adults,Sex,Male,3.4
2022,Louisiana,Frequent mental distress among adults,Sex,Female,25.2
2022,Idaho,Average mentally unhealthy days among adults,Age,Age >=65,2.5
2022,Michigan,Depression among adults,Age,Age 45-64,22.6
2022,Idaho,Frequent mental distress among adults,Race/Ethnicity,"White, non-Hispanic",13.8
2022,Indiana,Average mentally unhealthy days among adults,Race/Ethnicity,"Multiracial, non-Hispanic",5.9
2022,Iowa,Depression among adults,Race/Ethnicity,Hispanic,13.3
2022,Illinois,Depression among adults,Overall,Overall,17.7
2022,Montana,Average mentally unhealthy days among adults,Race/Ethnicity,"Multiracial, non-Hispanic",5.8
2022,Minnesota,Frequent mental distress among adults,Sex,Male,12.6
2022,Kentucky,Frequent mental distress among adults,Race/Ethnicity,Hispanic,26.3
2022,Kansas,Depression among adults,Age,Age >=65,12.3
2022,Maryland,Depression among adults,Race/Ethnicity,Hispanic,12.0
2022,Missouri,Depression among adults,Race/Ethnicity,"Multiracial, non-Hispanic",38.1
2022,Nebraska,Average mentally unhealthy days among adults,Race/Ethnicity,"Black, non-Hispanic",4.0
2022,Iowa,Frequent mental distress among adults,Sex,Male,9.9
2022,Indiana,Frequent mental distress among adults,Race/Ethnicity,Hispanic,13.9
2022,Nevada,Average mentally unhealthy days among adults,Race/Ethnicity,"White, non-Hispanic",5.2
2022,Massachusetts,Average mentally unhealthy days among adults,Age,Age >=65,3.0
2022,Nebraska,Depression among adults,Race/Ethnicity,"White, non-Hispanic",18.3
2022,Iowa,Average mentally unhealthy days among adults,Race/Ethnicity,"White, non-Hispanic",4.7
2022,Maryland,Average mentally unhealthy days among adults,Race/Ethnicity,"Asian, non-Hispanic",3.0
2022,Illinois,Average mentally unhealthy days among adults,Sex,Female,5.1
2022,Michigan,Frequent mental distress among adults,Age,Age >=65,8.3
2022,Nebraska,Frequent mental distress among adults,Race/Ethnicity,"Multiracial, non-Hispanic",28.9
2022,Maryland,Frequent mental distress among adults,Race/Ethnicity,"Black, non-Hispanic",14.5
2022,Nebraska,Average mentally unhealthy days among adults,Age,Age 18-44,5.4
2022,Minnesota,Frequent mental distress among adults,Overall,Overall,15.6
2022,Montana,Depression among adults,Race/Ethnicity,"Multiracial, non-Hispanic",30.7
2022,Nebraska,Depression among adults,Sex,Male,10.4
2022,Maine,Depression among adults,Race/Ethnicity,"White, non-Hispanic",25.6
2022,Missouri,Depression among adults,Age,Age 18-44,25.7
2022,Massachusetts,Average mentally unhealthy days among adults,Race/Ethnicity,Hispanic,5.3
2022,Massachusetts,Frequent mental distress among adults,Sex,Male,12.2
2022,Kansas,Average mentally unhealthy days among adults,Race/Ethnicity,"American Indian or Alaska Native, non-Hispanic",4.7
2022,Iowa,Average mentally unhealthy days among adults,Age,Age 45-64,4.0
2022,Mississippi,Frequent mental distress among adults,Race/Ethnicity,"White, non-Hispanic",15.6
2022,Nevada,Average mentally unhealthy days among adults,Age,Age 18-44,5.7
2022,Indiana,Average mentally unhealthy days among adults,Race/Ethnicity,"Asian, non-Hispanic",2.8
2022,Idaho,Frequent mental distress among adults,Overall,Overall,15.1
2022,Maryland,Depression among adults,Race/Ethnicity,"White, non-Hispanic",23.1
2022,Iowa,Average mentally unhealthy days among adults,Sex,Female,5.8
2022,Michigan,Depression among adults,Race/Ethnicity,"American Indian or Alaska Native, non-Hispanic",26.7
2022,Kansas,Average mentally unhealthy days among adults,Race/Ethnicity,"White, non-Hispanic",5.2
2022,Maine,Depression among adults,Age,Age >=65,17.3
2022,Montana,Depression among adults,Race/Ethnicity,"American Indian or Alaska Native, non-Hispanic",26.7
2022,Michigan,Depression among adults,Sex,Male,15.8
2022,Minnesota,Frequent mental distress among adults,Race/Ethnicity,"Black, non-Hispanic",14.0
2022,Montana,Frequent mental distress among adults,Race/Ethnicity,"White, non-Hispanic",17.5
2022,Idaho,Depression among adults,Overall,Overall,22.7
2022,Indiana,Frequent mental distress among adults,Overall,Overall,17.5
2022,Montana,Average mentally unhealthy days among adults,Race/Ethnicity,Hispanic,6.6
2022,Missouri,Average mentally unhealthy days among adults,Race/Ethnicity,"Multiracial, non-Hispanic",8.4
2022,Montana,Frequent mental distress among adults,Age,Age 18-44,24.0
2022,Nevada,Frequent mental distress among adults,Race/Ethnicity,"Multiracial, non-Hispanic",29.3
2022,Kansas,Frequent mental distress among adults,Race/Ethnicity,"Multiracial, non-Hispanic",28.3
2022,Kansas,Depression among adults,Race/Ethnicity,"White, non-Hispanic",21.3
2022,Idaho,Frequent mental distress among adults,Sex,Male,11.4
2022,Michigan,Frequent mental distress among adults,Sex,Male,13.5
2022,Louisiana,Depression among adults,Age,Age 45-64,26.0
2022,Illinois,Frequent mental distress among adults,Age,Age 45-64,11.3
2022,Maryland,Average mentally unhealthy days among adults,Race/Ethnicity,"Asian, non-Hispanic",3.2
2022,Nebraska,Depression among adults,Overall,Overall,17.0
2022,Montana,Depression among adults,Sex,Female,32.3
2022,Kentucky,Depression among adults,Sex,Female,32.8
2022,Iowa,Depression among adults,Race/Ethnicity,"Black, non-Hispanic",12.5
2022,Kentucky,Frequent mental distress among adults,Race/Ethnicity,"Black, non-Hispanic",19.8
2022,Montana,Frequent mental distress among adults,Race/Ethnicity,"American Indian or Alaska Native, non-Hispanic",26.2
2022,Idaho,Depression among adults,Race/Ethnicity,"White, non-Hispanic",22.1
2022,Louisiana,Depression among adults,Race/Ethnicity,"White, non-Hispanic",29.7
2022,Iowa,Frequent mental distress among adults,Race/Ethnicity,"White, non-Hispanic",14.6
2022,Indiana,Frequent mental distress among adults,Race/Ethnicity,"White, non-Hispanic",16.8
2022,Maryland,Average mentally unhealthy days among adults,Sex,Male,3.7
2022,Kansas,Frequent mental distress among adults,Sex,Female,19.4
2022,Illinois,Average mentally unhealthy days among adults,Race/Ethnicity,"Multiracial, non-Hispanic",7.3
2022,Iowa,Depression among adults,Sex,Male,11.2
2022,Kansas,Depression among adults,Overall,Overall,20.1
2022,Maryland,Average mentally unhealthy days among adults,Race/Ethnicity,"Multiracial, non-Hispanic",7.3
2022,Iowa,Frequent mental distress among adults,Age,Age 18-44,17.7
2022,Massachusetts,Frequent mental distress among adults,Age,Age 45-64,11.9
2022,Kansas,Average mentally unhealthy days among adults,Age,Age 45-64,4.1
2022,Maine,Average mentally unhealthy days among adults,Sex,Male,4.4
2022,Mississippi,Frequent mental distress among adults,Race/Ethnicity,Hispanic,23.4
2022,Massachusetts,Average mentally unhealthy days among adults,Race/Ethnicity,"Multiracial, non-Hispanic",7.6
2022,Mississippi,Frequent mental distress among adults,Age,Age 18-44,20.1
2022,Nebraska,Average mentally unhealthy days among adults,Race/Ethnicity,Hispanic,3.2
2022,Massachusetts,Depression among adults,Race/Ethnicity,"Multiracial, non-Hispanic",39.8
2022,Minnesota,Average mentally unhealthy days among adults,Overall,Overall,4.7
2022,Mississippi,Depression among adults,Sex,Female,26.0
2022,Maine,Average mentally unhealthy days among adults,Race/Ethnicity,"Multiracial, non-Hispanic",9.2
2022,Illinois,Average mentally unhealthy days among adults,Race/Ethnicity,"Black, non-Hispanic",5.0
2022,Minnesota,Average mentally unhealthy days among adults,Race/Ethnicity,"Multiracial, non-Hispanic",7.3
2022,Michigan,Average mentally unhealthy days among adults,Race/Ethnicity,"Asian, non-Hispanic",1.8
2022,Nevada,Depression among adults,Age,Age 18-44,19.8
2022,Kentucky,Depression among adults,Race/Ethnicity,"Black, non-Hispanic",18.9
2022,Iowa,Depression among adults,Age,Age >=65,12.0
2022,Maine,Depression among adults,Overall,Overall,26.3
2022,Michigan,Average mentally unhealthy days among adults,Overall,Overall,5.2
2022,Nebraska,Frequent mental distress among adults,Race/Ethnicity,"Black, non-Hispanic",12.7
2022,Nebraska,Average mentally unhealthy days among adults,Race/Ethnicity,"Asian, non-Hispanic",2.3
2022,Idaho,Frequent mental distress among adults,Age,Age >=65,8.2
2022,Maine,Depression among adults,Race/Ethnicity,Hispanic,26.3
2022,Missouri,Average mentally unhealthy days among adults,Race/Ethnicity,"Asian, non-Hispanic",1.9
2022,Massachusetts,Depression among adults,Sex,Male,16.2
2022,Minnesota,Depression among adults,Race/Ethnicity,"Black, non-Hispanic",17.6
2022,Massachusetts,Frequent mental distress among adults,Race/Ethnicity,"White, non-Hispanic",14.4
2022,Kansas,Depression among adults,Race/Ethnicity,Hispanic,14.9
2022,Kentucky,Average mentally unhealthy days among adults,Sex,Female,5.5
2022,Louisiana,Frequent mental distress among adults,Overall,Overall,20.7
2022,Maine,Average mentally unhealthy days among adults,Age,Age 45-64,4.7
2022,Illinois,Depression among adults,Sex,Female,22.1
2022,Louisiana,Average mentally unhealthy days among adults,Race/Ethnicity,"Black, non-Hispanic",6.1
2022,Nevada,Frequent mental distress among adults,Sex,Female,18.0
2022,Indiana,Average mentally unhealthy days among adults,Sex,Male,4.4
2022,Maryland,Depression among adults,Race/Ethnicity,"American Indian or Alaska Native, non-Hispanic",20.2
2022,Maryland,Frequent mental distress among adults,Overall,Overall,14.5
2022,Louisiana,Average mentally unhealthy days among adults,Race/Ethnicity,"Multiracial, non-Hispanic",8.0
2022,Indiana,Average mentally unhealthy days among adults,Overall,Overall,5.4
2022,Louisiana,Depression among adults,Age,Age >=65,20.9
2022,Montana,Depression among adults,Age,Age >=65,16.9
2022,Kentucky,Average mentally unhealthy days among adults,Age,Age >=65,3.4
2022,Idaho,Depression among adults,Race/Ethnicity,Hispanic,23.6
2022,Massachusetts,Frequent mental distress among adults,Race/Ethnicity,"Asian, non-Hispanic",6.9
2022,Illinois,Frequent mental distress among adults,Sex,Female,15.4
2022,Massachusetts,Average mentally unhealthy days among adults,Race/Ethnicity,"Asian, non-Hispanic",2.6
2022,Massachusetts,Depression among adults,Overall,Overall,21.6
2022,Illinois,Depression among adults,Race/Ethnicity,"White, non-Hispanic",20.4
2022,Louisiana,Depression among adults,Race/Ethnicity,"American Indian or Alaska Native, non-Hispanic",40.7
2022,Michigan,Frequent mental distress among adults,Race/Ethnicity,"White, non-Hispanic",17.7
2022,Mississippi,Depression among adults,Age,Age 45-64,24.5
2022,Maryland,Depression among adults,Race/Ethnicity,"American Indian or Alaska Native, non-Hispanic",22.9
2022,Nevada,Frequent mental distress among adults,Overall,Overall,14.8
2022,Maryland,Average mentally unhealthy days among adults,Age,Age >=65,2.9
2022,Missouri,Frequent mental distress among adults,Overall,Overall,17.3
2022,Iowa,Frequent mental distress among adults,Race/Ethnicity,"Multiracial, non-Hispanic",29.6
2022,Missouri,Average mentally unhealthy days among adults,Age,Age 18-44,6.9
2022,Iowa,Average mentally unhealthy days among adults,Race/Ethnicity,"Black, non-Hispanic",4.3
2022,Illinois,Average mentally unhealthy days among adults,Sex,Male,3.9
2022,Michigan,Depression among adults,Race/Ethnicity,Hispanic,25.0
2022,Minnesota,Depression among adults,Race/Ethnicity,"Asian, non-Hispanic",13.3
2022,Maine,Average mentally unhealthy days among adults,Race/Ethnicity,"White, non-Hispanic",4.8
2022,Nebraska,Average mentally unhealthy days among adults,Race/Ethnicity,"Black, non-Hispanic",4.1
2022,Michigan,Average mentally unhealthy days among adults,Sex,Female,6.1
2022,Massachusetts,Depression among adults,Race/Ethnicity,"Asian, non-Hispanic",14.3
2022,Minnesota,Average mentally unhealthy days among adults,Race/Ethnicity,"Asian, non-Hispanic",3.8
2022,Idaho,Average mentally unhealthy days among adults,Sex,Female,5.6
2022,Iowa,Frequent mental distress among adults,Sex,Female,18.3
2022,Mississippi,Frequent mental distress among adults,Race/Ethnicity,"Black, non-Hispanic",14.9
2022,Louisiana,Average mentally unhealthy days among adults,Sex,Female,7.3
2022,Illinois,Frequent mental distress among adults,Race/Ethnicity,"Multiracial, non-Hispanic",24.6
2022,Massachusetts,Average mentally unhealthy days among adults,Sex,Female,5.7
2022,Nebraska,Average mentally unhealthy days among adults,Sex,Female,5.1
2022,Montana,Average mentally unhealthy days among adults,Race/Ethnicity,"American Indian or Alaska Native, non-Hispanic",7.1
2022,Iowa,Frequent mental distress among adults,Overall,Overall,13.5
2022,Indiana,Depression among adults,Race/Ethnicity,"Multiracial, non-Hispanic",31.5
2022,Nebraska,Frequent mental distress among adults,Sex,Male,8.4
2022,Kentucky,Frequent mental distress among adults,Age,Age 45-64,15.7
2022,Mississippi,Average mentally unhealthy days among adults,Sex,Male,4.3
2022,Minnesota,Depression among adults,Race/Ethnicity,Hispanic,20.4
2022,Kentucky,Average mentally unhealthy days among adults,Race/Ethnicity,"Multiracial, non-Hispanic",9.5
2022,Illinois,Frequent mental distress among adults,Sex,Female,16.0
2022,Massachusetts,Depression among adults,Overall,Overall,22.2
2022,Missouri,Depression among adults,Race/Ethnicity,"Multiracial, non-Hispanic",38.0
2022,Massachusetts,Frequent mental distress among adults,Race/Ethnicity,"Multiracial, non-Hispanic",25.2
2022,Idaho,Average mentally unhealthy days among adults,Overall,Overall,4.7
2022,Illinois,Depression among adults,Race/Ethnicity,"Asian, non-Hispanic",8.1
2022,Illinois,Depression among adults,Race/Ethnicity,"White, non-Hispanic",21.9
2022,Louisiana,Frequent mental distress among adults,Race/Ethnicity,"Multiracial, non-Hispanic",29.0
2022,Maryland,Depression among adults,Sex,Male,13.5
2022,Massachusetts,Average mentally unhealthy days among adults,Overall,Overall,4.9
2022,Maine,Average mentally unhealthy days among adults,Sex,Male,4.7
2022,Illinois,Average mentally unhealthy days among adults,Race/Ethnicity,"Asian, non-Hispanic",3.1
2022,Indiana,Depression among adults,Sex,Male,15.4
2022,Kentucky,Frequent mental distress among adults,Race/Ethnicity,"White, non-Hispanic",15.7
2022,Nevada,Average mentally unhealthy days among adults,Race/Ethnicity,"Black, non-Hispanic",4.7
2022,Missouri,Frequent mental distress among adults,Race/Ethnicity,"Multiracial, non-Hispanic",26.8
2022,Maine,Frequent mental distress among adults,Race/Ethnicity,"Multiracial, non-Hispanic",31.6
2022,Maryland,Frequent mental distress among adults,Race/Ethnicity,"Multiracial, non-Hispanic",22.0
2022,Missouri,Frequent mental distress among adults,Age,Age >=65,9.4
2022,Nevada,Frequent mental distress among adults,Age,Age >=65,10.0
2022,Louisiana,Average mentally unhealthy days among adults,Overall,Overall,6.2
2022,Idaho,Frequent mental distress among adults,Sex,Male,11.8
2022,Minnesota,Frequent mental distress among adults,Race/Ethnicity,"Multiracial, non-Hispanic",25.2
2022,Missouri,Depression among adults,Sex,Female,28.5
2022,Iowa,Depression among adults,Race/Ethnicity,"White, non-Hispanic",20.2
2022,Nevada,Depression among adults,Race/Ethnicity,Hispanic,11.8
2022,Indiana,Average mentally unhealthy days among adults,Race/Ethnicity,Hispanic,4.3
2022,Illinois,Depression among adults,Overall,Overall,18.0
2022,Iowa,Depression among adults,Overall,Overall,18.5
2022,Nebraska,Average mentally unhealthy days among adults,Race/Ethnicity,"American Indian or Alaska Native, non-Hispanic",3.6
2022,Minnesota,Frequent mental distress among adults,Sex,Male,12.0
2022,Mississippi,Depression among adults,Sex,Male,14.5
2022,Mississippi,Frequent mental distress among adults,Sex,Male,13.5
2022,Michigan,Average mentally unhealthy days among adults,Age,Age 45-64,4.6
2022,Maine,Depression among adults,Sex,Male,20.8
2022,Minnesota,Frequent mental distress among adults,Race/Ethnicity,"American Indian or Alaska Native, non-Hispanic",28.8
2022,Michigan,Depression among adults,Race/Ethnicity,"White, non-Hispanic",25.6
2022,Kentucky,Depression among adults,Race/Ethnicity,"Multiracial, non-Hispanic",35.3
2022,Nevada,Average mentally unhealthy days among adults,Race/Ethnicity,"American Indian or Alaska Native, non-Hispanic",5.3
2022,Iowa,Average mentally unhealthy days among adults,Race/Ethnicity,"Multiracial, non-Hispanic",9.3
2022,Nebraska,Depression among adults,Race/Ethnicity,"Multiracial, non-Hispanic",32.1
2022,Nebraska,Depression among adults,Race/Ethnicity,"White, non-Hispanic",19.7
2022,Illinois,Average mentally unhealthy days among adults,Race/Ethnicity,"White, non-Hispanic",4.7
2022,Michigan,Frequent mental distress among adults,Overall,Overall,17.7
2022,Mississippi,Average mentally unhealthy days among adults,Overall,Overall,5.1
2022,Massachusetts,Average mentally unhealthy days among adults,Race/Ethnicity,"Multiracial, non-Hispanic",7.5
2022,Nebraska,Frequent mental distress among adults,Overall,Overall,12.5
2022,Kansas,Average mentally unhealthy days among adults,Sex,Male,4.1
2022,Nebraska,Frequent mental distress among adults,Race/Ethnicity,"White, non-Hispanic",13.0
2022,Mississippi,Frequent mental distress among adults,Race/Ethnicity,Hispanic,28.3
2022,Iowa,Frequent mental distress among adults,Age,Age >=65,7.1
2022,Nebraska,Average mentally unhealthy days among adults,Race/Ethnicity,"Multiracial, non-Hispanic",8.4
2022,Montana,Frequent mental distress among adults,Race/Ethnicity,Hispanic,19.8
2022,Michigan,Depression among adults,Overall,Overall,23.0
2022,Idaho,Frequent mental distress among adults,Race/Ethnicity,"Multiracial, non-Hispanic",22.5
2022,Kansas,Frequent mental distress among adults,Overall,Overall,16.6
2022,Nevada,Frequent mental distress among adults,Race/Ethnicity,"Black, non-Hispanic",13.3
2022,Indiana,Depression among adults,Race/Ethnicity,"American Indian or Alaska Native, non-Hispanic",28.7
2022,Montana,Average mentally unhealthy days among adults,Race/Ethnicity,"White, non-Hispanic",4.9
2022,Missouri,Average mentally unhealthy days among adults,Sex,Female,6.7
2022,Idaho,Average mentally unhealthy days among adults,Race/Ethnicity,"Multiracial, non-Hispanic",6.7
2022,Montana,Average mentally unhealthy days among adults,Sex,Female,6.4
2022,Maine,Frequent mental distress among adults,Overall,Overall,18.1
2022,Nebraska,Depression among adults,Age,Age >=65,9.8
2022,Minnesota,Average mentally unhealthy days among adults,Sex,Male,3.9
2022,Nevada,Average mentally unhealthy days among adults,Race/Ethnicity,"White, non-Hispanic",4.6
2022,Maryland,Average mentally unhealthy days among adults,Overall,Overall,4.6
2022,Massachusetts,Average mentally unhealthy days among adults,Race/Ethnicity,"Asian, non-Hispanic",2.9
2022,Illinois,Average mentally unhealthy days among adults,Overall,Overall,4.4
2022,Kansas,Average mentally unhealthy days among adults,Race/Ethnicity,"Asian, non-Hispanic",3.4
2022,Minnesota,Depression among adults,Overall,Overall,23.5
2022,Maine,Frequent mental distress among adults,Sex,Female,18.4
2022,Michigan,Average mentally unhealthy days among adults,Race/Ethnicity,"Multiracial, non-Hispanic",7.2
2022,Montana,Average mentally unhealthy days among adults,Age,Age 18-44,7.2
2022,Kansas,Frequent mental distress among adults,Race/Ethnicity,"Multiracial, non-Hispanic",25.4
2022,Minnesota,Depression among adults,Race/Ethnicity,"White, non-Hispanic",26.7
2022,Maryland,Depression among adults,Race/Ethnicity,Hispanic,12.0
2022,Minnesota,Depression among adults,Sex,Female,31.3
2022,Indiana,Average mentally unhealthy days among adults,Sex,Female,6.2
2022,Idaho,Depression among adults,Sex,Male,16.2
2022,Louisiana,Depression among adults,Sex,Male,19.0
2022,Iowa,Depression among adults,Race/Ethnicity,Hispanic,12.3
2022,Nevada,Depression among adults,Race/Ethnicity,"White, non-Hispanic",22.2
2022,Kentucky,Depression among adults,Sex,Female,34.1
2022,Nevada,Average mentally unhealthy days among adults,Age,Age 45-64,4.5
2022,Massachusetts,Depression among adults,Race/Ethnicity,"American Indian or Alaska Native, non-Hispanic",20.7
2022,Kansas,Average mentally unhealthy days among adults,Sex,Male,4.0
2022,Iowa,Average mentally unhealthy days among adults,Sex,Female,5.5
2022,Idaho,Depression among adults,Sex,Male,16.5
2022,Missouri,Average mentally unhealthy days among adults,Age,Age 45-64,4.5
2022,Nebraska,Average mentally unhealthy days among adults,Race/Ethnicity,"White, non-Hispanic",4.1
2022,Idaho,Frequent mental distress among adults,Race/Ethnicity,"Multiracial, non-Hispanic",23.9
2022,Indiana,Frequent mental distress among adults,Race/Ethnicity,Hispanic,13.9
2022,Mississippi,Average mentally unhealthy days among adults,Race/Ethnicity,Hispanic,6.7
2022,Maryland,Average mentally unhealthy days among adults,Age,Age 18-44,6.1
2022,Louisiana,Frequent mental distress among adults,Overall,Overall,20.1
2022,Nevada,Frequent mental distress among adults,Race/Ethnicity,Hispanic,15.8
2022,Idaho,Depression among adults,Age,Age >=65,15.2
2022,Massachusetts,Depression among adults,Race/Ethnicity,"White, non-Hispanic",22.8
2022,Illinois,Depression among adults,Race/Ethnicity,Hispanic,14.1
2022,Mississippi,Depression among adults,Race/Ethnicity,"White, non-Hispanic",25.8
2022,Minnesota,Average mentally unhealthy days among adults,Race/Ethnicity,"Asian, non-Hispanic",3.7
2022,Indiana,Frequent mental distress among adults,Sex,Female,20.3
2022,Maine,Depression among adults,Sex,Female,32.6
2022,Missouri,Depression among adults,Age,Age >=65,15.3
2022,Kentucky,Depression among adults,Overall,Overall,25.8
2022,Nevada,Depression among adults,Age,Age >=65,13.3
2022,Nebraska,Depression among adults,Overall,Overall,17.5
2022,Michigan,Frequent mental distress among adults,Race/Ethnicity,"American Indian or Alaska Native, non-Hispanic",23.5
2022,Massachusetts,Frequent mental distress among adults,Race/Ethnicity,"Asian, non-Hispanic",7.4
2022,Maryland,Depression among adults,Sex,Female,22.3
2022,Minnesota,Depression among adults,Race/Ethnicity,"American Indian or Alaska Native, non-Hispanic",31.2
2022,Maryland,Depression among adults,Age,Age 45-64,16.8
2022,Kansas,Depression among adults,Race/Ethnicity,"Black, non-Hispanic",19.6
2022,Maine,Depression among adults,Race/Ethnicity,"Multiracial, non-Hispanic",48.1
2022,Minnesota,Average mentally unhealthy days among adults,Overall,Overall,4.9
2022,Missouri,Frequent mental distress among adults,Age,Age 18-44,23.3
2022,Nevada,Average mentally unhealthy days among adults,Sex,Male,4.3
2022,Montana,Depression among adults,Overall,Overall,25.8
2022,Michigan,Depression among adults,Sex,Female,30.3
2022,Louisiana,Depression among adults,Race/Ethnicity,"White, non-Hispanic",28.5
2022,Michigan,Average mentally unhealthy days among adults,Race/Ethnicity,"White, non-Hispanic",5.1
2022,Minnesota,Frequent mental distress among adults,Race/Ethnicity,"Black, non-Hispanic",13.2
2022,Iowa,Frequent mental distress among adults,Race/Ethnicity,"White, non-Hispanic",13.4
2022,Michigan,Frequent mental distress among adults,Race/Ethnicity,"Black, non-Hispanic",18.5
2022,Montana,Frequent mental distress among adults,Sex,Female,21.3
2022,Idaho,Depression among adults,Age,Age 45-64,21.2
2022,Kentucky,Frequent mental distress among adults,Race/Ethnicity,"Black, non-Hispanic",19.1
2022,Montana,Average mentally unhealthy days among adults,Race/Ethnicity,Hispanic,7.3
2022,Missouri,Average mentally unhealthy days among adults,Race/Ethnicity,Hispanic,5.6
2022,Nebraska,Frequent mental distress among adults,Race/Ethnicity,"Multiracial, non-Hispanic",24.3
2022,Mississippi,Frequent mental distress among adults,Overall,Overall,16.5
2022,Massachusetts,Frequent mental distress among adults,Overall,Overall,14.6
2022,Minnesota,Frequent mental distress among adults,Overall,Overall,14.8
2022,Massachusetts,Depression among adults,Age,Age >=65,15.9
2022,Louisiana,Depression among adults,Age,Age 18-44,29.3
2022,Indiana,Average mentally unhealthy days among adults,Age,Age 45-64,4.7
2022,Iowa,Average mentally unhealthy days among adults,Overall,Overall,4.4
2022,Louisiana,Depression among adults,Overall,Overall,26.4
2022,Minnesota,Average mentally unhealthy days among adults,Race/Ethnicity,"Multiracial, non-Hispanic",7.2
2022,Indiana,Depression among adults,Race/Ethnicity,Hispanic,18.9
2022,Massachusetts,Average mentally unhealthy days among adults,Race/Ethnicity,"Black, non-Hispanic",4.2
2022,Indiana,Average mentally unhealthy days among adults,Race/Ethnicity,"American Indian or Alaska Native, non-Hispanic",5.6
2022,Kentucky,Average mentally unhealthy days among adults,Age,Age 18-44,5.7
2022,Montana,Depression among adults,Sex,Female,34.5
2022,Kansas,Average mentally unhealthy days among adults,Race/Ethnicity,"White, non-Hispanic",4.7
2022,Missouri,Average mentally unhealthy days among adults,Race/Ethnicity,"American Indian or Alaska Native, non-Hispanic",5.9
2022,Indiana,Frequent mental distress among adults,Overall,Overall,16.8
2022,Montana,Frequent mental distress among adults,Sex,Male,14.5
2022,Maine,Frequent mental distress among adults,Race/Ethnicity,"Black, non-Hispanic",14.3
2022,Kansas,Depression among adults,Age,Age 45-64,16.7
2022,Massachusetts,Frequent mental distress among adults,Race/Ethnicity,"White, non-Hispanic",15.8
2022,Illinois,Depression among adults,Age,Age 45-64,15.8
2022,Kentucky,Frequent mental distress among adults,Race/Ethnicity,"Multiracial, non-Hispanic",34.9
2022,Idaho,Average mentally unhealthy days among adults,Age,Age 45-64,3.7
2022,Michigan,Frequent mental distress among adults,Age,Age 18-44,22.5
2022,Michigan,Depression among adults,Race/Ethnicity,"Black, non-Hispanic",17.6
2022,Illinois,Frequent mental distress among adults,Sex,Male,12.0
2022,Illinois,Depression among adults,Sex,Female,21.5
2022,Maryland,Frequent mental distress among adults,Race/Ethnicity,"Black, non-Hispanic",13.7
2022,Missouri,Depression among adults,Race/Ethnicity,Hispanic,27.7
2022,Kentucky,Average mentally unhealthy days among adults,Race/Ethnicity,"Multiracial, non-Hispanic",8.1
2022,Massachusetts,Average mentally unhealthy days among adults,Race/Ethnicity,Hispanic,5.3
2022,Nevada,Depression among adults,Sex,Female,22.9
2022,Louisiana,Average mentally unhealthy days among adults,Race/Ethnicity,"Black, non-Hispanic",6.2
2022,Idaho,Average mentally unhealthy days among adults,Overall,Overall,4.9
2022,Nevada,Frequent mental distress among adults,Race/Ethnicity,"White, non-Hispanic",16.0
2022,Maryland,Frequent mental distress among adults,Sex,Female,18.4
2022,Maryland,Depression among adults,Race/Ethnicity,"Asian, non-Hispanic",9.4
2022,Indiana,Average mentally unhealthy days among adults,Sex,Male,4.3
2022,Iowa,Average mentally unhealthy days among adults,Race/Ethnicity,"Multiracial, non-Hispanic",9.8
2022,Nebraska,Depression among adults,Sex,Female,24.7
2022,Illinois,Frequent mental distress among adults,Overall,Overall,14.0
2022,Louisiana,Average mentally unhealthy days among adults,Race/Ethnicity,"Multiracial, non-Hispanic",8.7
2022,Missouri,Frequent mental distress among adults,Race/Ethnicity,"American Indian or Alaska Native, non-Hispanic",20.9
2022,Montana,Depression among adults,Age,Age 18-44,31.6
2022,Maryland,Average mentally unhealthy days among adults,Race/Ethnicity,"Multiracial, non-Hispanic",7.1
2022,Iowa,Depression among adults,Race/Ethnicity,"Multiracial, non-Hispanic",47.6
2022,Mississippi,Depression among adults,Race/Ethnicity,Hispanic,26.4
2022,Michigan,Depression among adults,Race/Ethnicity,"American Indian or Alaska Native, non-Hispanic",23.7
2022,Idaho,Frequent mental distress among adults,Age,Age 18-44,20.8
2022,Montana,Frequent mental distress among adults,Race/Ethnicity,"American Indian or Alaska Native, non-Hispanic",26.2
2022,Indiana,Depression among adults,Race/Ethnicity,"Black, non-Hispanic",15.2
2022,Kentucky,Frequent mental distress among adults,Sex,Male,14.2
2022,Minnesota,Average mentally unhealthy days among adults,Age,Age >=65,2.2
2022,Nevada,Frequent mental distress among adults,Overall,Overall,15.2
2022,Minnesota,Depression among adults,Race/Ethnicity,"Black, non-Hispanic",17.9
2022,Minnesota,Frequent mental distress among adults,Race/Ethnicity,Hispanic,16.6
2022,Idaho,Depression among adults,Race/Ethnicity,"Multiracial, non-Hispanic",35.3
2022,Louisiana,Depression among adults,Sex,Male,19.4
2022,Montana,Frequent mental distress among adults,Age,Age 45-64,12.5
2022,Iowa,Depression among adults,Sex,Male,11.6
2022,Maine,Average mentally unhealthy days among adults,Overall,Overall,5.1
2022,Iowa,Frequent mental distress among adults,Age,Age 45-64,12.4
2022,Kansas,Depression among adults,Sex,Male,12.5
2022,Nebraska,Average mentally unhealthy days among adults,Age,Age 45-64,3.5
2022,Maine,Average mentally unhealthy days among adults,Race/Ethnicity,"White, non-Hispanic",5.4
2022,Massachusetts,Depression among adults,Sex,Male,15.9
2022,Mississippi,Frequent mental distress among adults,Age,Age >=65,8.2
2022,Kansas,Depression among adults,Race/Ethnicity,"Multiracial, non-Hispanic",28.5
2022,Maryland,Frequent mental distress among adults,Race/Ethnicity,"American Indian or Alaska Native, non-Hispanic",26.4
2022,Minnesota,Average mentally unhealthy days among adults,Sex,Female,5.8
2022,Montana,Depression among adults,Race/Ethnicity,"Multiracial, non-Hispanic",31.2
2022,Mississippi,Average mentally unhealthy days among adults,Age,Age 18-44,6.1
2022,Missouri,Frequent mental distress among adults,Race/Ethnicity,"Black, non-Hispanic",21.0
2022,Montana,Average mentally unhealthy days among adults,Race/Ethnicity,"American Indian or Alaska Native, non-Hispanic",7.1
2022,Massachusetts,Average mentally unhealthy days among adults,Sex,Female,5.4
2022,Michigan,Average mentally unhealthy days among adults,Race/Ethnicity,"Black, non-Hispanic",5.5
2022,Kentucky,Frequent mental distress among adults,Sex,Female,18.6
2022,Nevada,Average mentally unhealthy days among adults,Race/Ethnicity,"Black, non-Hispanic",4.7
2022,Indiana,Average mentally unhealthy days among adults,Race/Ethnicity,"Black, non-Hispanic",5.4
2022,Indiana,Depression among adults,Race/Ethnicity,"White, non-Hispanic",25.2
2022,Mississippi,Depression among adults,Age,Age 18-44,21.9
2022,Indiana,Frequent mental distress among adults,Sex,Male,13.6
2022,Maine,Frequent mental distress among adults,Race/Ethnicity,"Multiracial, non-Hispanic",31.3
2022,Maine,Depression among adults,Race/Ethnicity,"American Indian or Alaska Native, non-Hispanic",44.5
2022,Louisiana,Frequent mental distress among adults,Race/Ethnicity,"White, non-Hispanic",20.0
2022,Michigan,Depression among adults,Age,Age >=65,14.7
2022,Montana,Average mentally unhealthy days among adults,Age,Age >=65,2.9
2022,Iowa,Depression among adults,Race/Ethnicity,"Multiracial, non-Hispanic",47.6
2022,Indiana,Average mentally unhealthy days among adults,Race/Ethnicity,Hispanic,4.4
2022,Nevada,Depression among adults,Race/Ethnicity,"White, non-Hispanic",24.2
2022,Kentucky,Frequent mental distress among adults,Race/Ethnicity,"Multiracial, non-Hispanic",29.4
2022,Minnesota,Frequent mental distress among adults,Sex,Female,17.5
2022,Maryland,Depression among adults,Age,Age 18-44,21.9
2022,Nebraska,Depression among adults,Race/Ethnicity,"Multiracial, non-Hispanic",28.3
2022,Nevada,Average mentally unhealthy days among adults,Sex,Female,5.3
2022,Missouri,Depression among adults,Race/Ethnicity,"White, non-Hispanic",23.2
2022,Maryland,Average mentally unhealthy days among adults,Race/Ethnicity,"Black, non-Hispanic",4.4
2022,Massachusetts,Average mentally unhealthy days among adults,Age,Age 45-64,4.0
2022,Mississippi,Frequent mental distress among adults,Race/Ethnicity,"Black, non-Hispanic",15.1
2022,Louisiana,Average mentally unhealthy days among adults,Sex,Female,7.6
2022,Illinois,Average mentally unhealthy days among adults,Race/Ethnicity,"White, non-Hispanic",4.2
2022,Maryland,Frequent mental distress among adults,Race/Ethnicity,"Multiracial, non-Hispanic",23.0
2022,Mississippi,Depression among adults,Race/Ethnicity,Hispanic,30.3
2022,Nebraska,Frequent mental distress among adults,Age,Age 45-64,10.5
2022,Missouri,Frequent mental distress among adults,Race/Ethnicity,"Multiracial, non-Hispanic",27.7
2022,Louisiana,Depression among adults,Race/Ethnicity,"Black, non-Hispanic",22.2
2022,Illinois,Frequent mental distress among adults,Race/Ethnicity,"Multiracial, non-Hispanic",28.1
2022,Iowa,Frequent mental distress among adults,Overall,Overall,14.1
2022,Nebraska,Frequent mental distress among adults,Sex,Male,8.6
2022,Maine,Average mentally unhealthy days among adults,Race/Ethnicity,"American Indian or Alaska Native, non-Hispanic",9.6
2022,Minnesota,Average mentally unhealthy days among adults,Race/Ethnicity,"White, non-Hispanic",4.5
2022,Kentucky,Frequent mental distress among adults,Age,Age 18-44,19.1
2022,Iowa,Frequent mental distress among adults,Race/Ethnicity,"Multiracial, non-Hispanic",26.8
2022,Mississippi,Average mentally unhealthy days among adults,Sex,Male,4.4
2022,Minnesota,Depression among adults,Sex,Female,29.8
2022,Minnesota,Frequent mental distress among adults,Race/Ethnicity,"White, non-Hispanic",13.9
2022,Iowa,Depression among adults,Race/Ethnicity,"White, non-Hispanic",18.9
2022,Minnesota,Depression among adults,Race/Ethnicity,Hispanic,19.1
2022,Kansas,Average mentally unhealthy days among adults,Overall,Overall,5.1
2022,Nebraska,Average mentally unhealthy days among adults,Race/Ethnicity,"American Indian or Alaska Native, non-Hispanic",3.8
2022,Iowa,Depression among adults,Age,Age 45-64,17.8
2022,Idaho,Average mentally unhealthy days among adults,Race/Ethnicity,"Multiracial, non-Hispanic",7.0
2022,Kansas,Depression among adults,Sex,Female,27.8
2022,Michigan,Depression among adults,Race/Ethnicity,"Multiracial, non-Hispanic",39.5
2022,Minnesota,Depression among adults,Race/Ethnicity,"Asian, non-Hispanic",11.5
2022,Montana,Average mentally unhealthy days among adults,Sex,Male,4.6
2022,Minnesota,Frequent mental distress among adults,Age,Age >=65,6.6
2022,Minnesota,Average mentally unhealthy days among adults,Age,Age 18-44,6.5
2022,Indiana,Depression among adults,Age,Age >=65,15.4
2022,Idaho,Average mentally unhealthy days among adults,Sex,Female,5.9
2022,Michigan,Frequent mental distress among adults,Race/Ethnicity,"White, non-Hispanic",16.1
2022,Michigan,Average mentally unhealthy days among adults,Sex,Female,6.5
2022,Maine,Frequent mental distress among adults,Race/Ethnicity,"American Indian or Alaska Native, non-Hispanic",31.6
2022,Massachusetts,Depression among adults,Race/Ethnicity,"Black, non-Hispanic",14.0
2022,Kentucky,Frequent mental distress among adults,Age,Age >=65,11.1
2022,Kansas,Average mentally unhealthy days among adults,Race/Ethnicity,"Black, non-Hispanic",5.8
2022,Massachusetts,Frequent mental distress among adults,Age,Age >=65,9.5
2022,Illinois,Average mentally unhealthy days among adults,Age,Age 45-64,3.7
2022,Idaho,Frequent mental distress among adults,Sex,Female,19.6
2022,Louisiana,Frequent mental distress among adults,Age,Age 18-44,24.2
2022,Idaho,Depression among adults,Age,Age 18-44,27.3
2022,Nebraska,Average mentally unhealthy days among adults,Sex,Male,3.1
2022,Maine,Frequent mental distress among adults,Sex,Female,21.0
2022,Indiana,Frequent mental distress among adults,Race/Ethnicity,"White, non-Hispanic",18.2
2022,Louisiana,Average mentally unhealthy days among adults,Age,Age 45-64,6.0
2022,Montana,Average mentally unhealthy days among adults,Age,Age 45-64,4.0
2022,Mississippi,Average mentally unhealthy days among adults,Race/Ethnicity,"Black, non-Hispanic",4.9
2022,Indiana,Average mentally unhealthy days among adults,Sex,Female,6.4
2022,Nevada,Depression among adults,Race/Ethnicity,Hispanic,12.1
2022,Montana,Average mentally unhealthy days among adults,Race/Ethnicity,"White, non-Hispanic",5.4
2022,Missouri,Depression among adults,Sex,Male,14.6
2022,Illinois,Average mentally unhealthy days among adults,Sex,Male,3.8
2022,Louisiana,Depression among adults,Race/Ethnicity,"Multiracial, non-Hispanic",31.4
2022,Idaho,Average mentally unhealthy days among adults,Race/Ethnicity,"American Indian or Alaska Native, non-Hispanic",5.0
2022,Iowa,Frequent mental distress among adults,Sex,Female,17.3
2022,Nevada,Average mentally unhealthy days among adults,Race/Ethnicity,"American Indian or Alaska Native, non-Hispanic",5.4
2022,Illinois,Depression among adults,Race/Ethnicity,"Black, non-Hispanic",10.2
2022,Maryland,Average mentally unhealthy days among adults,Race/Ethnicity,"American Indian or Alaska Native, non-Hispanic",8.0
2022,Maine,Depression among adults,Age,Age 18-44,34.6
2022,Massachusetts,Frequent mental distress among adults,Overall,Overall,15.2
2022,Nebraska,Frequent mental distress among adults,Race/Ethnicity,"White, non-Hispanic",12.0
2022,Maryland,Frequent mental distress among adults,Sex,Female,17.4
2022,Minnesota,Depression among adults,Age,Age 45-64,21.6
2022,Michigan,Average mentally unhealthy days among adults,Race/Ethnicity,Hispanic,6.3
2022,Minnesota,Depression among adults,Race/Ethnicity,"White, non-Hispanic",24.4
2022,Michigan,Frequent mental distress among adults,Race/Ethnicity,"American Indian or Alaska Native, non-Hispanic",19.3
2022,Montana,Frequent mental distress among adults,Race/Ethnicity,"Multiracial, non-Hispanic",20.4
2022,Kansas,Frequent mental distress among adults,Sex,Female,20.6
2022,Nevada,Depression among adults,Race/Ethnicity,"Black, non-Hispanic",19.6
2022,Maryland,Average mentally unhealthy days among adults,Sex,Male,3.9
2022,Kansas,Frequent mental distress among adults,Age,Age 45-64,13.3
2022,Maine,Average mentally unhealthy days among adults,Race/Ethnicity,"Black, non-Hispanic",4.2
2022,Idaho,Depression among adults,Race/Ethnicity,"American Indian or Alaska Native, non-Hispanic",30.1
2022,Missouri,Average mentally unhealthy days among adults,Race/Ethnicity,"White, non-Hispanic",5.3
2022,Missouri,Average mentally unhealthy days among adults,Sex,Female,6.3
2022,Mississippi,Average mentally unhealthy days among adults,Age,Age >=65,2.4
2022,Kentucky,Depression among adults,Age,Age 45-64,24.9
2022,Michigan,Average mentally unhealthy days among adults,Age,Age 18-44,7.1
2022,Indiana,Depression among adults,Overall,Overall,23.3
2022,Missouri,Depression among adults,Overall,Overall,21.8
2022,Massachusetts,Frequent mental distress among adults,Race/Ethnicity,"Multiracial, non-Hispanic",24.9
2022,Minnesota,Frequent mental distress among adults,Race/Ethnicity,"American Indian or Alaska Native, non-Hispanic",28.3
2022,Michigan,Depression among adults,Sex,Female,32.2
2022,Illinois,Depression among adults,Race/Ethnicity,"Multiracial, non-Hispanic",30.0
2022,Maine,Frequent mental distress among adults,Age,Age 45-64,14.7
2022,Kentucky,Depression among adults,Race/Ethnicity,"Multiracial, non-Hispanic",38.2
2022,Iowa,Average mentally unhealthy days among adults,Race/Ethnicity,"Asian, non-Hispanic",1.7
2022,Louisiana,Frequent mental distress among adults,Race/Ethnicity,"Multiracial, non-Hispanic",30.9
2022,Massachusetts,Depression among adults,Race/Ethnicity,Hispanic,20.7
2022,Mississippi,Frequent mental distress among adults,Sex,Female,17.7
2022,Indiana,Depression among adults,Sex,Male,15.7
2022,Maine,Average mentally unhealthy days among adults,Overall,Overall,5.6
2022,Illinois,Depression among adults,Sex,Male,13.6
2022,Kentucky,Average mentally unhealthy days among adults,Race/Ethnicity,Hispanic,6.7
2022,Nevada,Average mentally unhealthy days among adults,Sex,Male,4.1
2022,Kansas,Depression among adults,Race/Ethnicity,"Multiracial, non-Hispanic",29.5
2022,Illinois,Depression among adults,Race/Ethnicity,Hispanic,15.0
2022,Maryland,Depression among adults,Race/Ethnicity,"Asian, non-Hispanic",9.3
2022,Minnesota,Average mentally unhealthy days among adults,Sex,Female,5.5
2022,Indiana,Frequent mental distress among adults,Age,Age >=65,8.9
2022,Maryland,Frequent mental distress among adults,Race/Ethnicity,"American Indian or Alaska Native, non-Hispanic",21.9
2022,Louisiana,Average mentally unhealthy days among adults,Race/Ethnicity,Hispanic,6.1
2022,Nevada,Average mentally unhealthy days among adults,Race/Ethnicity,"Multiracial, non-Hispanic",8.8
2022,Indiana,Average mentally unhealthy days among adults,Age,Age 18-44,6.8
2022,Louisiana,Frequent mental distress among adults,Race/Ethnicity,"Black, non-Hispanic",20.2
2022,Minnesota,Depression among adults,Age,Age >=65,13.8
2022,Idaho,Depression among adults,Race/Ethnicity,"Multiracial, non-Hispanic",36.4
2022,Illinois,Frequent mental distress among adults,Race/Ethnicity,"White, non-Hispanic",14.3
2022,Michigan,Average mentally unhealthy days among adults,Race/Ethnicity,"American Indian or Alaska Native, non-Hispanic",5.6
2022,Maryland,Depression among adults,Overall,Overall,18.1
2022,Minnesota,Depression among adults,Race/Ethnicity,"American Indian or Alaska Native, non-Hispanic",32.4
2022,Massachusetts,Average mentally unhealthy days among adults,Race/Ethnicity,"Black, non-Hispanic",4.4
2022,Kansas,Depression among adults,Race/Ethnicity,"American Indian or Alaska Native, non-Hispanic",21.1
2022,Minnesota,Depression among adults,Sex,Male,17.2
2022,Missouri,Average mentally unhealthy days among adults,Overall,Overall,5.5
2022,Louisiana,Depression among adults,Sex,Female,34.3
2022,Michigan,Average mentally unhealthy days among adults,Race/Ethnicity,"White, non-Hispanic",5.6
2022,Maryland,Average mentally unhealthy days among adults,Age,Age 45-64,3.7
2022,Maine,Average mentally unhealthy days among adults,Race/Ethnicity,"Black, non-Hispanic",5.5
2022,Missouri,Frequent mental distress among adults,Age,Age 45-64,14.7
2022,Iowa,Average mentally unhealthy days among adults,Age,Age 18-44,5.8
2022,Maryland,Average mentally unhealthy days among adults,Race/Ethnicity,"White, non-Hispanic",5.5
2022,Michigan,Depression among adults,Race/Ethnicity,"Black, non-Hispanic",17.5
2022,Minnesota,Frequent mental distress among adults,Race/Ethnicity,"Asian, non-Hispanic",11.8
2022,Michigan,Average mentally unhealthy days among adults,Age,Age >=65,2.7
2022,Indiana,Depression among adults,Sex,Female,29.7
2022,Nebraska,Frequent mental distress among adults,Race/Ethnicity,Hispanic,9.5
2022,Nebraska,Average mentally unhealthy days among adults,Race/Ethnicity,"Multiracial, non-Hispanic",7.0
2022,Maine,Average mentally unhealthy days among adults,Race/Ethnicity,Hispanic,5.5
2022,Maine,Frequent mental distress among adults,Race/Ethnicity,Hispanic,17.6
2022,Massachusetts,Depression among adults,Race/Ethnicity,"White, non-Hispanic",24.6
2022,Kentucky,Depression among adults,Overall,Overall,26.4
2022,Minnesota,Average mentally unhealthy days among adults,Race/Ethnicity,"Black, non-Hispanic",4.8
2022,Mississippi,Depression among adults,Sex,Male,14.7
2022,Minnesota,Average mentally unhealthy days among adults,Race/Ethnicity,"Black, non-Hispanic",4.6
2022,Maine,Depression among adults,Sex,Female,36.0
2022,Illinois,Average mentally unhealthy days among adults,Race/Ethnicity,"Asian, non-Hispanic",3.2
2022,Nevada,Depression among adults,Overall,Overall,18.3
2022,Mississippi,Frequent mental distress among adults,Sex,Female,18.9
2022,Iowa,Average mentally unhealthy days among adults,Overall,Overall,4.6
2022,Nebraska,Depression among adults,Race/Ethnicity,"Black, non-Hispanic",14.3
2022,Maine,Depression among adults,Age,Age 45-64,24.2
2022,Iowa,Average mentally unhealthy days among adults,Sex,Male,3.2
2022,Indiana,Depression among adults,Race/Ethnicity,Hispanic,18.3
2022,Michigan,Depression among adults,Overall,Overall,24.1
2022,Kentucky,Depression among adults,Race/Ethnicity,Hispanic,30.0
2022,Montana,Frequent mental distress among adults,Sex,Male,13.6
2022,Idaho,Frequent mental distress among adults,Age,Age 45-64,11.4
2022,Missouri,Average mentally unhealthy days among adults,Race/Ethnicity,"American Indian or Alaska Native, non-Hispanic",5.5
2022,Kansas,Frequent mental distress among adults,Race/Ethnicity,"American Indian or Alaska Native, non-Hispanic",14.9
2022,Indiana,Depression among adults,Race/Ethnicity,"Black, non-Hispanic",15.3
2022,Illinois,Frequent mental distress among adults,Race/Ethnicity,"Asian, non-Hispanic",8.2
2022,Idaho,Frequent mental distress among adults,Race/Ethnicity,Hispanic,21.0
2022,Minnesota,Depression among adults,Race/Ethnicity,"Multiracial, non-Hispanic",37.2
2022,Massachusetts,Frequent mental distress among adults,Sex,Female,17.1
2022,Mississippi,Average mentally unhealthy days among adults,Race/Ethnicity,Hispanic,7.3
2022,Illinois,Frequent mental distress among adults,Sex,Male,11.8
2022,Louisiana,Frequent mental distress among adults,Race/Ethnicity,"Black, non-Hispanic",19.9
2022,Montana,Frequent mental distress among adults,Overall,Overall,17.8
2022,Nevada,Depression among adults,Sex,Male,13.7
2022,Nevada,Frequent mental distress among adults,Sex,Male,12.5
2022,Missouri,Depression among adults,Race/Ethnicity,Hispanic,27.1
2022,Montana,Depression among adults,Overall,Overall,24.5
2022,Indiana,Frequent mental distress among adults,Race/Ethnicity,"Black, non-Hispanic",16.9
2022,Kentucky,Average mentally unhealthy days among adults,Race/Ethnicity,"White, non-Hispanic",4.8
2022,Nebraska,Average mentally unhealthy days among adults,Race/Ethnicity,"White, non-Hispanic",4.4
2022,Idaho,Average mentally unhealthy days among adults,Race/Ethnicity,Hispanic,6.3
2022,Missouri,Frequent mental distress among adults,Sex,Female,23.3
2022,Michigan,Frequent mental distress among adults,Race/Ethnicity,"Multiracial, non-Hispanic",24.9
2022,Missouri,Frequent mental distress among adults,Race/Ethnicity,"White, non-Hispanic",16.2
2022,Massachusetts,Depression among adults,Age,Age 18-44,25.5
2022,Maryland,Depression among adults,Sex,Female,23.2
2022,Mississippi,Average mentally unhealthy days among adults,Age,Age 45-64,4.8
2022,Michigan,Average mentally unhealthy days among adults,Race/Ethnicity,"Black, non-Hispanic",5.6
2022,Kentucky,Average mentally unhealthy days among adults,Age,Age 45-64,4.8
2022,Kansas,Average mentally unhealthy days among adults,Race/Ethnicity,Hispanic,5.0
2022,Mississippi,Depression among adults,Overall,Overall,20.5
2022,Missouri,Depression among adults,Race/Ethnicity,"American Indian or Alaska Native, non-Hispanic",22.1
2022,Kansas,Frequent mental distress among adults,Race/Ethnicity,"Black, non-Hispanic",19.4
2022,Kentucky,Frequent mental distress among adults,Sex,Male,14.2
2022,Nevada,Average mentally unhealthy days among adults,Race/Ethnicity,Hispanic,5.0
2022,Illinois,Depression among adults,Age,Age 18-44,20.8
2022,Idaho,Depression among adults,Sex,Female,29.1
2022,Montana,Frequent mental distress among adults,Overall,Overall,16.4
2022,Nevada,Frequent mental distress among adults,Age,Age 45-64,14.6
2022,Minnesota,Frequent mental distress among adults,Race/Ethnicity,Hispanic,18.9
2022,Illinois,Average mentally unhealthy days among adults,Race/Ethnicity,Hispanic,3.9
2022,Louisiana,Average mentally unhealthy days among adults,Age,Age >=65,3.9
2022,Indiana,Frequent mental distress among adults,Race/Ethnicity,"Multiracial, non-Hispanic",21.9
2022,Missouri,Average mentally unhealthy days among adults,Race/Ethnicity,"Black, non-Hispanic",5.8
2022,Michigan,Average mentally unhealthy days among adults,Sex,Male,4.6
2022,Kansas,Average mentally unhealthy days among adults,Age,Age >=65,2.3
2022,Nebraska,Average mentally unhealthy days among adults,Overall,Overall,4.1
2022,Iowa,Average mentally unhealthy days among adults,Race/Ethnicity,Hispanic,4.2
2022,Maine,Average mentally unhealthy days among adults,Sex,Female,5.7
2022,Maryland,Frequent mental distress among adults,Sex,Male,11.4
2022,Indiana,Frequent mental distress among adults,Sex,Female,21.3
2022,Minnesota,Average mentally unhealthy days among adults,Race/Ethnicity,Hispanic,4.9
2022,Michigan,Depression among adults,Race/Ethnicity,"Multiracial, non-Hispanic",36.7
2022,Nebraska,Depression among adults,Sex,Female,23.6
2022,Montana,Depression among adults,Race/Ethnicity,"White, non-Hispanic",25.5
2022,Missouri,Frequent mental distress among adults,Race/Ethnicity,"American Indian or Alaska Native, non-Hispanic",18.9
2022,Nevada,Average mentally unhealthy days among adults,Race/Ethnicity,"Asian, non-Hispanic",3.2
2022,Nevada,Average mentally unhealthy days among adults,Overall,Overall,4.9
2022,Maine,Average mentally unhealthy days among adults,Age,Age 18-44,7.0
2022,Indiana,Average mentally unhealthy days among adults,Race/Ethnicity,"American Indian or Alaska Native, non-Hispanic",6.0
2022,Mississippi,Average mentally unhealthy days among adults,Race/Ethnicity,"White, non-Hispanic",4.7
2022,Kansas,Average mentally unhealthy days among adults,Race/Ethnicity,"Multiracial, non-Hispanic",8.0
2022,Nebraska,Frequent mental distress among adults,Sex,Female,16.5
2022,Minnesota,Average mentally unhealthy days among adults,Race/Ethnicity,"American Indian or Alaska Native, non-Hispanic",7.9
2022,Louisiana,Depression among adults,Race/Ethnicity,Hispanic,26.6
2022,Missouri,Frequent mental distress among adults,Sex,Male,13.0
2022,Montana,Frequent mental distress among adults,Race/Ethnicity,"Multiracial, non-Hispanic",19.8
2022,Idaho,Depression among adults,Race/Ethnicity,"American Indian or Alaska Native, non-Hispanic",32.6
2022,Kansas,Average mentally unhealthy days among adults,Race/Ethnicity,Hispanic,4.3
2022,Indiana,Average mentally unhealthy days among adults,Race/Ethnicity,"White, non-Hispanic",5.3
2022,Maryland,Depression among adults,Race/Ethnicity,"White, non-Hispanic",25.4
2022,Kentucky,Frequent mental distress among adults,Overall,Overall,16.1
2022,Idaho,Average mentally unhealthy days among adults,Race/Ethnicity,"White, non-Hispanic",4.8
2022,Montana,Average mentally unhealthy days among adults,Sex,Male,4.3
2022,Massachusetts,Frequent mental distress among adults,Race/Ethnicity,Hispanic,17.8
2022,Kansas,Frequent mental distress among adults,Race/Ethnicity,Hispanic,16.5
2022,Illinois,Frequent mental distress among adults,Race/Ethnicity,"Black, non-Hispanic",15.9
2022,Massachusetts,Average mentally unhealthy days among adults,Race/Ethnicity,"American Indian or Alaska Native, non-Hispanic",7.7
2022,Michigan,Frequent mental distress among adults,Sex,Female,21.1
2022,Louisiana,Average mentally unhealthy days among adults,Race/Ethnicity,"American Indian or Alaska Native, non-Hispanic",3.9
2022,Kansas,Average mentally unhealthy days among adults,Sex,Female,5.9
2022,Maine,Frequent mental distress among adults,Race/Ethnicity,"American Indian or Alaska Native, non-Hispanic",34.4
2022,Missouri,Depression among adults,Race/Ethnicity,"White, non-Hispanic",22.0
2022,Kentucky,Average mentally unhealthy days among adults,Sex,Female,5.7
2022,Kentucky,Average mentally unhealthy days among adults,Sex,Male,4.3
2022,Maryland,Average mentally unhealthy days among adults,Race/Ethnicity,"Black, non-Hispanic",4.6
2022,Nebraska,Depression among adults,Age,Age 45-64,16.5
2022,Illinois,Average mentally unhealthy days among adults,Age,Age 18-44,5.5
2022,Maryland,Frequent mental distress among adults,Race/Ethnicity,Hispanic,12.0
2022,Maryland,Average mentally unhealthy days among adults,Sex,Female,5.7
2022,Kansas,Average mentally unhealthy days among adults,Race/Ethnicity,"Black, non-Hispanic",5.9
2022,Mississippi,Depression among adults,Race/Ethnicity,"Black, non-Hispanic",14.0
2022,Nevada,Frequent mental distress among adults,Sex,Male,12.1
2022,Mississippi,Depression among adults,Age,Age >=65,12.5
2022,Montana,Depression among adults,Race/Ethnicity,"White, non-Hispanic",23.7
2022,Maine,Frequent mental distress among adults,Sex,Male,14.0
2022,Kentucky,Depression among adults,Sex,Male,18.4
2022,Nevada,Depression among adults,Race/Ethnicity,"Black, non-Hispanic",19.2
2022,Louisiana,Average mentally unhealthy days among adults,Age,Age 18-44,7.4
2022,Maryland,Frequent mental distress among adults,Overall,Overall,15.2
2022,Missouri,Depression among adults,Race/Ethnicity,"Black, non-Hispanic",16.1
2022,Nevada,Frequent mental distress among adults,Race/Ethnicity,"White, non-Hispanic",14.2
2022,Minnesota,Frequent mental distress among adults,Race/Ethnicity,"White, non-Hispanic",15.6
2022,Iowa,Frequent mental distress among adults,Race/Ethnicity,Hispanic,13.4
2022,Nevada,Depression among adults,Race/Ethnicity,"Multiracial, non-Hispanic",22.9
2022,Idaho,Average mentally unhealthy days among adults,Age,Age 18-44,6.5
2022,Iowa,Depression among adults,Sex,Female,27.0
2022,Minnesota,Frequent mental distress among adults,Sex,Female,18.6
2022,Kansas,Average mentally unhealthy days among adults,Overall,Overall,4.9
2022,Iowa,Depression among adults,Age,Age 18-44,22.4
2022,Maine,Average mentally unhealthy days among adults,Age,Age >=65,2.8
2022,Kansas,Depression among adults,Age,Age 18-44,24.8
2022,Maryland,Depression among adults,Age,Age >=65,12.2
2022,Indiana,Depression among adults,Age,Age 18-44,26.3
2022,Montana,Depression among adults,Race/Ethnicity,Hispanic,29.1
2022,Massachusetts,Depression among adults,Race/Ethnicity,"Black, non-Hispanic",14.4
2022,Iowa,Average mentally unhealthy days among adults,Race/Ethnicity,"Black, non-Hispanic",4.6
2022,Kansas,Frequent mental distress among adults,Race/Ethnicity,"American Indian or Alaska Native, non-Hispanic",17.6
2022,Michigan,Frequent mental distress among adults,Age,Age 45-64,15.0
2022,Illinois,Average mentally unhealthy days among adults,Race/Ethnicity,"Multiracial, non-Hispanic",6.4
2022,Massachusetts,Average mentally unhealthy days among adults,Race/Ethnicity,"White, non-Hispanic",4.7
2022,Indiana,Average mentally unhealthy days among adults,Race/Ethnicity,"Black, non-Hispanic",5.3
2022,Louisiana,Depression among adults,Race/Ethnicity,"Black, non-Hispanic",22.7
2022,Nebraska,Average mentally unhealthy days among adults,Sex,Male,3.2
2022,Louisiana,Frequent mental distress among adults,Sex,Female,24.0
2022,Maine,Depression among adults,Race/Ethnicity,"Black, non-Hispanic",16.2
2022,Maine,Depression among adults,Race/Ethnicity,"American Indian or Alaska Native, non-Hispanic",47.6
2022,Michigan,Depression among adults,Age,Age 18-44,28.0
2022,Mississippi,Average mentally unhealthy days among adults,Sex,Female,5.7
2022,Missouri,Average mentally unhealthy days among adults,Race/Ethnicity,Hispanic,6.1
2022,Montana,Average mentally unhealthy days among adults,Race/Ethnicity,"Multiracial, non-Hispanic",5.7
2022,Indiana,Depression among adults,Sex,Female,30.8
2022,Idaho,Depression among adults,Race/Ethnicity,"White, non-Hispanic",23.3
2022,Idaho,Average mentally unhealthy days among adults,Race/Ethnicity,"American Indian or Alaska Native, non-Hispanic",5.5
2022,Maryland,Depression among adults,Race/Ethnicity,"Multiracial, non-Hispanic",36.0
2022,Massachusetts,Frequent mental distress among adults,Race/Ethnicity,"Black, non-Hispanic",14.0
2022,Kansas,Depression among adults,Sex,Female,26.3
2022,Missouri,Depression among adults,Overall,Overall,22.4
2022,Michigan,Frequent mental distress among adults,Sex,Male,14.2
2022,Minnesota,Frequent mental distress among adults,Age,Age 18-44,21.1
2022,Illinois,Depression among adults,Race/Ethnicity,"Black, non-Hispanic",10.4
2022,Maryland,Average mentally unhealthy days among adults,Race/Ethnicity,"American Indian or Alaska Native, non-Hispanic",6.5
2022,Kentucky,Average mentally unhealthy days among adults,Race/Ethnicity,"Black, non-Hispanic",6.0
2022,Illinois,Depression among adults,Race/Ethnicity,"Multiracial, non-Hispanic",33.9
2022,Maine,Frequent mental distress among adults,Age,Age 18-44,23.0
2022,Louisiana,Frequent mental distress among adults,Race/Ethnicity,Hispanic,19.7
2022,Nevada,Average mentally unhealthy days among adults,Sex,Female,5.5
2022,Illinois,Frequent mental distress among adults,Race/Ethnicity,Hispanic,11.7
2022,Massachusetts,Average mentally unhealthy days among adults,Age,Age 18-44,6.1
2022,Louisiana,Depression among adults,Overall,Overall,27.0
2022,Kansas,Depression among adults,Race/Ethnicity,"Black, non-Hispanic",19.6
2022,Kentucky,Frequent mental distress among adults,Sex,Female,17.9
2022,Missouri,Frequent mental distress among adults,Race/Ethnicity,"Black, non-Hispanic",21.3
2022,Louisiana,Frequent mental distress among adults,Age,Age >=65,12.7
2022,Maine,Frequent mental distress among adults,Race/Ethnicity,"White, non-Hispanic",17.4
2022,Minnesota,Depression among adults,Age,Age 18-44,29.9
2022,Maryland,Frequent mental distress among adults,Race/Ethnicity,"White, non-Hispanic",15.4
2022,Kansas,Frequent mental distress among adults,Race/Ethnicity,"White, non-Hispanic",15.3
2022,Michigan,Frequent mental distress among adults,Race/Ethnicity,"Black, non-Hispanic",18.7
2022,Nevada,Depression among adults,Overall,Overall,18.0
2022,Louisiana,Frequent mental distress among adults,Sex,Male,15.7
2022,Maryland,Frequent mental distress among adults,Race/Ethnicity,"Asian, non-Hispanic",9.6
2022,Montana,Depression among adults,Sex,Male,17.4
2022,Nevada,Average mentally unhealthy days among adults,Race/Ethnicity,"Multiracial, non-Hispanic",8.8
2022,Maryland,Frequent mental distress among adults,Age,Age 18-44,19.2
2022,Michigan,Average mentally unhealthy days among adults,Race/Ethnicity,Hispanic,7.2
2022,Indiana,Average mentally unhealthy days among adults,Race/Ethnicity,"Multiracial, non-Hispanic",6.7
2022,Missouri,Depression among adults,Sex,Male,15.1
2022,Maine,Average mentally unhealthy days among adults,Race/Ethnicity,Hispanic,6.0
2022,Missouri,Average mentally unhealthy days among adults,Sex,Male,4.2
2022,Kansas,Depression among adults,Race/Ethnicity,"American Indian or Alaska Native, non-Hispanic",22.0
2022,Kentucky,Frequent mental distress among adults,Race/Ethnicity,Hispanic,22.1
2022,Kentucky,Depression among adults,Race/Ethnicity,Hispanic,34.4
2022,Louisiana,Depression among adults,Race/Ethnicity,Hispanic,24.9
2022,Mississippi,Frequent mental distress among adults,Overall,Overall,15.7
2022,Missouri,Average mentally unhealthy days among adults,Race/Ethnicity,"Black, non-Hispanic",5.9
2022,Mississippi,Depression among adults,Race/Ethnicity,"White, non-Hispanic",24.0
2022,Massachusetts,Depression among adults,Race/Ethnicity,Hispanic,21.2
2022,Missouri,Average mentally unhealthy days among adults,Overall,Overall,5.2
2022,Iowa,Frequent mental distress among adults,Sex,Male,9.6
2022,Louisiana,Average mentally unhealthy days among adults,Race/Ethnicity,"White, non-Hispanic",6.1
2022,Kentucky,Depression among adults,Race/Ethnicity,"White, non-Hispanic",26.1
2022,Kentucky,Depression among adults,Age,Age 18-44,29.9
2022,Nebraska,Depression among adults,Race/Ethnicity,Hispanic,9.4
2022,Illinois,Average mentally unhealthy days among adults,Sex,Female,4.9
2022,Massachusetts,Frequent mental distress among adults,Sex,Female,18.1
2022,Michigan,Depression among adults,Race/Ethnicity,"Asian, non-Hispanic",7.4
2022,Idaho,Frequent mental distress among adults,Race/Ethnicity,"White, non-Hispanic",15.0
2022,Massachusetts,Average mentally unhealthy days among adults,Sex,Male,4.1
2022,Maryland,Frequent mental distress among adults,Sex,Male,11.8
2022,Idaho,Average mentally unhealthy days among adults,Sex,Male,3.8
2022,Maine,Depression among adults,Race/Ethnicity,"Multiracial, non-Hispanic",48.2
2022,Indiana,Depression among adults,Race/Ethnicity,"White, non-Hispanic",23.9
2022,Iowa,Frequent mental distress among adults,Race/Ethnicity,"Black, non-Hispanic",12.7
2022,Missouri,Average mentally unhealthy days among adults,Race/Ethnicity,"White, non-Hispanic",4.9
2022,Mississippi,Average mentally unhealthy days among adults,Race/Ethnicity,"Black, non-Hispanic",4.8
2022,Kansas,Frequent mental distress among adults,Age,Age 18-44,22.0
2022,South Carolina,Depression among adults,Age,Age >=65,14.7
2022,United States,Depression among adults,Race/Ethnicity,"White, non-Hispanic",23.1
2022,Puerto Rico,Depression among adults,Race/Ethnicity,Hispanic,17.5
2022,New York,Average mentally unhealthy days among adults,Race/Ethnicity,Hispanic,5.1
2022,New Jersey,Depression among adults,Race/Ethnicity,"White, non-Hispanic",18.8
2022,New Mexico,Depression among adults,Age,Age 45-64,21.2
2022,North Carolina,Frequent mental distress among adults,Race/Ethnicity,"Multiracial, non-Hispanic",36.5
2022,Texas,Depression among adults,Age,Age 45-64,19.9
2022,Ohio,Frequent mental distress among adults,Race/Ethnicity,"White, non-Hispanic",17.3
2022,Oregon,Frequent mental distress among adults,Race/Ethnicity,"Black, non-Hispanic",21.6
2022,United States,Frequent mental distress among adults,Race/Ethnicity,"Asian, non-Hispanic",9.9
2022,Oklahoma,Frequent mental distress among adults,Age,Age 18-44,23.5
2022,North Carolina,Frequent mental distress among adults,Age,Age 18-44,19.9
2022,Texas,Average mentally unhealthy days among adults,Race/Ethnicity,"Asian, non-Hispanic",3.1
2022,Oklahoma,Frequent mental distress among adults,Race/Ethnicity,"Multiracial, non-Hispanic",22.0
2022,Rhode Island,Average mentally unhealthy days among adults,Overall,Overall,4.8
2022,Tennessee,Average mentally unhealthy days among adults,Race/Ethnicity,"Black, non-Hispanic",5.6
2022,Texas,Average mentally unhealthy days among adults,Age,Age 18-44,5.9
2022,New Jersey,Depression among adults,Sex,Male,10.9
2022,Oregon,Average mentally unhealthy days among adults,Sex,Male,4.5
2022,Texas,Frequent mental distress among adults,Race/Ethnicity,"Multiracial, non-Hispanic",19.8
2022,South Dakota,Average mentally unhealthy days among adults,Race/Ethnicity,"American Indian or Alaska Native, non-Hispanic",6.4
2022,Rhode Island,Average mentally unhealthy days among adults,Sex,Male,4.4
2022,North Carolina,Depression among adults,Race/Ethnicity,"Multiracial, non-Hispanic",34.4
2022,Pennsylvania,Average mentally unhealthy days among adults,Overall,Overall,5.1
2022,Texas,Depression among adults,Sex,Female,24.9
2022,Tennessee,Frequent mental distress among adults,Race/Ethnicity,"Multiracial, non-Hispanic",25.0
2022,North Dakota,Frequent mental distress among adults,Age,Age >=65,6.0
2022,Puerto Rico,Frequent mental distress among adults,Sex,Female,16.4
2022,New Mexico,Average mentally unhealthy days among adults,Overall,Overall,5.0
2022,Pennsylvania,Depression among adults,Sex,Male,15.0
2022,Ohio,Depression among adults,Age,Age >=65,17.0
2022,Ohio,Average mentally unhealthy days among adults,Overall,Overall,5.7
2022,South Dakota,Depression among adults,Race/Ethnicity,"Multiracial, non-Hispanic",39.6
2022,Rhode Island,Frequent mental distress among adults,Race/Ethnicity,"Black, non-Hispanic",13.1
2022,Pennsylvania,Frequent mental distress among adults,Sex,Male,11.9
2022,North Carolina,Average mentally unhealthy days among adults,Race/Ethnicity,"Asian, non-Hispanic",3.6
2022,United States,Depression among adults,Race/Ethnicity,"American Indian or Alaska Native, non-Hispanic",24.7
2022,New York,Frequent mental distress among adults,Sex,Male,13.6
2022,Oregon,Frequent mental distress among adults,Overall,Overall,18.8
2022,New Hampshire,Average mentally unhealthy days among adults,Race/Ethnicity,"Asian, non-Hispanic",1.9
2022,New Mexico,Average mentally unhealthy days among adults,Sex,Female,5.2
2022,Oregon,Average mentally unhealthy days among adults,Race/Ethnicity,"Black, non-Hispanic",6.3
2022,Ohio,Average mentally unhealthy days among adults,Race/Ethnicity,"Black, non-Hispanic",5.7
2022,United States,Average mentally unhealthy days among adults,Race/Ethnicity,"Hawaiian or Pacific Islander, non-Hispanic",6.0
2022,Oregon,Depression among adults,Race/Ethnicity,Hispanic,22.0
2022,South Dakota,Depression among adults,Sex,Male,12.8
2022,Oregon,Frequent mental distress among adults,Sex,Male,15.3
2022,Oklahoma,Average mentally unhealthy days among adults,Race/Ethnicity,"Asian, non-Hispanic",1.8
2022,South Carolina,Depression among adults,Race/Ethnicity,"Black, non-Hispanic",14.9
2022,New Jersey,Frequent mental distress among adults,Race/Ethnicity,"Asian, non-Hispanic",12.1
2022,South Carolina,Average mentally unhealthy days among adults,Race/Ethnicity,"Black, non-Hispanic",4.8
2022,Oklahoma,Frequent mental distress among adults,Sex,Female,21.9
2022,Utah,Depression among adults,Race/Ethnicity,"White, non-Hispanic",28.2
2022,Utah,Average mentally unhealthy days among adults,Race/Ethnicity,"Black, non-Hispanic",4.6
2022,Oklahoma,Depression among adults,Race/Ethnicity,"Multiracial, non-Hispanic",29.3
2022,Oregon,Depression among adults,Age,Age 18-44,27.9
2022,Rhode Island,Depression among adults,Race/Ethnicity,"Multiracial, non-Hispanic",39.4
2022,New Jersey,Frequent mental distress among adults,Overall,Overall,14.2
2022,United States,Frequent mental distress among adults,Sex,Male,13.0
2022,Rhode Island,Average mentally unhealthy days among adults,Race/Ethnicity,Hispanic,4.6
2022,Puerto Rico,Average mentally unhealthy days among adults,Sex,Male,3.6
2022,Utah,Frequent mental distress among adults,Race/Ethnicity,"White, non-Hispanic",16.7
2022,Tennessee,Average mentally unhealthy days among adults,Race/Ethnicity,Hispanic,6.6
2022,New York,Average mentally unhealthy days among adults,Race/Ethnicity,"Black, non-Hispanic",4.8
2022,Texas,Average mentally unhealthy days among adults,Race/Ethnicity,"White, non-Hispanic",5.4
2022,United States,Average mentally unhealthy days among adults,Overall,Overall,4.9
2022,Rhode Island,Frequent mental distress among adults,Sex,Female,19.3
2022,South Dakota,Frequent mental distress among adults,Age,Age 45-64,14.6
2022,South Carolina,Average mentally unhealthy days among adults,Sex,Female,5.9
2022,United States,Depression among adults,Sex,Male,15.2
2022,Ohio,Depression among adults,Race/Ethnicity,"American Indian or Alaska Native, non-Hispanic",33.8
2022,New York,Depression among adults,Overall,Overall,17.8
2022,Utah,Average mentally unhealthy days among adults,Age,Age 18-44,6.8
2022,Rhode Island,Depression among adults,Sex,Male,17.4
2022,Ohio,Depression among adults,Sex,Male,18.5
2022,New Mexico,Depression among adults,Sex,Male,16.8
2022,Ohio,Depression among adults,Sex,Female,31.2
2022,North Carolina,Average mentally unhealthy days among adults,Sex,Female,6.1
2022,United States,Frequent mental distress among adults,Overall,Overall,15.8
2022,Texas,Frequent mental distress among adults,Race/Ethnicity,"Black, non-Hispanic",19.6
2022,Ohio,Average mentally unhealthy days among adults,Race/Ethnicity,Hispanic,7.5
2022,New Hampshire,Frequent mental distress among adults,Race/Ethnicity,"White, non-Hispanic",18.5
2022,Oregon,Average mentally unhealthy days among adults,Race/Ethnicity,"White, non-Hispanic",5.9
2022,Rhode Island,Frequent mental distress among adults,Overall,Overall,16.2
2022,Ohio,Frequent mental distress among adults,Race/Ethnicity,"American Indian or Alaska Native, non-Hispanic",23.0
2022,South Dakota,Average mentally unhealthy days among adults,Sex,Female,4.7
2022,Pennsylvania,Average mentally unhealthy days among adults,Race/Ethnicity,"Asian, non-Hispanic",3.0
2022,New Jersey,Depression among adults,Race/Ethnicity,"Asian, non-Hispanic",10.3
2022,Texas,Depression among adults,Race/Ethnicity,"Black, non-Hispanic",19.3
2022,Tennessee,Depression among adults,Race/Ethnicity,"White, non-Hispanic",34.0
2022,North Dakota,Depression among adults,Race/Ethnicity,Hispanic,24.1
2022,Utah,Average mentally unhealthy days among adults,Race/Ethnicity,"American Indian or Alaska Native, non-Hispanic",4.5
2022,North Carolina,Average mentally unhealthy days among adults,Overall,Overall,4.9
2022,New York,Depression among adults,Race/Ethnicity,"Multiracial, non-Hispanic",24.0
2022,Utah,Average mentally unhealthy days among adults,Race/Ethnicity,"Multiracial, non-Hispanic",7.4
2022,New Mexico,Depression among adults,Race/Ethnicity,"White, non-Hispanic",23.1
2022,New Jersey,Average mentally unhealthy days among adults,Race/Ethnicity,"Multiracial, non-Hispanic",5.8
2022,Pennsylvania,Frequent mental distress among adults,Race/Ethnicity,"White, non-Hispanic",15.3
2022,New York,Frequent mental distress among adults,Race/Ethnicity,"Black, non-Hispanic",15.3
2022,South Carolina,Depression among adults,Race/Ethnicity,"Multiracial, non-Hispanic",23.0
2022,North Dakota,Average mentally unhealthy days among adults,Race/Ethnicity,"White, non-Hispanic",4.1
2022,United States,Depression among adults,Age,Age 45-64,20.0
2022,Ohio,Frequent mental distress among adults,Race/Ethnicity,"Asian, non-Hispanic",7.9
2022,South Dakota,Average mentally unhealthy days among adults,Race/Ethnicity,"Multiracial, non-Hispanic",5.9
2022,New Mexico,Average mentally unhealthy days among adults,Age,Age 18-44,6.0
2022,New Hampshire,Average mentally unhealthy days among adults,Age,Age 18-44,7.4
2022,United States,Average mentally unhealthy days among adults,Race/Ethnicity,"Multiracial, non-Hispanic",6.9
2022,New Hampshire,Average mentally unhealthy days among adults,Sex,Female,6.5
2022,Pennsylvania,Depression among adults,Race/Ethnicity,"White, non-Hispanic",23.7
2022,Pennsylvania,Frequent mental distress among adults,Race/Ethnicity,"Asian, non-Hispanic",8.4
2022,United States,Depression among adults,Race/Ethnicity,"Black, non-Hispanic",16.6
2022,Oklahoma,Depression among adults,Age,Age 18-44,30.5
2022,United States,Frequent mental distress among adults,Race/Ethnicity,"White, non-Hispanic",17.2
2022,Pennsylvania,Frequent mental distress among adults,Age,Age >=65,8.5
2022,Oregon,Depression among adults,Overall,Overall,24.8
2022,United States,Average mentally unhealthy days among adults,Race/Ethnicity,"Asian, non-Hispanic",3.5
2022,North Dakota,Depression among adults,Race/Ethnicity,"White, non-Hispanic",21.5
2022,Texas,Average mentally unhealthy days among adults,Race/Ethnicity,Hispanic,4.8
2022,Tennessee,Average mentally unhealthy days among adults,Race/Ethnicity,"White, non-Hispanic",6.4
2022,New York,Average mentally unhealthy days among adults,Overall,Overall,4.9
2022,Rhode Island,Depression among adults,Sex,Female,27.0
2022,South Carolina,Frequent mental distress among adults,Age,Age >=65,8.5
2022,Tennessee,Average mentally unhealthy days among adults,Age,Age 45-64,5.3
2022,New York,Frequent mental distress among adults,Age,Age 18-44,18.5
2022,South Dakota,Frequent mental distress among adults,Overall,Overall,12.8
2022,North Carolina,Frequent mental distress among adults,Race/Ethnicity,"Black, non-Hispanic",15.9
2022,Utah,Average mentally unhealthy days among adults,Race/Ethnicity,"American Indian or Alaska Native, non-Hispanic",4.6
2022,South Dakota,Frequent mental distress among adults,Age,Age 18-44,15.7
2022,Ohio,Frequent mental distress among adults,Age,Age 18-44,24.9
2022,New York,Depression among adults,Age,Age >=65,13.3
2022,North Dakota,Depression among adults,Overall,Overall,21.6
2022,New Hampshire,Frequent mental distress among adults,Sex,Male,15.9
2022,Ohio,Depression among adults,Race/Ethnicity,"Black, non-Hispanic",22.2
2022,North Carolina,Average mentally unhealthy days among adults,Age,Age >=65,3.1
2022,North Dakota,Depression among adults,Sex,Female,31.0
2022,Ohio,Depression among adults,Sex,Female,32.7
2022,South Carolina,Depression among adults,Overall,Overall,20.6
2022,Ohio,Average mentally unhealthy days among adults,Race/Ethnicity,"White, non-Hispanic",5.4
2022,Oklahoma,Average mentally unhealthy days among adults,Race/Ethnicity,Hispanic,4.3
2022,United States,Average mentally unhealthy days among adults,Age,Age 18-44,6.2
2022,United States,Average mentally unhealthy days among adults,Overall,Overall,5.1
2022,New Jersey,Average mentally unhealthy days among adults,Sex,Male,3.7
2022,New York,Average mentally unhealthy days among adults,Race/Ethnicity,Hispanic,5.1
2022,New Mexico,Average mentally unhealthy days among adults,Age,Age 45-64,4.5
2022,Tennessee,Depression among adults,Race/Ethnicity,Hispanic,27.6
2022,North Dakota,Average mentally unhealthy days among adults,Age,Age >=65,1.9
2022,United States,Frequent mental distress among adults,Race/Ethnicity,"Hawaiian or Pacific Islander, non-Hispanic",19.9
2022,Puerto Rico,Depression among adults,Overall,Overall,17.5
2022,New Jersey,Frequent mental distress among adults,Race/Ethnicity,Hispanic,13.6
2022,North Dakota,Average mentally unhealthy days among adults,Race/Ethnicity,"American Indian or Alaska Native, non-Hispanic",6.6
2022,Ohio,Frequent mental distress among adults,Race/Ethnicity,"American Indian or Alaska Native, non-Hispanic",24.6
2022,Utah,Average mentally unhealthy days among adults,Sex,Female,6.2
2022,New York,Frequent mental distress among adults,Race/Ethnicity,Hispanic,17.1
2022,Utah,Frequent mental distress among adults,Overall,Overall,16.1
2022,South Carolina,Frequent mental distress among adults,Sex,Male,13.3
2022,Texas,Depression among adults,Race/Ethnicity,"American Indian or Alaska Native, non-Hispanic",25.3
2022,Oregon,Depression among adults,Race/Ethnicity,"White, non-Hispanic",26.3
2022,New Jersey,Average mentally unhealthy days among adults,Overall,Overall,4.5
2022,New Hampshire,Frequent mental distress among adults,Age,Age 45-64,13.4
2022,Rhode Island,Depression among adults,Overall,Overall,22.9
2022,North Dakota,Average mentally unhealthy days among adults,Race/Ethnicity,"Multiracial, non-Hispanic",5.8
2022,New York,Depression among adults,Sex,Male,13.8
2022,Rhode Island,Average mentally unhealthy days among adults,Sex,Male,4.2
2022,Oregon,Frequent mental distress among adults,Sex,Female,20.7
2022,New Hampshire,Average mentally unhealthy days among adults,Race/Ethnicity,"Multiracial, non-Hispanic",8.9
2022,United States,Depression among adults,Race/Ethnicity,Hispanic,17.6
2022,New Mexico,Frequent mental distress among adults,Sex,Female,17.0
2022,North Dakota,Frequent mental distress among adults,Race/Ethnicity,Hispanic,27.4
2022,North Carolina,Average mentally unhealthy days among adults,Race/Ethnicity,"Multiracial, non-Hispanic",9.6
2022,Pennsylvania,Frequent mental distress among adults,Race/Ethnicity,Hispanic,16.9
2022,Pennsylvania,Depression among adults,Race/Ethnicity,Hispanic,19.7
2022,South Carolina,Depression among adults,Race/Ethnicity,"White, non-Hispanic",22.4
2022,Oklahoma,Depression among adults,Sex,Male,20.2
2022,South Carolina,Average mentally unhealthy days among adults,Race/Ethnicity,"Multiracial, non-Hispanic",8.1
2022,Oklahoma,Depression among adults,Race/Ethnicity,"American Indian or Alaska Native, non-Hispanic",35.5
2022,Rhode Island,Depression among adults,Race/Ethnicity,"Asian, non-Hispanic",10.5
2022,Oklahoma,Frequent mental distress among adults,Overall,Overall,18.1
2022,New Mexico,Frequent mental distress among adults,Overall,Overall,16.7
2022,North Dakota,Frequent mental distress among adults,Sex,Female,19.1
2022,North Carolina,Depression among adults,Race/Ethnicity,"American Indian or Alaska Native, non-Hispanic",28.9
2022,South Dakota,Depression among adults,Age,Age 45-64,20.1
2022,Tennessee,Average mentally unhealthy days among adults,Race/Ethnicity,"American Indian or Alaska Native, non-Hispanic",10.7
2022,Texas,Depression among adults,Race/Ethnicity,"Multiracial, non-Hispanic",26.0
2022,New Mexico,Depression among adults,Race/Ethnicity,Hispanic,20.1
2022,New Jersey,Depression among adults,Sex,Male,11.1
2022,United States,Frequent mental distress among adults,Race/Ethnicity,"White, non-Hispanic",15.5
2022,New Hampshire,Average mentally unhealthy days among adults,Sex,Male,4.8
2022,United States,Frequent mental distress among adults,Age,Age >=65,9.4
2022,Utah,Depression among adults,Age,Age 18-44,31.8
2022,New Jersey,Frequent mental distress among adults,Age,Age 45-64,12.5
2022,Tennessee,Frequent mental distress among adults,Overall,Overall,20.3
2022,North Carolina,Depression among adults,Race/Ethnicity,"American Indian or Alaska Native, non-Hispanic",29.5
2022,Tennessee,Frequent mental distress among adults,Race/Ethnicity,"White, non-Hispanic",22.0
2022,South Dakota,Depression among adults,Age,Age >=65,10.1
2022,Ohio,Depression among adults,Race/Ethnicity,"Multiracial, non-Hispanic",41.2
2022,New Jersey,Frequent mental distress among adults,Race/Ethnicity,"White, non-Hispanic",13.7
2022,North Carolina,Frequent mental distress among adults,Overall,Overall,15.9
2022,Utah,Depression among adults,Race/Ethnicity,"American Indian or Alaska Native, non-Hispanic",19.6
2022,Oklahoma,Average mentally unhealthy days among adults,Race/Ethnicity,"Black, non-Hispanic",5.8
2022,New Mexico,Frequent mental distress among adults,Race/Ethnicity,"White, non-Hispanic",17.7
2022,Pennsylvania,Depression among adults,Race/Ethnicity,"Asian, non-Hispanic",9.2
2022,Oregon,Frequent mental distress among adults,Race/Ethnicity,Hispanic,18.6
2022,United States,Average mentally unhealthy days among adults,Race/Ethnicity,"White, non-Hispanic",4.9
2022,Puerto Rico,Average mentally unhealthy days among adults,Overall,Overall,4.1
2022,Tennessee,Depression among adults,Race/Ethnicity,"American Indian or Alaska Native, non-Hispanic",29.9
2022,Texas,Frequent mental distress among adults,Sex,Female,19.5
2022,Texas,Frequent mental distress among adults,Age,Age 18-44,19.1
2022,South Carolina,Frequent mental distress among adults,Race/Ethnicity,"White, non-Hispanic",16.7
2022,Oregon,Frequent mental distress among adults,Age,Age >=65,10.0
2022,North Carolina,Depression among adults,Race/Ethnicity,"White, non-Hispanic",26.0
2022,New Hampshire,Depression among adults,Overall,Overall,26.8
2022,Pennsylvania,Average mentally unhealthy days among adults,Race/Ethnicity,"Multiracial, non-Hispanic",7.0
2022,United States,Frequent mental distress among adults,Race/Ethnicity,"Black, non-Hispanic",16.7
2022,Oregon,Depression among adults,Race/Ethnicity,Hispanic,20.4
2022,Rhode Island,Frequent mental distress among adults,Race/Ethnicity,Hispanic,14.6
2022,South Dakota,Depression among adults,Race/Ethnicity,"White, non-Hispanic",16.6
2022,New Hampshire,Depression among adults,Race/Ethnicity,"Multiracial, non-Hispanic",40.8
2022,Puerto Rico,Depression among adults,Sex,Male,13.6
2022,New Jersey,Average mentally unhealthy days among adults,Race/Ethnicity,"Asian, non-Hispanic",3.8
2022,New York,Frequent mental distress among adults,Race/Ethnicity,"White, non-Hispanic",16.2
2022,Ohio,Average mentally unhealthy days among adults,Race/Ethnicity,"American Indian or Alaska Native, non-Hispanic",7.6
2022,Texas,Frequent mental distress among adults,Race/Ethnicity,"Multiracial, non-Hispanic",19.7
2022,South Carolina,Frequent mental distress among adults,Overall,Overall,16.7
2022,Oregon,Depression among adults,Race/Ethnicity,"Black, non-Hispanic",15.3
2022,Rhode Island,Average mentally unhealthy days among adults,Race/Ethnicity,"White, non-Hispanic",4.7
2022,South Dakota,Average mentally unhealthy days among adults,Age,Age >=65,1.8
2022,New York,Average mentally unhealthy days among adults,Sex,Female,5.3
2022,Utah,Frequent mental distress among adults,Sex,Male,12.5
2022,New Mexico,Frequent mental distress among adults,Age,Age >=65,8.5
2022,New Jersey,Depression among adults,Race/Ethnicity,"Multiracial, non-Hispanic",14.6
2022,North Dakota,Frequent mental distress among adults,Overall,Overall,14.3
2022,North Carolina,Average mentally unhealthy days among adults,Race/Ethnicity,"White, non-Hispanic",4.8
2022,Oregon,Average mentally unhealthy days among adults,Age,Age 18-44,7.1
2022,New York,Depression among adults,Race/Ethnicity,"Black, non-Hispanic",12.5
2022,Oklahoma,Depression among adults,Race/Ethnicity,"White, non-Hispanic",27.9
2022,South Carolina,Depression among adults,Sex,Male,15.2
2022,New York,Frequent mental distress among adults,Race/Ethnicity,"Asian, non-Hispanic",11.1
2022,Puerto Rico,Average mentally unhealthy days among adults,Race/Ethnicity,Hispanic,4.2
2022,Tennessee,Frequent mental distress among adults,Overall,Overall,21.3
2022,Utah,Depression among adults,Age,Age >=65,16.5
2022,New Hampshire,Average mentally unhealthy days among adults,Race/Ethnicity,"Asian, non-Hispanic",1.8
2022,South Carolina,Frequent mental distress among adults,Race/Ethnicity,"Black, non-Hispanic",16.1
2022,Ohio,Average mentally unhealthy days among adults,Race/Ethnicity,"Black, non-Hispanic",5.9
2022,Tennessee,Average mentally unhealthy days among adults,Race/Ethnicity,"Black, non-Hispanic",5.6
2022,Oklahoma,Depression among adults,Race/Ethnicity,"Black, non-Hispanic",22.0
2022,North Carolina,Frequent mental distress among adults,Race/Ethnicity,"White, non-Hispanic",14.4
2022,New Hampshire,Depression among adults,Race/Ethnicity,"Multiracial, non-Hispanic",42.1
2022,United States,Average mentally unhealthy days among adults,Race/Ethnicity,Hispanic,4.7
2022,Ohio,Depression among adults,Race/Ethnicity,"Multiracial, non-Hispanic",38.2
2022,Oklahoma,Frequent mental distress among adults,Sex,Male,15.6
2022,North Carolina,Frequent mental distress among adults,Age,Age 45-64,12.8
2022,Oklahoma,Frequent mental distress among adults,Race/Ethnicity,"White, non-Hispanic",17.3
2022,Utah,Average mentally unhealthy days among adults,Race/Ethnicity,Hispanic,4.7
2022,Rhode Island,Average mentally unhealthy days among adults,Age,Age 45-64,4.1
2022,Texas,Depression among adults,Sex,Female,24.9
2022,New Jersey,Frequent mental distress among adults,Sex,Female,16.7
2022,Texas,Depression among adults,Race/Ethnicity,"Asian, non-Hispanic",6.3
2022,Ohio,Average mentally unhealthy days among adults,Overall,Overall,6.0
2022,United States,Depression among adults,Race/Ethnicity,"Multiracial, non-Hispanic",30.6
2022,Oklahoma,Depression among adults,Race/Ethnicity,"Multiracial, non-Hispanic",29.0
2022,Tennessee,Average mentally unhealthy days among adults,Sex,Male,4.9
2022,Ohio,Depression among adults,Age,Age 18-44,30.9
2022,Rhode Island,Depression among adults,Race/Ethnicity,Hispanic,24.9
2022,Texas,Average mentally unhealthy days among adults,Race/Ethnicity,Hispanic,5.1
2022,Tennessee,Frequent mental distress among adults,Race/Ethnicity,Hispanic,24.2
2022,New Mexico,Depression among adults,Race/Ethnicity,"White, non-Hispanic",21.9
2022,Pennsylvania,Frequent mental distress among adults,Sex,Male,11.4
2022,South Dakota,Depression among adults,Race/Ethnicity,"Multiracial, non-Hispanic",50.2
2022,Texas,Frequent mental distress among adults,Race/Ethnicity,"American Indian or Alaska Native, non-Hispanic",22.3
2022,North Dakota,Average mentally unhealthy days among adults,Race/Ethnicity,"White, non-Hispanic",4.4
2022,Rhode Island,Frequent mental distress among adults,Race/Ethnicity,"Black, non-Hispanic",12.5
2022,North Carolina,Average mentally unhealthy days among adults,Race/Ethnicity,"Asian, non-Hispanic",2.5
2022,New York,Frequent mental distress among adults,Sex,Female,17.4
2022,South Dakota,Average mentally unhealthy days among adults,Race/Ethnicity,"Multiracial, non-Hispanic",5.6
2022,Ohio,Frequent mental distress among adults,Sex,Female,22.3
2022,United States,Depression among adults,Race/Ethnicity,"Hawaiian or Pacific Islander, non-Hispanic",16.6
2022,New Mexico,Depression among adults,Overall,Overall,21.3
2022,New Jersey,Depression among adults,Overall,Overall,14.6
2022,New York,Average mentally unhealthy days among adults,Age,Age 45-64,4.4
2022,Oklahoma,Frequent mental distress among adults,Age,Age 45-64,16.4
2022,United States,Frequent mental distress among adults,Race/Ethnicity,"American Indian or Alaska Native, non-Hispanic",22.3
2022,North Dakota,Frequent mental distress among adults,Sex,Male,10.0
2022,North Dakota,Average mentally unhealthy days among adults,Sex,Male,3.3
2022,New Hampshire,Average mentally unhealthy days among adults,Age,Age 45-64,4.3
2022,Oregon,Depression among adults,Race/Ethnicity,"Black, non-Hispanic",16.1
2022,South Dakota,Average mentally unhealthy days among adults,Sex,Female,4.5
2022,Oklahoma,Depression among adults,Overall,Overall,27.4
2022,South Dakota,Average mentally unhealthy days among adults,Overall,Overall,3.9
2022,New Hampshire,Depression among adults,Sex,Female,31.4
2022,Utah,Depression among adults,Race/Ethnicity,"Multiracial, non-Hispanic",36.7
2022,North Dakota,Depression among adults,Race/Ethnicity,Hispanic,25.7
2022,Pennsylvania,Frequent mental distress among adults,Sex,Female,19.8
2022,United States,Depression among adults,Age,Age 18-44,23.7
2022,Utah,Depression among adults,Overall,Overall,26.5
2022,Rhode Island,Frequent mental distress among adults,Sex,Male,12.7
2022,United States,Depression among adults,Race/Ethnicity,"American Indian or Alaska Native, non-Hispanic",24.1
2022,New Mexico,Average mentally unhealthy days among adults,Race/Ethnicity,"White, non-Hispanic",5.4
2022,New York,Frequent mental distress among adults,Overall,Overall,15.4
2022,South Carolina,Average mentally unhealthy days among adults,Race/Ethnicity,"Asian, non-Hispanic",3.7
2022,Rhode Island,Depression among adults,Sex,Male,17.2
2022,United States,Average mentally unhealthy days among adults,Race/Ethnicity,"Black, non-Hispanic",5.3
2022,Pennsylvania,Depression among adults,Age,Age 45-64,18.8
2022,New Mexico,Average mentally unhealthy days among adults,Age,Age >=65,2.8
2022,Puerto Rico,Depression among adults,Age,Age 18-44,12.1
2022,Ohio,Average mentally unhealthy days among adults,Race/Ethnicity,Hispanic,6.1
2022,North Carolina,Average mentally unhealthy days among adults,Race/Ethnicity,Hispanic,3.4
2022,North Carolina,Frequent mental distress among adults,Race/Ethnicity,Hispanic,11.9
2022,Texas,Average mentally unhealthy days among adults,Age,Age >=65,3.0
2022,Tennessee,Depression among adults,Age,Age 45-64,27.6
2022,Oklahoma,Average mentally unhealthy days among adults,Race/Ethnicity,Hispanic,4.7
2022,North Carolina,Average mentally unhealthy days among adults,Overall,Overall,4.7
2022,South Carolina,Frequent mental distress among adults,Race/Ethnicity,Hispanic,13.6
2022,North Carolina,Depression among adults,Race/Ethnicity,"Multiracial, non-Hispanic",33.0
2022,Tennessee,Frequent mental distress among adults,Race/Ethnicity,"Black, non-Hispanic",18.4
2022,Ohio,Frequent mental distress among adults,Race/Ethnicity,Hispanic,24.8
2022,Pennsylvania,Depression among adults,Race/Ethnicity,"White, non-Hispanic",22.4
2022,Tennessee,Depression among adults,Sex,Female,37.1
2022,Tennessee,Average mentally unhealthy days among adults,Sex,Female,7.2
2022,South Carolina,Average mentally unhealthy days among adults,Race/Ethnicity,"American Indian or Alaska Native, non-Hispanic",8.1
2022,New Jersey,Average mentally unhealthy days among adults,Race/Ethnicity,"White, non-Hispanic",4.4
2022,New York,Average mentally unhealthy days among adults,Race/Ethnicity,"Black, non-Hispanic",4.8
2022,Utah,Average mentally unhealthy days among adults,Race/Ethnicity,"White, non-Hispanic",5.4
2022,Texas,Average mentally unhealthy days among adults,Race/Ethnicity,"White, non-Hispanic",4.9
2022,Oklahoma,Average mentally unhealthy days among adults,Race/Ethnicity,"White, non-Hispanic",5.9
2022,New Mexico,Depression among adults,Race/Ethnicity,Hispanic,20.4
2022,New Hampshire,Frequent mental distress among adults,Age,Age 18-44,24.4
2022,United States,Depression among adults,Sex,Female,26.1
2022,New York,Frequent mental distress among adults,Race/Ethnicity,"Multiracial, non-Hispanic",20.1
2022,New Jersey,Depression among adults,Race/Ethnicity,"White, non-Hispanic",17.2
2022,Oregon,Average mentally unhealthy days among adults,Race/Ethnicity,"Black, non-Hispanic",6.0
2022,Ohio,Frequent mental distress among adults,Age,Age 45-64,15.9
2022,New Jersey,Depression among adults,Age,Age 18-44,16.5
2022,Rhode Island,Depression among adults,Age,Age >=65,15.0
2022,New Jersey,Frequent mental distress among adults,Race/Ethnicity,"Black, non-Hispanic",15.5
2022,Ohio,Depression among adults,Overall,Overall,25.0
2022,Texas,Frequent mental distress among adults,Race/Ethnicity,"Black, non-Hispanic",18.9
2022,New Hampshire,Average mentally unhealthy days among adults,Race/Ethnicity,"White, non-Hispanic",5.0
2022,Oregon,Average mentally unhealthy days among adults,Race/Ethnicity,"Multiracial, non-Hispanic",7.8
2022,United States,Frequent mental distress among adults,Age,Age 45-64,14.1
2022,Pennsylvania,Frequent mental distress among adults,Overall,Overall,15.9
2022,New Jersey,Average mentally unhealthy days among adults,Race/Ethnicity,"Black, non-Hispanic",4.7
2022,Rhode Island,Frequent mental distress among adults,Overall,Overall,15.5
2022,Texas,Frequent mental distress among adults,Sex,Male,12.8
2022,New Jersey,Average mentally unhealthy days among adults,Age,Age >=65,3.3
2022,New York,Depression among adults,Age,Age 18-44,19.9
2022,Puerto Rico,Frequent mental distress among adults,Overall,Overall,14.6
2022,Rhode Island,Frequent mental distress among adults,Age,Age 45-64,13.4
2022,New Jersey,Depression among adults,Race/Ethnicity,"Asian, non-Hispanic",10.0
2022,Pennsylvania,Average mentally unhealthy days among adults,Race/Ethnicity,Hispanic,5.6
2022,Puerto Rico,Frequent mental distress among adults,Sex,Female,15.9
2022,New York,Depression among adults,Race/Ethnicity,"White, non-Hispanic",19.7
2022,Utah,Frequent mental distress among adults,Race/Ethnicity,"Multiracial, non-Hispanic",21.8
2022,New Jersey,Frequent mental distress among adults,Overall,Overall,13.7
2022,Pennsylvania,Depression among adults,Sex,Female,29.4
2022,New York,Depression among adults,Race/Ethnicity,"Multiracial, non-Hispanic",25.3
2022,Oklahoma,Average mentally unhealthy days among adults,Overall,Overall,5.7
2022,South Carolina,Depression among adults,Race/Ethnicity,Hispanic,15.1
2022,Puerto Rico,Average mentally unhealthy days among adults,Sex,Male,3.5
2022,Oregon,Depression among adults,Race/Ethnicity,"White, non-Hispanic",24.6
2022,South Dakota,Frequent mental distress among adults,Sex,Female,15.7
2022,Utah,Frequent mental distress among adults,Race/Ethnicity,Hispanic,15.6
2022,South Dakota,Frequent mental distress among adults,Race/Ethnicity,"White, non-Hispanic",13.1
2022,New Jersey,Average mentally unhealthy days among adults,Race/Ethnicity,"Asian, non-Hispanic",3.8
2022,South Carolina,Average mentally unhealthy days among adults,Sex,Male,4.4
2022,North Dakota,Depression among adults,Overall,Overall,22.2
2022,Ohio,Average mentally unhealthy days among adults,Age,Age 45-64,5.0
2022,South Dakota,Depression among adults,Race/Ethnicity,Hispanic,20.4
2022,New Mexico,Frequent mental distress among adults,Sex,Male,15.3
2022,New Mexico,Average mentally unhealthy days among adults,Sex,Male,4.4
2022,New Hampshire,Frequent mental distress among adults,Race/Ethnicity,"Multiracial, non-Hispanic",28.2
2022,Ohio,Average mentally unhealthy days among adults,Race/Ethnicity,"White, non-Hispanic",5.9
2022,United States,Average mentally unhealthy days among adults,Sex,Female,5.9
2022,United States,Frequent mental distress among adults,Race/Ethnicity,Hispanic,15.6
2022,Pennsylvania,Frequent mental distress among adults,Race/Ethnicity,"Black, non-Hispanic",20.6
2022,Oklahoma,Average mentally unhealthy days among adults,Race/Ethnicity,"White, non-Hispanic",5.4
2022,North Dakota,Frequent mental distress among adults,Race/Ethnicity,Hispanic,24.4
2022,Pennsylvania,Average mentally unhealthy days among adults,Race/Ethnicity,"Asian, non-Hispanic",2.2
2022,Tennessee,Depression among adults,Race/Ethnicity,"Multiracial, non-Hispanic",22.5
2022,Utah,Frequent mental distress among adults,Overall,Overall,16.6
2022,Puerto Rico,Depression among adults,Sex,Male,13.6
2022,New Mexico,Average mentally unhealthy days among adults,Race/Ethnicity,"White, non-Hispanic",4.6
2022,Oregon,Depression among adults,Age,Age >=65,16.5
2022,Tennessee,Average mentally unhealthy days among adults,Race/Ethnicity,"Multiracial, non-Hispanic",8.1
2022,Texas,Depression among adults,Race/Ethnicity,"Multiracial, non-Hispanic",28.0
2022,Utah,Average mentally unhealthy days among adults,Sex,Male,4.2
2022,Pennsylvania,Depression among adults,Overall,Overall,21.7
2022,United States,Frequent mental distress among adults,Race/Ethnicity,Hispanic,15.1
2022,North Carolina,Average mentally unhealthy days among adults,Race/Ethnicity,Hispanic,3.6
2022,Tennessee,Average mentally unhealthy days among adults,Age,Age 18-44,7.8
2022,New Jersey,Frequent mental distress among adults,Sex,Male,11.3
2022,Rhode Island,Frequent mental distress among adults,Race/Ethnicity,"White, non-Hispanic",14.9
2022,Rhode Island,Depression among adults,Overall,Overall,22.3
2022,New Jersey,Average mentally unhealthy days among adults,Overall,Overall,4.4
2022,New Jersey,Frequent mental distress among adults,Race/Ethnicity,"Multiracial, non-Hispanic",15.6
2022,Oregon,Frequent mental distress among adults,Race/Ethnicity,"White, non-Hispanic",19.4
2022,Texas,Average mentally unhealthy days among adults,Sex,Female,6.1
2022,North Carolina,Depression among adults,Sex,Male,14.4
2022,South Dakota,Depression among adults,Race/Ethnicity,"White, non-Hispanic",17.8
2022,Ohio,Depression among adults,Race/Ethnicity,"Asian, non-Hispanic",7.8
2022,Oregon,Average mentally unhealthy days among adults,Sex,Female,6.7
2022,Utah,Depression among adults,Race/Ethnicity,"Asian, non-Hispanic",14.4
2022,New Jersey,Average mentally unhealthy days among adults,Sex,Female,5.0
2022,Oregon,Average mentally unhealthy days among adults,Age,Age 45-64,4.9
2022,South Carolina,Depression among adults,Sex,Female,25.8
2022,Puerto Rico,Average mentally unhealthy days among adults,Age,Age 45-64,5.0
2022,Pennsylvania,Depression among adults,Race/Ethnicity,Hispanic,20.3
2022,Oklahoma,Depression among adults,Sex,Male,20.0
2022,North Carolina,Depression among adults,Sex,Male,14.1
2022,Pennsylvania,Average mentally unhealthy days among adults,Age,Age >=65,2.8
2022,New Mexico,Frequent mental distress among adults,Overall,Overall,15.9
2022,United States,Average mentally unhealthy days among adults,Race/Ethnicity,"American Indian or Alaska Native, non-Hispanic",6.5
2022,South Carolina,Average mentally unhealthy days among adults,Race/Ethnicity,"White, non-Hispanic",5.3
2022,South Dakota,Frequent mental distress among adults,Race/Ethnicity,"White, non-Hispanic",12.2
2022,United States,Frequent mental distress among adults,Sex,Male,13.4
2022,North Dakota,Depression among adults,Race/Ethnicity,"White, non-Hispanic",22.8
2022,Pennsylvania,Average mentally unhealthy days among adults,Sex,Male,4.0
2022,Pennsylvania,Average mentally unhealthy days among adults,Race/Ethnicity,"White, non-Hispanic",4.6
2022,Utah,Frequent mental distress among adults,Sex,Female,20.2
2022,Oregon,Depression among adults,Sex,Male,17.0
2022,South Carolina,Frequent mental distress among adults,Sex,Male,13.8
2022,Pennsylvania,Frequent mental distress among adults,Overall,Overall,14.9
2022,South Dakota,Frequent mental distress among adults,Overall,Overall,13.3
2022,New York,Frequent mental distress among adults,Age,Age 45-64,14.5
2022,Ohio,Average mentally unhealthy days among adults,Race/Ethnicity,"American Indian or Alaska Native, non-Hispanic",8.0
2022,South Carolina,Frequent mental distress among adults,Race/Ethnicity,"American Indian or Alaska Native, non-Hispanic",27.2
2022,New York,Average mentally unhealthy days among adults,Race/Ethnicity,"White, non-Hispanic",5.0
2022,Tennessee,Frequent mental distress among adults,Age,Age >=65,11.5
2022,New Hampshire,Frequent mental distress among adults,Sex,Female,18.5
2022,North Dakota,Depression among adults,Sex,Male,13.9
2022,North Carolina,Average mentally unhealthy days among adults,Sex,Male,3.6
2022,New York,Frequent mental distress among adults,Race/Ethnicity,"Asian, non-Hispanic",11.2
2022,South Carolina,Depression among adults,Overall,Overall,20.0
2022,North Carolina,Frequent mental distress among adults,Sex,Male,11.4
2022,Texas,Average mentally unhealthy days among adults,Race/Ethnicity,"Asian, non-Hispanic",3.4
2022,Puerto Rico,Average mentally unhealthy days among adults,Race/Ethnicity,Hispanic,4.1
2022,South Carolina,Frequent mental distress among adults,Race/Ethnicity,"Multiracial, non-Hispanic",27.1
2022,Oregon,Frequent mental distress among adults,Overall,Overall,17.8
2022,South Dakota,Depression among adults,Overall,Overall,18.6
2022,Oklahoma,Frequent mental distress among adults,Race/Ethnicity,Hispanic,16.8
2022,New York,Average mentally unhealthy days among adults,Race/Ethnicity,"White, non-Hispanic",4.6
2022,Texas,Depression among adults,Overall,Overall,19.4
2022,Texas,Frequent mental distress among adults,Age,Age 45-64,15.8
2022,Rhode Island,Depression among adults,Race/Ethnicity,"White, non-Hispanic",22.4
2022,Utah,Average mentally unhealthy days among adults,Race/Ethnicity,"Black, non-Hispanic",6.1
2022,Ohio,Frequent mental distress among adults,Sex,Male,16.5
2022,Texas,Frequent mental distress among adults,Race/Ethnicity,"White, non-Hispanic",15.9
2022,Tennessee,Average mentally unhealthy days among adults,Race/Ethnicity,"American Indian or Alaska Native, non-Hispanic",11.0
2022,Rhode Island,Average mentally unhealthy days among adults,Race/Ethnicity,"Asian, non-Hispanic",5.3
2022,Utah,Average mentally unhealthy days among adults,Age,Age 45-64,3.9
2022,Rhode Island,Frequent mental distress among adults,Race/Ethnicity,Hispanic,14.1
2022,Utah,Frequent mental distress among adults,Age,Age 18-44,21.3
2022,South Dakota,Frequent mental distress among adults,Age,Age >=65,5.3
2022,New Mexico,Depression among adults,Race/Ethnicity,"Black, non-Hispanic",19.3
2022,New Hampshire,Depression among adults,Sex,Male,18.7
2022,New Jersey,Frequent mental distress among adults,Age,Age 18-44,16.6
2022,New York,Depression among adults,Sex,Male,13.8
2022,Rhode Island,Average mentally unhealthy days among adults,Race/Ethnicity,"White, non-Hispanic",5.4
2022,South Dakota,Average mentally unhealthy days among adults,Age,Age 18-44,4.8
2022,Oklahoma,Average mentally unhealthy days among adults,Sex,Male,4.8
2022,Tennessee,Frequent mental distress among adults,Sex,Female,24.9
2022,United States,Depression among adults,Race/Ethnicity,"Multiracial, non-Hispanic",30.9
2022,North Dakota,Frequent mental distress among adults,Overall,Overall,14.1
2022,Pennsylvania,Depression among adults,Race/Ethnicity,"Asian, non-Hispanic",13.2
2022,North Dakota,Average mentally unhealthy days among adults,Age,Age 18-44,6.0
2022,New Jersey,Depression among adults,Race/Ethnicity,"Multiracial, non-Hispanic",15.9
2022,Oregon,Frequent mental distress among adults,Race/Ethnicity,"Multiracial, non-Hispanic",26.9
2022,Oklahoma,Depression among adults,Race/Ethnicity,"White, non-Hispanic",29.6
2022,New York,Depression among adults,Race/Ethnicity,"Black, non-Hispanic",12.4
2022,South Carolina,Average mentally unhealthy days among adults,Age,Age >=65,2.8
2022,United States,Depression among adults,Race/Ethnicity,"Black, non-Hispanic",16.9
2022,South Carolina,Average mentally unhealthy days among adults,Race/Ethnicity,Hispanic,3.8
2022,Utah,Depression among adults,Race/Ethnicity,"White, non-Hispanic",28.1
2022,North Dakota,Frequent mental distress among adults,Race/Ethnicity,"White, non-Hispanic",13.4
2022,Pennsylvania,Average mentally unhealthy days among adults,Age,Age 45-64,4.2
2022,Oklahoma,Frequent mental distress among adults,Overall,Overall,18.7
2022,New Hampshire,Depression among adults,Age,Age 45-64,21.4
2022,Pennsylvania,Frequent mental distress among adults,Race/Ethnicity,"Multiracial, non-Hispanic",25.2
2022,North Carolina,Depression among adults,Overall,Overall,22.4
2022,New York,Average mentally unhealthy days among adults,Overall,Overall,4.7
2022,North Dakota,Average mentally unhealthy days among adults,Race/Ethnicity,"American Indian or Alaska Native, non-Hispanic",6.8
2022,Oklahoma,Average mentally unhealthy days among adults,Overall,Overall,5.5
2022,New Hampshire,Depression among adults,Sex,Female,33.6
2022,Tennessee,Frequent mental distress among adults,Sex,Female,26.7
2022,United States,Frequent mental distress among adults,Age,Age 18-44,20.1
2022,North Carolina,Depression among adults,Race/Ethnicity,"White, non-Hispanic",24.4
2022,New Jersey,Frequent mental distress among adults,Sex,Female,16.0
2022,Pennsylvania,Average mentally unhealthy days among adults,Race/Ethnicity,Hispanic,5.1
2022,South Carolina,Frequent mental distress among adults,Race/Ethnicity,"Multiracial, non-Hispanic",29.4
2022,Texas,Depression among adults,Overall,Overall,19.4
2022,Tennessee,Frequent mental distress among adults,Race/Ethnicity,"Black, non-Hispanic",18.4
2022,North Carolina,Average mentally unhealthy days among adults,Race/Ethnicity,"American Indian or Alaska Native, non-Hispanic",6.4
2022,Pennsylvania,Depression among adults,Race/Ethnicity,"Multiracial, non-Hispanic",33.0
2022,New York,Depression among adults,Sex,Female,22.2
2022,Texas,Average mentally unhealthy days among adults,Sex,Male,4.1
2022,Tennessee,Depression among adults,Race/Ethnicity,"American Indian or Alaska Native, non-Hispanic",31.3
2022,New Mexico,Depression among adults,Sex,Female,24.9
2022,Utah,Average mentally unhealthy days among adults,Race/Ethnicity,Hispanic,4.9
2022,Pennsylvania,Frequent mental distress among adults,Sex,Female,18.2
2022,North Carolina,Depression among adults,Age,Age >=65,17.5
2022,New Jersey,Average mentally unhealthy days among adults,Race/Ethnicity,Hispanic,4.3
2022,Puerto Rico,Depression among adults,Sex,Female,20.7
2022,United States,Depression among adults,Age,Age >=65,15.5
2022,New Mexico,Average mentally unhealthy days among adults,Race/Ethnicity,"Black, non-Hispanic",4.2
2022,Oklahoma,Depression among adults,Race/Ethnicity,"Black, non-Hispanic",20.6
2022,United States,Average mentally unhealthy days among adults,Race/Ethnicity,"Black, non-Hispanic",5.2
2022,New Hampshire,Depression among adults,Race/Ethnicity,Hispanic,30.8
2022,Oklahoma,Average mentally unhealthy days among adults,Race/Ethnicity,"Black, non-Hispanic",6.2
2022,New York,Depression among adults,Race/Ethnicity,"Asian, non-Hispanic",10.0
2022,North Dakota,Frequent mental distress among adults,Race/Ethnicity,"American Indian or Alaska Native, non-Hispanic",21.3
2022,Oklahoma,Frequent mental distress among adults,Sex,Male,15.3
2022,New Mexico,Frequent mental distress among adults,Sex,Male,14.8
2022,New Jersey,Average mentally unhealthy days among adults,Race/Ethnicity,Hispanic,4.2
2022,New Hampshire,Depression among adults,Overall,Overall,25.2
2022,Pennsylvania,Frequent mental distress among adults,Age,Age 45-64,13.2
2022,South Carolina,Average mentally unhealthy days among adults,Race/Ethnicity,Hispanic,4.5
2022,Oklahoma,Depression among adults,Race/Ethnicity,Hispanic,21.3
2022,Ohio,Average mentally unhealthy days among adults,Sex,Male,5.1
2022,Tennessee,Average mentally unhealthy days among adults,Sex,Male,4.7
2022,Rhode Island,Depression among adults,Race/Ethnicity,Hispanic,23.7
2022,Utah,Depression among adults,Race/Ethnicity,"Multiracial, non-Hispanic",33.0
2022,South Dakota,Frequent mental distress among adults,Sex,Male,11.1
2022,South Carolina,Average mentally unhealthy days among adults,Overall,Overall,5.2
2022,Utah,Depression among adults,Race/Ethnicity,Hispanic,19.3
2022,New Hampshire,Average mentally unhealthy days among adults,Race/Ethnicity,Hispanic,6.8
2022,Puerto Rico,Frequent mental distress among adults,Age,Age 18-44,14.1
2022,New York,Average mentally unhealthy days among adults,Race/Ethnicity,"Asian, non-Hispanic",3.6
2022,Oregon,Average mentally unhealthy days among adults,Race/Ethnicity,"Asian, non-Hispanic",2.0
2022,South Carolina,Average mentally unhealthy days among adults,Sex,Male,4.2
2022,New Jersey,Depression among adults,Sex,Female,18.5
2022,Texas,Depression among adults,Race/Ethnicity,Hispanic,17.4
2022,Ohio,Depression among adults,Race/Ethnicity,"Asian, non-Hispanic",10.8
2022,Tennessee,Frequent mental distress among adults,Race/Ethnicity,"American Indian or Alaska Native, non-Hispanic",38.0
2022,Ohio,Frequent mental distress among adults,Overall,Overall,19.4
2022,New York,Average mentally unhealthy days among adults,Sex,Male,4.3
2022,Ohio,Frequent mental distress among adults,Sex,Female,20.6
2022,New Jersey,Depression among adults,Overall,Overall,14.8
2022,Utah,Depression among adults,Sex,Male,18.6
2022,New Jersey,Depression among adults,Age,Age 45-64,13.3
2022,North Carolina,Frequent mental distress among adults,Race/Ethnicity,Hispanic,11.9
2022,New Mexico,Depression among adults,Age,Age >=65,17.2
2022,South Carolina,Depression among adults,Race/Ethnicity,"White, non-Hispanic",23.8
2022,Ohio,Depression among adults,Race/Ethnicity,"White, non-Hispanic",24.8
2022,Oklahoma,Average mentally unhealthy days among adults,Sex,Male,4.7
2022,Puerto Rico,Depression among adults,Age,Age 45-64,24.5
2022,North Carolina,Frequent mental distress among adults,Overall,Overall,15.3
2022,United States,Frequent mental distress among adults,Race/Ethnicity,"American Indian or Alaska Native, non-Hispanic",23.0
2022,Rhode Island,Frequent mental distress among adults,Race/Ethnicity,"Multiracial, non-Hispanic",25.6
2022,Oklahoma,Frequent mental distress among adults,Race/Ethnicity,"White, non-Hispanic",19.1
2022,South Dakota,Average mentally unhealthy days among adults,Race/Ethnicity,"White, non-Hispanic",3.6
2022,South Carolina,Frequent mental distress among adults,Overall,Overall,15.7
2022,North Carolina,Depression among adults,Race/Ethnicity,Hispanic,14.3
2022,Texas,Depression among adults,Race/Ethnicity,"Asian, non-Hispanic",7.4
2022,Rhode Island,Frequent mental distress among adults,Age,Age 18-44,20.7
2022,South Dakota,Average mentally unhealthy days among adults,Overall,Overall,4.1
2022,Puerto Rico,Average mentally unhealthy days among adults,Age,Age >=65,3.2
2022,New York,Depression among adults,Race/Ethnicity,Hispanic,19.5
2022,Puerto Rico,Frequent mental distress among adults,Sex,Male,12.6
2022,Ohio,Depression among adults,Age,Age 45-64,23.1
2022,Tennessee,Frequent mental distress among adults,Race/Ethnicity,Hispanic,23.7
2022,Pennsylvania,Depression among adults,Sex,Female,28.3
2022,Oregon,Depression among adults,Race/Ethnicity,"Multiracial, non-Hispanic",37.9
2022,North Dakota,Average mentally unhealthy days among adults,Race/Ethnicity,"Multiracial, non-Hispanic",6.2
2022,Utah,Frequent mental distress among adults,Race/Ethnicity,Hispanic,14.9
2022,North Carolina,Average mentally unhealthy days among adults,Race/Ethnicity,"Black, non-Hispanic",4.8
2022,South Carolina,Frequent mental distress among adults,Race/Ethnicity,Hispanic,11.2
2022,New York,Frequent mental distress among adults,Sex,Female,18.0
2022,Pennsylvania,Average mentally unhealthy days among adults,Race/Ethnicity,"Black, non-Hispanic",5.6
2022,United States,Depression among adults,Overall,Overall,20.6
2022,New Mexico,Average mentally unhealthy days among adults,Race/Ethnicity,Hispanic,4.7
2022,Puerto Rico,Frequent mental distress among adults,Race/Ethnicity,Hispanic,14.5
2022,South Carolina,Average mentally unhealthy days among adults,Race/Ethnicity,"Asian, non-Hispanic",3.3
2022,New Jersey,Frequent mental distress among adults,Race/Ethnicity,"Black, non-Hispanic",15.8
2022,New Hampshire,Average mentally unhealthy days among adults,Race/Ethnicity,"White, non-Hispanic",5.7
2022,New Hampshire,Average mentally unhealthy days among adults,Overall,Overall,5.2
2022,North Dakota,Average mentally unhealthy days among adults,Sex,Male,3.2
2022,North Carolina,Frequent mental distress among adults,Sex,Male,11.2
2022,Oklahoma,Depression among adults,Sex,Female,34.5
2022,Utah,Depression among adults,Sex,Female,34.4
2022,Oregon,Average mentally unhealthy days among adults,Overall,Overall,5.7
2022,Texas,Average mentally unhealthy days among adults,Overall,Overall,5.1
2022,Oregon,Depression among adults,Race/Ethnicity,"American Indian or Alaska Native, non-Hispanic",29.4
2022,Oklahoma,Frequent mental distress among adults,Race/Ethnicity,"American Indian or Alaska Native, non-Hispanic",22.7
2022,Rhode Island,Depression among adults,Race/Ethnicity,"Black, non-Hispanic",17.2
2022,Ohio,Frequent mental distress among adults,Race/Ethnicity,"Multiracial, non-Hispanic",30.8
2022,Tennessee,Average mentally unhealthy days among adults,Sex,Female,7.7
2022,Utah,Frequent mental distress among adults,Race/Ethnicity,"Multiracial, non-Hispanic",20.3
2022,New York,Average mentally unhealthy days among adults,Race/Ethnicity,"Hawaiian or Pacific Islander, non-Hispanic",5.2
2022,New Hampshire,Frequent mental distress among adults,Sex,Male,14.8
2022,Texas,Average mentally unhealthy days among adults,Race/Ethnicity,"Multiracial, non-Hispanic",6.1
2022,Oklahoma,Average mentally unhealthy days among adults,Sex,Female,6.3
2022,New Hampshire,Frequent mental distress among adults,Age,Age >=65,8.5
2022,Oregon,Average mentally unhealthy days among adults,Race/Ethnicity,Hispanic,5.1
2022,United States,Average mentally unhealthy days among adults,Age,Age >=65,3.0
2022,Rhode Island,Frequent mental distress among adults,Sex,Male,13.0
2022,Utah,Depression among adults,Overall,Overall,26.1
2022,New York,Frequent mental distress among adults,Overall,Overall,15.8
2022,North Dakota,Depression among adults,Age,Age 45-64,20.6
2022,Texas,Depression among adults,Age,Age >=65,15.4
2022,New Jersey,Frequent mental distress among adults,Race/Ethnicity,"Multiracial, non-Hispanic",14.1
2022,Tennessee,Depression among adults,Race/Ethnicity,Hispanic,29.8
2022,Pennsylvania,Depression among adults,Age,Age 18-44,26.2
2022,Oregon,Frequent mental distress among adults,Race/Ethnicity,"Asian, non-Hispanic",5.3
2022,North Carolina,Frequent mental distress among adults,Race/Ethnicity,"White, non-Hispanic",15.7
2022,Tennessee,Depression among adults,Overall,Overall,30.2
2022,United States,Frequent mental distress among adults,Race/Ethnicity,"Black, non-Hispanic",17.1
2022,Ohio,Average mentally unhealthy days among adults,Race/Ethnicity,"Multiracial, non-Hispanic",9.6
2022,Oregon,Average mentally unhealthy days among adults,Race/Ethnicity,"Multiracial, non-Hispanic",7.9
2022,Rhode Island,Average mentally unhealthy days among adults,Race/Ethnicity,"Black, non-Hispanic",4.2
2022,New Mexico,Frequent mental distress among adults,Race/Ethnicity,"Black, non-Hispanic",16.4
2022,New York,Depression among adults,Age,Age 45-64,18.0
2022,Texas,Frequent mental distress among adults,Sex,Male,12.8
2022,New Jersey,Average mentally unhealthy days among adults,Age,Age 18-44,5.3
2022,Tennessee,Depression among adults,Race/Ethnicity,"Multiracial, non-Hispanic",21.3
2022,North Carolina,Depression among adults,Sex,Female,30.0
2022,New York,Frequent mental distress among adults,Race/Ethnicity,"Multiracial, non-Hispanic",22.5
2022,Texas,Depression among adults,Sex,Male,13.7
2022,Pennsylvania,Average mentally unhealthy days among adults,Age,Age 18-44,6.4
2022,New Mexico,Average mentally unhealthy days among adults,Race/Ethnicity,"American Indian or Alaska Native, non-Hispanic",5.5
2022,Oregon,Frequent mental distress among adults,Age,Age 45-64,15.5
2022,New York,Depression among adults,Race/Ethnicity,"White, non-Hispanic",21.1
2022,Ohio,Frequent mental distress among adults,Race/Ethnicity,"Black, non-Hispanic",18.8
2022,New York,Frequent mental distress among adults,Race/Ethnicity,"Hawaiian or Pacific Islander, non-Hispanic",16.7
2022,New Hampshire,Depression among adults,Age,Age 18-44,33.5
2022,South Dakota,Average mentally unhealthy days among adults,Race/Ethnicity,Hispanic,4.2
2022,South Carolina,Depression among adults,Race/Ethnicity,Hispanic,12.4
2022,Utah,Frequent mental distress among adults,Race/Ethnicity,"Black, non-Hispanic",16.0
2022,Texas,Average mentally unhealthy days among adults,Overall,Overall,5.1
2022,North Dakota,Average mentally unhealthy days among adults,Sex,Female,5.5
2022,Rhode Island,Frequent mental distress among adults,Race/Ethnicity,"Asian, non-Hispanic",22.2
2022,Oregon,Depression among adults,Sex,Female,32.3
2022,North Dakota,Average mentally unhealthy days among adults,Race/Ethnicity,"Black, non-Hispanic",2.9
2022,Oregon,Frequent mental distress among adults,Race/Ethnicity,"Asian, non-Hispanic",6.9
2022,Rhode Island,Depression among adults,Age,Age 18-44,26.8
2022,Oklahoma,Average mentally unhealthy days among adults,Age,Age 18-44,6.9
2022,New Jersey,Average mentally unhealthy days among adults,Age,Age 45-64,3.9
2022,Texas,Frequent mental distress among adults,Race/Ethnicity,Hispanic,15.2
2022,New York,Average mentally unhealthy days among adults,Sex,Male,4.2
2022,South Carolina,Frequent mental distress among adults,Race/Ethnicity,"Black, non-Hispanic",15.5
2022,New Hampshire,Depression among adults,Sex,Male,20.2
2022,Texas,Average mentally unhealthy days among adults,Sex,Male,4.1
2022,South Carolina,Average mentally unhealthy days among adults,Age,Age 18-44,6.5
2022,New Jersey,Depression among adults,Race/Ethnicity,Hispanic,13.7
2022,Pennsylvania,Frequent mental distress among adults,Race/Ethnicity,"Black, non-Hispanic",19.6
2022,Oregon,Depression among adults,Sex,Male,17.3
2022,Oregon,Depression among adults,Race/Ethnicity,"American Indian or Alaska Native, non-Hispanic",32.5
2022,North Carolina,Depression among adults,Overall,Overall,21.7
2022,North Dakota,Depression among adults,Age,Age 18-44,26.4
2022,New Mexico,Frequent mental distress among adults,Race/Ethnicity,"American Indian or Alaska Native, non-Hispanic",17.5
2022,United States,Depression among adults,Sex,Female,26.9
2022,United States,Average mentally unhealthy days among adults,Race/Ethnicity,"American Indian or Alaska Native, non-Hispanic",6.7
2022,North Dakota,Frequent mental distress among adults,Race/Ethnicity,"White, non-Hispanic",14.5
2022,Tennessee,Average mentally unhealthy days among adults,Race/Ethnicity,"Multiracial, non-Hispanic",8.0
2022,Utah,Frequent mental distress among adults,Sex,Female,19.7
2022,Tennessee,Average mentally unhealthy days among adults,Overall,Overall,6.3
2022,Rhode Island,Average mentally unhealthy days among adults,Race/Ethnicity,"Asian, non-Hispanic",4.6
2022,Pennsylvania,Depression among adults,Overall,Overall,22.3
2022,United States,Frequent mental distress among adults,Race/Ethnicity,"Multiracial, non-Hispanic",24.2
2022,Rhode Island,Frequent mental distress among adults,Race/Ethnicity,"White, non-Hispanic",17.1
2022,United States,Average mentally unhealthy days among adults,Sex,Male,4.2
2022,Utah,Frequent mental distress among adults,Age,Age >=65,8.7
2022,Oklahoma,Depression among adults,Age,Age >=65,20.5
2022,New Jersey,Frequent mental distress among adults,Age,Age >=65,10.1
2022,Ohio,Average mentally unhealthy days among adults,Age,Age 18-44,7.6
2022,Tennessee,Frequent mental distress among adults,Race/Ethnicity,"Multiracial, non-Hispanic",24.6
2022,South Dakota,Depression among adults,Race/Ethnicity,Hispanic,20.7
2022,New Hampshire,Frequent mental distress among adults,Sex,Female,20.7
2022,Oregon,Average mentally unhealthy days among adults,Sex,Female,6.3
2022,Rhode Island,Average mentally unhealthy days among adults,Race/Ethnicity,Hispanic,4.8
2022,United States,Average mentally unhealthy days among adults,Sex,Female,5.7
2022,North Dakota,Average mentally unhealthy days among adults,Age,Age 45-64,3.4
2022,Utah,Depression among adults,Race/Ethnicity,"Asian, non-Hispanic",16.4
2022,Oklahoma,Frequent mental distress among adults,Race/Ethnicity,"Black, non-Hispanic",17.7
2022,Puerto Rico,Average mentally unhealthy days among adults,Age,Age 18-44,3.9
2022,South Carolina,Depression among adults,Race/Ethnicity,"Black, non-Hispanic",14.9
2022,North Dakota,Depression among adults,Race/Ethnicity,"American Indian or Alaska Native, non-Hispanic",23.3
2022,Oklahoma,Average mentally unhealthy days among adults,Race/Ethnicity,"Multiracial, non-Hispanic",6.3
2022,Tennessee,Frequent mental distress among adults,Race/Ethnicity,"American Indian or Alaska Native, non-Hispanic",36.2
2022,North Carolina,Frequent mental distress among adults,Race/Ethnicity,"American Indian or Alaska Native, non-Hispanic",22.2
2022,Oklahoma,Frequent mental distress among adults,Race/Ethnicity,Hispanic,15.5
2022,Pennsylvania,Average mentally unhealthy days among adults,Race/Ethnicity,"White, non-Hispanic",5.1
2022,Pennsylvania,Average mentally unhealthy days among adults,Overall,Overall,4.8
2022,Tennessee,Depression among adults,Sex,Female,38.8
2022,Utah,Average mentally unhealthy days among adults,Race/Ethnicity,"Asian, non-Hispanic",4.6
2022,New York,Depression among adults,Race/Ethnicity,"Asian, non-Hispanic",10.0
2022,Texas,Frequent mental distress among adults,Overall,Overall,16.2
2022,Texas,Frequent mental distress among adults,Race/Ethnicity,"White, non-Hispanic",17.6
2022,Pennsylvania,Frequent mental distress among adults,Race/Ethnicity,"Multiracial, non-Hispanic",23.3
2022,New Mexico,Frequent mental distress among adults,Race/Ethnicity,"White, non-Hispanic",14.7
2022,New Hampshire,Depression among adults,Race/Ethnicity,"White, non-Hispanic",24.6
2022,Utah,Average mentally unhealthy days among adults,Race/Ethnicity,"White, non-Hispanic",5.4
2022,Tennessee,Frequent mental distress among adults,Sex,Male,15.8
2022,New Jersey,Frequent mental distress among adults,Sex,Male,11.6
2022,North Dakota,Average mentally unhealthy days among adults,Race/Ethnicity,Hispanic,7.8
2022,South Dakota,Average mentally unhealthy days among adults,Race/Ethnicity,"White, non-Hispanic",3.9
2022,South Carolina,Frequent mental distress among adults,Race/Ethnicity,"American Indian or Alaska Native, non-Hispanic",28.4
2022,New Hampshire,Frequent mental distress among adults,Overall,Overall,16.7
2022,Ohio,Average mentally unhealthy days among adults,Race/Ethnicity,"Asian, non-Hispanic",4.1
2022,Rhode Island,Average mentally unhealthy days among adults,Sex,Female,5.4
2022,New York,Average mentally unhealthy days among adults,Age,Age 18-44,5.7
2022,New Mexico,Average mentally unhealthy days among adults,Sex,Male,4.5
2022,Oregon,Frequent mental distress among adults,Race/Ethnicity,"White, non-Hispanic",17.3
2022,United States,Average mentally unhealthy days among adults,Race/Ethnicity,Hispanic,4.8
2022,South Dakota,Depression among adults,Sex,Female,23.0
2022,Oklahoma,Average mentally unhealthy days among adults,Race/Ethnicity,"American Indian or Alaska Native, non-Hispanic",6.3
2022,United States,Depression among adults,Race/Ethnicity,"Hawaiian or Pacific Islander, non-Hispanic",16.4
2022,North Dakota,Frequent mental distress among adults,Age,Age 18-44,19.5
2022,Pennsylvania,Average mentally unhealthy days among adults,Sex,Male,3.8
2022,New Jersey,Depression among adults,Race/Ethnicity,"Black, non-Hispanic",9.8
2022,South Carolina,Depression among adults,Sex,Female,24.9
2022,New York,Average mentally unhealthy days among adults,Race/Ethnicity,"Multiracial, non-Hispanic",5.8
2022,Oklahoma,Depression among adults,Overall,Overall,26.9
2022,South Dakota,Depression among adults,Overall,Overall,17.9
2022,Utah,Depression among adults,Sex,Male,18.2
2022,South Carolina,Average mentally unhealthy days among adults,Race/Ethnicity,"White, non-Hispanic",4.8
2022,North Dakota,Depression among adults,Race/Ethnicity,"Multiracial, non-Hispanic",35.8
2022,United States,Frequent mental distress among adults,Sex,Female,19.3
2022,North Dakota,Frequent mental distress among adults,Sex,Male,9.9
2022,Rhode Island,Depression among adults,Race/Ethnicity,"White, non-Hispanic",24.6
2022,Texas,Depression among adults,Race/Ethnicity,"White, non-Hispanic",22.6
2022,Tennessee,Average mentally unhealthy days among adults,Age,Age >=65,3.7
2022,Puerto Rico,Average mentally unhealthy days among adults,Sex,Female,4.7
2022,South Carolina,Frequent mental distress among adults,Age,Age 45-64,13.7
2022,Utah,Average mentally unhealthy days among adults,Overall,Overall,5.2
2022,South Dakota,Average mentally unhealthy days among adults,Sex,Male,3.3
2022,Tennessee,Frequent mental distress among adults,Age,Age 18-44,27.1
2022,Ohio,Depression among adults,Race/Ethnicity,Hispanic,32.8
2022,Ohio,Frequent mental distress among adults,Race/Ethnicity,"Multiracial, non-Hispanic",34.4
2022,Oklahoma,Average mentally unhealthy days among adults,Sex,Female,6.6
2022,North Dakota,Depression among adults,Sex,Male,14.1
2022,New Hampshire,Frequent mental distress among adults,Race/Ethnicity,"Multiracial, non-Hispanic",33.8
2022,New Mexico,Depression among adults,Overall,Overall,21.0
2022,North Carolina,Average mentally unhealthy days among adults,Age,Age 45-64,3.7
2022,Pennsylvania,Depression among adults,Race/Ethnicity,"Black, non-Hispanic",19.9
2022,North Carolina,Average mentally unhealthy days among adults,Sex,Male,3.5
2022,South Carolina,Depression among adults,Race/Ethnicity,"American Indian or Alaska Native, non-Hispanic",32.6
2022,Tennessee,Depression among adults,Race/Ethnicity,"Black, non-Hispanic",18.1
2022,New Jersey,Average mentally unhealthy days among adults,Sex,Female,5.3
2022,Texas,Average mentally unhealthy days among adults,Race/Ethnicity,"Black, non-Hispanic",6.1
2022,Rhode Island,Average mentally unhealthy days among adults,Age,Age 18-44,6.4
2022,Ohio,Average mentally unhealthy days among adults,Sex,Male,5.0
2022,Ohio,Depression among adults,Race/Ethnicity,"American Indian or Alaska Native, non-Hispanic",32.3
2022,Ohio,Frequent mental distress among adults,Sex,Male,15.9
2022,New Mexico,Average mentally unhealthy days among adults,Race/Ethnicity,Hispanic,4.7
2022,New Hampshire,Frequent mental distress among adults,Race/Ethnicity,Hispanic,19.5
2022,Oregon,Frequent mental distress among adults,Race/Ethnicity,"Multiracial, non-Hispanic",26.3
2022,New Mexico,Depression among adults,Age,Age 18-44,22.9
2022,Texas,Depression among adults,Age,Age 18-44,20.6
2022,South Carolina,Depression among adults,Race/Ethnicity,"Multiracial, non-Hispanic",24.3
2022,New Jersey,Frequent mental distress among adults,Race/Ethnicity,"Asian, non-Hispanic",12.0
2022,Oregon,Average mentally unhealthy days among adults,Race/Ethnicity,"White, non-Hispanic",5.3
2022,Oklahoma,Frequent mental distress among adults,Age,Age >=65,9.6
2022,United States,Frequent mental distress among adults,Overall,Overall,16.3
2022,Pennsylvania,Frequent mental distress among adults,Age,Age 18-44,20.1
2022,Rhode Island,Frequent mental distress among adults,Race/Ethnicity,"Multiracial, non-Hispanic",32.1
2022,New York,Depression among adults,Overall,Overall,18.1
2022,South Carolina,Depression among adults,Sex,Male,14.7
2022,South Dakota,Average mentally unhealthy days among adults,Sex,Male,3.5
2022,Rhode Island,Frequent mental distress among adults,Age,Age >=65,8.6
2022,Pennsylvania,Average mentally unhealthy days among adults,Race/Ethnicity,"Multiracial, non-Hispanic",8.2
2022,South Dakota,Average mentally unhealthy days among adults,Age,Age 45-64,4.2
2022,Utah,Depression among adults,Race/Ethnicity,Hispanic,20.5
2022,New York,Depression among adults,Race/Ethnicity,Hispanic,19.4
2022,New York,Depression among adults,Sex,Female,21.5
2022,South Dakota,Frequent mental distress among adults,Sex,Male,10.8
2022,New Hampshire,Average mentally unhealthy days among adults,Race/Ethnicity,Hispanic,5.9
2022,Tennessee,Depression among adults,Race/Ethnicity,"Black, non-Hispanic",17.7
2022,Puerto Rico,Frequent mental distress among adults,Age,Age 45-64,16.9
2022,Pennsylvania,Depression among adults,Sex,Male,14.6
2022,Utah,Frequent mental distress among adults,Race/Ethnicity,"White, non-Hispanic",16.5
2022,North Carolina,Depression among adults,Age,Age 18-44,25.2
2022,United States,Depression among adults,Race/Ethnicity,"Asian, non-Hispanic",9.9
2022,Puerto Rico,Frequent mental distress among adults,Age,Age >=65,11.0
2022,North Dakota,Frequent mental distress among adults,Race/Ethnicity,"Multiracial, non-Hispanic",16.1
2022,Oregon,Average mentally unhealthy days among adults,Race/Ethnicity,"Asian, non-Hispanic",2.6
2022,New Mexico,Average mentally unhealthy days among adults,Sex,Female,5.5
2022,New York,Frequent mental distress among adults,Race/Ethnicity,"American Indian or Alaska Native, non-Hispanic",20.0
2022,North Carolina,Frequent mental distress among adults,Sex,Female,20.2
2022,United States,Average mentally unhealthy days among adults,Race/Ethnicity,"Hawaiian or Pacific Islander, non-Hispanic",5.8
2022,Oklahoma,Average mentally unhealthy days among adults,Race/Ethnicity,"American Indian or Alaska Native, non-Hispanic",6.5
2022,New Mexico,Depression among adults,Sex,Male,16.9
2022,North Carolina,Frequent mental distress among adults,Age,Age >=65,10.1
2022,Ohio,Average mentally unhealthy days among adults,Race/Ethnicity,"Multiracial, non-Hispanic",8.7
2022,Rhode Island,Average mentally unhealthy days among adults,Age,Age >=65,2.9
2022,Texas,Average mentally unhealthy days among adults,Race/Ethnicity,"American Indian or Alaska Native, non-Hispanic",6.9
2022,Pennsylvania,Frequent mental distress among adults,Race/Ethnicity,"Asian, non-Hispanic",5.1
2022,New Mexico,Frequent mental distress among adults,Race/Ethnicity,"American Indian or Alaska Native, non-Hispanic",17.0
2022,Oklahoma,Frequent mental distress among adults,Race/Ethnicity,"Multiracial, non-Hispanic",21.2
2022,Pennsylvania,Average mentally unhealthy days among adults,Race/Ethnicity,"Black, non-Hispanic",5.3
2022,South Dakota,Depression among adults,Race/Ethnicity,"American Indian or Alaska Native, non-Hispanic",24.7
2022,South Carolina,Average mentally unhealthy days among adults,Overall,Overall,4.9
2022,North Carolina,Depression among adults,Race/Ethnicity,Hispanic,14.0
2022,United States,Depression among adults,Sex,Male,14.9
2022,Oklahoma,Depression among adults,Race/Ethnicity,Hispanic,20.4
2022,Pennsylvania,Depression among adults,Race/Ethnicity,"Multiracial, non-Hispanic",30.3
2022,South Carolina,Depression among adults,Age,Age 18-44,22.5
2022,North Carolina,Average mentally unhealthy days among adults,Race/Ethnicity,"American Indian or Alaska Native, non-Hispanic",6.9
2022,Utah,Average mentally unhealthy days among adults,Race/Ethnicity,"Multiracial, non-Hispanic",8.1
2022,Texas,Frequent mental distress among adults,Age,Age >=65,9.4
2022,New Jersey,Average mentally unhealthy days among adults,Race/Ethnicity,"Multiracial, non-Hispanic",5.4
2022,New York,Average mentally unhealthy days among adults,Race/Ethnicity,"Hawaiian or Pacific Islander, non-Hispanic",6.5
2022,Utah,Frequent mental distress among adults,Age,Age 45-64,12.0
2022,New York,Frequent mental distress among adults,Sex,Male,13.2
2022,Ohio,Average mentally unhealthy days among adults,Sex,Female,6.9
2022,New Jersey,Depression among adults,Sex,Female,18.1
2022,Texas,Depression among adults,Race/Ethnicity,Hispanic,17.2
2022,Utah,Average mentally unhealthy days among adults,Age,Age >=65,2.9
2022,South Carolina,Frequent mental distress among adults,Sex,Female,19.4
2022,Oregon,Frequent mental distress among adults,Sex,Male,14.8
2022,Oregon,Frequent mental distress among adults,Sex,Female,22.3
2022,United States,Frequent mental distress among adults,Race/Ethnicity,"Asian, non-Hispanic",10.5
2022,New Hampshire,Average mentally unhealthy days among adults,Sex,Female,5.9
2022,Oregon,Frequent mental distress among adults,Race/Ethnicity,"Black, non-Hispanic",22.6
2022,Rhode Island,Average mentally unhealthy days among adults,Race/Ethnicity,"Multiracial, non-Hispanic",9.0
2022,New Mexico,Depression among adults,Race/Ethnicity,"American Indian or Alaska Native, non-Hispanic",20.3
2022,New Hampshire,Average mentally unhealthy days among adults,Overall,Overall,5.7
2022,Utah,Depression among adults,Sex,Female,34.1
2022,Ohio,Frequent mental distress among adults,Overall,Overall,18.4
2022,Utah,Depression among adults,Race/Ethnicity,"Black, non-Hispanic",28.3
2022,New Jersey,Depression among adults,Race/Ethnicity,Hispanic,13.9
2022,Oregon,Average mentally unhealthy days among adults,Overall,Overall,5.4
2022,Rhode Island,Depression among adults,Race/Ethnicity,"Black, non-Hispanic",17.2
2022,Oklahoma,Frequent mental distress among adults,Race/Ethnicity,"American Indian or Alaska Native, non-Hispanic",23.5
2022,Oregon,Depression among adults,Race/Ethnicity,"Asian, non-Hispanic",6.9
2022,North Carolina,Average mentally unhealthy days among adults,Sex,Female,5.8
2022,New York,Frequent mental distress among adults,Race/Ethnicity,"Black, non-Hispanic",15.3
2022,Pennsylvania,Frequent mental distress among adults,Race/Ethnicity,"White, non-Hispanic",14.0
2022,Tennessee,Average mentally unhealthy days among adults,Race/Ethnicity,Hispanic,6.8
2022,United States,Depression among adults,Overall,Overall,21.1
2022,Oregon,Average mentally unhealthy days among adults,Race/Ethnicity,Hispanic,5.6
2022,South Carolina,Average mentally unhealthy days among adults,Sex,Female,5.5
2022,United States,Average mentally unhealthy days among adults,Race/Ethnicity,"Multiracial, non-Hispanic",7.2
2022,South Carolina,Average mentally unhealthy days among adults,Race/Ethnicity,"Black, non-Hispanic",5.0
2022,New Hampshire,Depression among adults,Race/Ethnicity,Hispanic,35.9
2022,Ohio,Average mentally unhealthy days among adults,Age,Age >=65,3.1
2022,Ohio,Depression among adults,Sex,Male,19.0
2022,Puerto Rico,Depression among adults,Overall,Overall,17.3
2022,North Carolina,Frequent mental distress among adults,Sex,Female,19.2
2022,Oklahoma,Frequent mental distress among adults,Sex,Female,20.9
2022,Texas,Average mentally unhealthy days among adults,Age,Age 45-64,5.0
2022,Rhode Island,Average mentally unhealthy days among adults,Overall,Overall,5.1
2022,North Carolina,Depression among adults,Race/Ethnicity,"Black, non-Hispanic",17.4
2022,United States,Depression among adults,Race/Ethnicity,"White, non-Hispanic",24.7
2022,Puerto Rico,Depression among adults,Race/Ethnicity,Hispanic,17.4
2022,Texas,Depression among adults,Race/Ethnicity,"Black, non-Hispanic",20.0
2022,Ohio,Depression among adults,Overall,Overall,26.0
2022,Rhode Island,Depression among adults,Race/Ethnicity,"Multiracial, non-Hispanic",38.9
2022,Pennsylvania,Depression among adults,Age,Age >=65,17.7
2022,Tennessee,Average mentally unhealthy days among adults,Overall,Overall,6.0
2022,New York,Average mentally unhealthy days among adults,Race/Ethnicity,"Asian, non-Hispanic",3.7
2022,Ohio,Frequent mental distress among adults,Race/Ethnicity,"Black, non-Hispanic",18.1
2022,Texas,Frequent mental distress among adults,Race/Ethnicity,"Asian, non-Hispanic",9.7
2022,North Dakota,Average mentally unhealthy days among adults,Sex,Female,5.7
2022,Ohio,Frequent mental distress among adults,Race/Ethnicity,"Asian, non-Hispanic",12.9
2022,North Carolina,Average mentally unhealthy days among adults,Race/Ethnicity,"Black, non-Hispanic",5.1
2022,Texas,Average mentally unhealthy days among adults,Sex,Female,6.1
2022,South Dakota,Average mentally unhealthy days among adults,Race/Ethnicity,Hispanic,4.3
2022,Rhode Island,Frequent mental distress among adults,Sex,Female,18.1
2022,Utah,Average mentally unhealthy days among adults,Sex,Male,4.3
2022,Ohio,Frequent mental distress among adults,Age,Age >=65,9.7
2022,New Jersey,Average mentally unhealthy days among adults,Sex,Male,3.8
2022,South Dakota,Depression among adults,Sex,Male,13.5
2022,New Hampshire,Average mentally unhealthy days among adults,Age,Age >=65,2.7
2022,Rhode Island,Average mentally unhealthy days among adults,Sex,Female,5.7
2022,Texas,Frequent mental distress among adults,Race/Ethnicity,Hispanic,16.0
2022,Tennessee,Frequent mental distress among adults,Race/Ethnicity,"White, non-Hispanic",19.9
2022,New Hampshire,Average mentally unhealthy days among adults,Race/Ethnicity,"Multiracial, non-Hispanic",7.5
2022,New Mexico,Frequent mental distress among adults,Race/Ethnicity,Hispanic,16.2
2022,Pennsylvania,Frequent mental distress among adults,Race/Ethnicity,Hispanic,14.8
2022,North Dakota,Frequent mental distress among adults,Age,Age 45-64,10.7
2022,Oklahoma,Depression among adults,Sex,Female,33.6
2022,Oklahoma,Frequent mental distress among adults,Race/Ethnicity,"Black, non-Hispanic",18.9
2022,Utah,Depression among adults,Race/Ethnicity,"American Indian or Alaska Native, non-Hispanic",22.3
2022,Rhode Island,Average mentally unhealthy days among adults,Race/Ethnicity,"Black, non-Hispanic",4.3
2022,North Dakota,Average mentally unhealthy days among adults,Overall,Overall,4.4
2022,Oregon,Frequent mental distress among adults,Race/Ethnicity,Hispanic,16.7
2022,Oregon,Average mentally unhealthy days among adults,Age,Age >=65,3.1
2022,New Jersey,Depression among adults,Race/Ethnicity,"Black, non-Hispanic",9.6
2022,Puerto Rico,Average mentally unhealthy days among adults,Overall,Overall,4.2
2022,United States,Depression among adults,Race/Ethnicity,"Asian, non-Hispanic",10.4
2022,Oklahoma,Depression among adults,Age,Age 45-64,26.2
2022,United States,Frequent mental distress among adults,Sex,Female,18.3
2022,North Carolina,Depression among adults,Age,Age 45-64,19.8
2022,New York,Average mentally unhealthy days among adults,Race/Ethnicity,"American Indian or Alaska Native, non-Hispanic",6.1
2022,New Jersey,Frequent mental distress among adults,Race/Ethnicity,Hispanic,13.4
2022,Utah,Depression among adults,Race/Ethnicity,"Black, non-Hispanic",32.5
2022,North Dakota,Average mentally unhealthy days among adults,Overall,Overall,4.3
2022,New York,Frequent mental distress among adults,Race/Ethnicity,Hispanic,17.3
2022,South Dakota,Frequent mental distress among adults,Race/Ethnicity,"American Indian or Alaska Native, non-Hispanic",20.5
2022,South Carolina,Frequent mental distress among adults,Age,Age 18-44,21.3
2022,Tennessee,Frequent mental distress among adults,Sex,Male,15.4
2022,North Dakota,Average mentally unhealthy days among adults,Race/Ethnicity,Hispanic,7.3
2022,South Carolina,Frequent mental distress among adults,Sex,Female,17.9
2022,United States,Average mentally unhealthy days among adults,Sex,Male,4.3
2022,Oregon,Depression among adults,Sex,Female,30.8
2022,New York,Average mentally unhealthy days among adults,Sex,Female,5.4
2022,New Hampshire,Frequent mental distress among adults,Overall,Overall,18.3
2022,New Hampshire,Depression among adults,Race/Ethnicity,"White, non-Hispanic",26.9
2022,South Carolina,Average mentally unhealthy days among adults,Race/Ethnicity,"American Indian or Alaska Native, non-Hispanic",8.1
2022,Ohio,Depression among adults,Race/Ethnicity,"White, non-Hispanic",26.2
2022,New Hampshire,Frequent mental distress among adults,Race/Ethnicity,"White, non-Hispanic",16.2
2022,North Dakota,Depression among adults,Sex,Female,29.6
2022,North Carolina,Average mentally unhealthy days among adults,Race/Ethnicity,"White, non-Hispanic",4.4
2022,North Carolina,Average mentally unhealthy days among adults,Race/Ethnicity,"Multiracial, non-Hispanic",8.3
2022,Oklahoma,Average mentally unhealthy days among adults,Race/Ethnicity,"Multiracial, non-Hispanic",6.2
2022,South Carolina,Depression among adults,Age,Age 45-64,20.9
2022,Tennessee,Depression among adults,Age,Age >=65,22.4
2022,New York,Average mentally unhealthy days among adults,Race/Ethnicity,"Multiracial, non-Hispanic",6.5
2022,Tennessee,Depression among adults,Race/Ethnicity,"White, non-Hispanic",31.9
2022,Texas,Frequent mental distress among adults,Sex,Female,19.7
2022,Texas,Depression among adults,Sex,Male,13.8
2022,Oregon,Depression among adults,Age,Age 45-64,24.3
2022,Rhode Island,Depression among adults,Sex,Female,28.1
2022,Utah,Average mentally unhealthy days among adults,Race/Ethnicity,"Asian, non-Hispanic",3.8
2022,New York,Depression among adults,Race/Ethnicity,"American Indian or Alaska Native, non-Hispanic",24.2
2022,Texas,Average mentally unhealthy days among adults,Race/Ethnicity,"Multiracial, non-Hispanic",6.1
2022,Tennessee,Average mentally unhealthy days among adults,Race/Ethnicity,"White, non-Hispanic",5.9
2022,Tennessee,Depression among adults,Sex,Male,20.7
2022,Rhode Island,Frequent mental distress among adults,Race/Ethnicity,"Asian, non-Hispanic",18.4
2022,Ohio,Frequent mental distress among adults,Race/Ethnicity,Hispanic,20.0
2022,Texas,Depression among adults,Race/Ethnicity,"American Indian or Alaska Native, non-Hispanic",26.1
2022,Utah,Average mentally unhealthy days among adults,Overall,Overall,5.3
2022,Rhode Island,Depression among adults,Age,Age 45-64,21.3
2022,New Mexico,Average mentally unhealthy days among adults,Race/Ethnicity,"Black, non-Hispanic",4.7
2022,United States,Depression among adults,Race/Ethnicity,Hispanic,17.4
2022,Oregon,Depression among adults,Race/Ethnicity,"Asian, non-Hispanic",7.5
2022,New York,Average mentally unhealthy days among adults,Age,Age >=65,3.3
2022,Ohio,Frequent mental distress among adults,Race/Ethnicity,"White, non-Hispanic",18.7
2022,Rhode Island,Average mentally unhealthy days among adults,Race/Ethnicity,"Multiracial, non-Hispanic",7.7
2022,New Jersey,Average mentally unhealthy days among adults,Race/Ethnicity,"White, non-Hispanic",5.0
2022,Utah,Frequent mental distress among adults,Sex,Male,13.0
2022,North Carolina,Average mentally unhealthy days among adults,Age,Age 18-44,6.2
2022,South Dakota,Depression among adults,Sex,Female,23.9
2022,Puerto Rico,Frequent mental distress among adults,Race/Ethnicity,Hispanic,14.1
2022,New Jersey,Frequent mental distress among adults,Race/Ethnicity,"White, non-Hispanic",15.6
2022,Ohio,Depression among adults,Race/Ethnicity,"Black, non-Hispanic",21.2
2022,Pennsylvania,Depression among adults,Race/Ethnicity,"Black, non-Hispanic",19.9
2022,Oregon,Average mentally unhealthy days among adults,Sex,Male,4.7
2022,South Carolina,Average mentally unhealthy days among adults,Age,Age 45-64,4.4
2022,North Dakota,Frequent mental distress among adults,Race/Ethnicity,"American Indian or Alaska Native, non-Hispanic",21.1
2022,North Carolina,Frequent mental distress among adults,Race/Ethnicity,"American Indian or Alaska Native, non-Hispanic",19.5
2022,Oklahoma,Average mentally unhealthy days among adults,Age,Age >=65,3.2
2022,Pennsylvania,Average mentally unhealthy days among adults,Sex,Female,5.7
2022,New Mexico,Average mentally unhealthy days among adults,Overall,Overall,4.8
2022,Oklahoma,Depression among adults,Race/Ethnicity,"American Indian or Alaska Native, non-Hispanic",35.1
2022,South Carolina,Average mentally unhealthy days among adults,Race/Ethnicity,"Multiracial, non-Hispanic",7.5
2022,North Carolina,Depression among adults,Sex,Female,28.7
2022,New Mexico,Average mentally unhealthy days among adults,Race/Ethnicity,"American Indian or Alaska Native, non-Hispanic",5.6
2022,Pennsylvania,Average mentally unhealthy days among adults,Sex,Female,6.1
2022,Puerto Rico,Frequent mental distress among adults,Sex,Male,12.1
2022,United States,Average mentally unhealthy days among adults,Race/Ethnicity,"Asian, non-Hispanic",3.3
2022,South Dakota,Frequent mental distress among adults,Race/Ethnicity,"Multiracial, non-Hispanic",19.5
2022,North Dakota,Frequent mental distress among adults,Sex,Female,18.4
2022,North Dakota,Depression among adults,Age,Age >=65,12.2
2022,New Hampshire,Depression among adults,Age,Age >=65,16.8
2022,New Mexico,Depression among adults,Race/Ethnicity,"American Indian or Alaska Native, non-Hispanic",20.4
2022,Oregon,Depression among adults,Race/Ethnicity,"Multiracial, non-Hispanic",37.8
2022,Puerto Rico,Average mentally unhealthy days among adults,Sex,Female,4.6
2022,North Dakota,Depression among adults,Race/Ethnicity,"Multiracial, non-Hispanic",41.5
2022,New Jersey,Average mentally unhealthy days among adults,Race/Ethnicity,"Black, non-Hispanic",4.9
2022,North Dakota,Average mentally unhealthy days among adults,Race/Ethnicity,"Black, non-Hispanic",3.3
2022,Utah,Depression among adults,Age,Age 45-64,22.2
2022,North Carolina,Depression among adults,Race/Ethnicity,"Black, non-Hispanic",18.0
2022,New York,Frequent mental distress among adults,Age,Age >=65,10.5
2022,North Dakota,Depression among adults,Race/Ethnicity,"American Indian or Alaska Native, non-Hispanic",25.0
2022,Ohio,Average mentally unhealthy days among adults,Race/Ethnicity,"Asian, non-Hispanic",2.7
2022,New Hampshire,Average mentally unhealthy days among adults,Sex,Male,4.5
2022,Tennessee,Frequent mental distress among adults,Age,Age 45-64,17.1
2022,Ohio,Depression among adults,Race/Ethnicity,Hispanic,30.0
2022,North Carolina,Frequent mental distress among adults,Race/Ethnicity,"Multiracial, non-Hispanic",29.7
2022,New Hampshire,Frequent mental distress among adults,Race/Ethnicity,Hispanic,17.0
2022,New Mexico,Frequent mental distress among adults,Age,Age 18-44,21.0
2022,New Mexico,Frequent mental distress among adults,Sex,Female,18.1
2022,South Carolina,Depression among adults,Race/Ethnicity,"American Indian or Alaska Native, non-Hispanic",31.0
2022,New Mexico,Frequent mental distress among adults,Age,Age 45-64,14.4
2022,United States,Average mentally unhealthy days among adults,Race/Ethnicity,"White, non-Hispanic",5.4
2022,Ohio,Average mentally unhealthy days among adults,Sex,Female,6.4
2022,United States,Average mentally unhealthy days among adults,Age,Age 45-64,4.4
2022,Tennessee,Depression among adults,Overall,Overall,29.2
2022,Texas,Average mentally unhealthy days among adults,Race/Ethnicity,"Black, non-Hispanic",5.9
2022,Texas,Frequent mental distress among adults,Overall,Overall,16.2
2022,Oregon,Depression among adults,Overall,Overall,24.0
2022,Oregon,Frequent mental distress among adults,Age,Age 18-44,23.7
2022,South Dakota,Depression among adults,Age,Age 18-44,20.7
2022,New Mexico,Depression among adults,Sex,Female,25.8
2022,United States,Frequent mental distress among adults,Race/Ethnicity,"Hawaiian or Pacific Islander, non-Hispanic",19.2
2022,New Jersey,Depression among adults,Age,Age >=65,12.9
2022,United States,Frequent mental distress among adults,Race/Ethnicity,"Multiracial, non-Hispanic",23.3
2022,Texas,Depression among adults,Race/Ethnicity,"White, non-Hispanic",23.9
2022,Utah,Average mentally unhealthy days among adults,Sex,Female,6.3
2022,Puerto Rico,Depression among adults,Sex,Female,21.0
2022,Tennessee,Depression among adults,Sex,Male,21.1
2022,North Carolina,Frequent mental distress among adults,Race/Ethnicity,"Black, non-Hispanic",15.3
2022,New York,Frequent mental distress among adults,Race/Ethnicity,"White, non-Hispanic",14.7
2022,West Virginia,Average mentally unhealthy days among adults,Age,Age 45-64,6.7
2022,Wyoming,Depression among adults,Age,Age 45-64,21.0
2022,Vermont,Frequent mental distress among adults,Sex,Male,13.0
2022,West Virginia,Frequent mental distress among adults,Sex,Male,18.9
2022,Virginia,Average mentally unhealthy days among adults,Overall,Overall,5.3
2022,Virginia,Depression among adults,Sex,Male,15.9
2022,Virgin Islands,Frequent mental distress among adults,Race/Ethnicity,"Black, non-Hispanic",8.2
2022,Washington,Average mentally unhealthy days among adults,Race/Ethnicity,"White, non-Hispanic",5.8
2022,West Virginia,Average mentally unhealthy days among adults,Sex,Female,7.1
2022,West Virginia,Average mentally unhealthy days among adults,Race/Ethnicity,"Black, non-Hispanic",6.0
2022,Virginia,Depression among adults,Race/Ethnicity,"Multiracial, non-Hispanic",26.0
2022,Wyoming,Average mentally unhealthy days among adults,Age,Age >=65,2.8
2022,Virgin Islands,Average mentally unhealthy days among adults,Sex,Male,2.5
2022,Virgin Islands,Frequent mental distress among adults,Overall,Overall,10.8
2022,Washington,Frequent mental distress among adults,Age,Age >=65,8.3
2022,Virginia,Frequent mental distress among adults,Age,Age 45-64,13.0
2022,Washington,Frequent mental distress among adults,Race/Ethnicity,Hispanic,15.4
2022,Vermont,Average mentally unhealthy days among adults,Race/Ethnicity,Hispanic,8.7
2022,Virginia,Frequent mental distress among adults,Sex,Female,19.2
2022,Washington,Average mentally unhealthy days among adults,Overall,Overall,5.3
2022,Virgin Islands,Frequent mental distress among adults,Sex,Female,11.3
2022,West Virginia,Depression among adults,Sex,Male,19.8
2022,Wisconsin,Frequent mental distress among adults,Race/Ethnicity,Hispanic,17.3
2022,Vermont,Frequent mental distress among adults,Age,Age 45-64,12.5
2022,Wyoming,Frequent mental distress among adults,Sex,Female,20.4
2022,Virginia,Frequent mental distress among adults,Sex,Female,20.6
2022,Wyoming,Depression among adults,Race/Ethnicity,"American Indian or Alaska Native, non-Hispanic",21.9
2022,Washington,Depression among adults,Race/Ethnicity,"Black, non-Hispanic",18.8
2022,Washington,Frequent mental distress among adults,Overall,Overall,16.5
2022,Virginia,Depression among adults,Age,Age 18-44,26.1
2022,Virgin Islands,Depression among adults,Overall,Overall,10.8
2022,Virginia,Average mentally unhealthy days among adults,Sex,Male,4.2
2022,Wisconsin,Depression among adults,Race/Ethnicity,Hispanic,23.0
2022,Wisconsin,Average mentally unhealthy days among adults,Sex,Male,4.3
2022,Virginia,Average mentally unhealthy days among adults,Race/Ethnicity,"Black, non-Hispanic",4.9
2022,Vermont,Depression among adults,Race/Ethnicity,"Multiracial, non-Hispanic",37.1
2022,West Virginia,Depression among adults,Race/Ethnicity,"Black, non-Hispanic",15.0
2022,Wisconsin,Frequent mental distress among adults,Race/Ethnicity,"Black, non-Hispanic",21.5
2022,Washington,Depression among adults,Race/Ethnicity,Hispanic,21.6
2022,Virgin Islands,Average mentally unhealthy days among adults,Age,Age 45-64,2.1
2022,Wisconsin,Average mentally unhealthy days among adults,Overall,Overall,5.0
2022,Vermont,Average mentally unhealthy days among adults,Race/Ethnicity,"Asian, non-Hispanic",2.3
2022,Wyoming,Average mentally unhealthy days among adults,Overall,Overall,4.6
2022,West Virginia,Average mentally unhealthy days among adults,Race/Ethnicity,"Multiracial, non-Hispanic",8.4
2022,Virginia,Depression among adults,Race/Ethnicity,Hispanic,14.0
2022,West Virginia,Depression among adults,Age,Age 18-44,29.9
2022,Washington,Depression among adults,Race/Ethnicity,"American Indian or Alaska Native, non-Hispanic",29.9
2022,Vermont,Average mentally unhealthy days among adults,Overall,Overall,5.5
2022,Virginia,Average mentally unhealthy days among adults,Age,Age 18-44,6.9
2022,Wisconsin,Depression among adults,Race/Ethnicity,Hispanic,23.7
2022,Washington,Depression among adults,Sex,Male,18.1
2022,Wisconsin,Average mentally unhealthy days among adults,Race/Ethnicity,"Asian, non-Hispanic",3.1
2022,Wisconsin,Depression among adults,Race/Ethnicity,"White, non-Hispanic",25.4
2022,Virginia,Average mentally unhealthy days among adults,Race/Ethnicity,"White, non-Hispanic",5.3
2022,Virgin Islands,Average mentally unhealthy days among adults,Race/Ethnicity,"White, non-Hispanic",4.3
2022,West Virginia,Frequent mental distress among adults,Race/Ethnicity,"Multiracial, non-Hispanic",28.8
2022,Wisconsin,Average mentally unhealthy days among adults,Race/Ethnicity,"White, non-Hispanic",4.8
2022,Virgin Islands,Depression among adults,Race/Ethnicity,"Black, non-Hispanic",8.8
2022,Wyoming,Average mentally unhealthy days among adults,Sex,Male,3.4
2022,Wyoming,Frequent mental distress among adults,Race/Ethnicity,"White, non-Hispanic",13.7
2022,Virgin Islands,Frequent mental distress among adults,Sex,Male,8.3
2022,West Virginia,Depression among adults,Race/Ethnicity,Hispanic,38.1
2022,Washington,Frequent mental distress among adults,Race/Ethnicity,"Asian, non-Hispanic",9.9
2022,Wisconsin,Average mentally unhealthy days among adults,Sex,Male,4.0
2022,Wisconsin,Average mentally unhealthy days among adults,Age,Age >=65,2.4
2022,Vermont,Frequent mental distress among adults,Race/Ethnicity,"White, non-Hispanic",17.0
2022,Virginia,Depression among adults,Race/Ethnicity,"Black, non-Hispanic",17.7
2022,West Virginia,Frequent mental distress among adults,Race/Ethnicity,"White, non-Hispanic",22.3
2022,Washington,Average mentally unhealthy days among adults,Race/Ethnicity,Hispanic,4.3
2022,West Virginia,Frequent mental distress among adults,Age,Age >=65,11.2
2022,Wisconsin,Frequent mental distress among adults,Sex,Male,12.7
2022,West Virginia,Average mentally unhealthy days among adults,Race/Ethnicity,Hispanic,8.6
2022,Wisconsin,Frequent mental distress among adults,Overall,Overall,16.1
2022,Virginia,Depression among adults,Sex,Female,27.3
2022,Washington,Average mentally unhealthy days among adults,Overall,Overall,5.1
2022,Wisconsin,Frequent mental distress among adults,Race/Ethnicity,"Multiracial, non-Hispanic",22.2
2022,Wyoming,Depression among adults,Race/Ethnicity,Hispanic,21.6
2022,West Virginia,Frequent mental distress among adults,Overall,Overall,22.5
2022,Wisconsin,Depression among adults,Overall,Overall,23.0
2022,Virginia,Frequent mental distress among adults,Race/Ethnicity,"American Indian or Alaska Native, non-Hispanic",37.8
2022,Washington,Frequent mental distress among adults,Race/Ethnicity,"White, non-Hispanic",18.5
2022,Vermont,Average mentally unhealthy days among adults,Race/Ethnicity,"White, non-Hispanic",5.4
2022,Virginia,Frequent mental distress among adults,Race/Ethnicity,"Black, non-Hispanic",18.3
2022,Washington,Average mentally unhealthy days among adults,Race/Ethnicity,"Asian, non-Hispanic",3.2
2022,West Virginia,Depression among adults,Race/Ethnicity,"White, non-Hispanic",28.4
2022,Washington,Frequent mental distress among adults,Race/Ethnicity,"Hawaiian or Pacific Islander, non-Hispanic",20.2
2022,Virgin Islands,Frequent mental distress among adults,Race/Ethnicity,Hispanic,11.5
2022,Washington,Average mentally unhealthy days among adults,Age,Age 45-64,4.4
2022,Wisconsin,Depression among adults,Race/Ethnicity,"American Indian or Alaska Native, non-Hispanic",22.2
2022,West Virginia,Frequent mental distress among adults,Age,Age 18-44,25.9
2022,Washington,Average mentally unhealthy days among adults,Sex,Female,6.2
2022,Virginia,Frequent mental distress among adults,Overall,Overall,16.4
2022,Vermont,Frequent mental distress among adults,Sex,Male,13.5
2022,Washington,Frequent mental distress among adults,Race/Ethnicity,Hispanic,14.0
2022,Wyoming,Depression among adults,Overall,Overall,22.1
2022,Vermont,Depression among adults,Sex,Male,18.8
2022,Virginia,Frequent mental distress among adults,Sex,Male,13.7
2022,Wyoming,Frequent mental distress among adults,Race/Ethnicity,"American Indian or Alaska Native, non-Hispanic",18.1
2022,Wyoming,Depression among adults,Sex,Female,31.7
2022,Virgin Islands,Frequent mental distress among adults,Sex,Female,11.6
2022,Vermont,Depression among adults,Age,Age >=65,19.1
2022,Wisconsin,Average mentally unhealthy days among adults,Race/Ethnicity,Hispanic,5.3
2022,Washington,Average mentally unhealthy days among adults,Race/Ethnicity,"American Indian or Alaska Native, non-Hispanic",7.1
2022,Washington,Depression among adults,Race/Ethnicity,"Asian, non-Hispanic",12.0
2022,Vermont,Average mentally unhealthy days among adults,Race/Ethnicity,Hispanic,9.9
2022,Virgin Islands,Frequent mental distress among adults,Race/Ethnicity,"Black, non-Hispanic",9.5
2022,Washington,Average mentally unhealthy days among adults,Race/Ethnicity,"White, non-Hispanic",5.2
2022,West Virginia,Depression among adults,Sex,Male,20.6
2022,Washington,Frequent mental distress among adults,Sex,Female,19.3
2022,West Virginia,Average mentally unhealthy days among adults,Sex,Female,7.5
2022,Virginia,Depression among adults,Race/Ethnicity,"White, non-Hispanic",25.5
2022,Wisconsin,Depression among adults,Race/Ethnicity,"Black, non-Hispanic",21.2
2022,Washington,Depression among adults,Race/Ethnicity,"Hawaiian or Pacific Islander, non-Hispanic",22.9
2022,Wisconsin,Average mentally unhealthy days among adults,Race/Ethnicity,"American Indian or Alaska Native, non-Hispanic",6.1
2022,Washington,Depression among adults,Race/Ethnicity,"White, non-Hispanic",29.6
2022,Vermont,Frequent mental distress among adults,Race/Ethnicity,"White, non-Hispanic",15.3
2022,Virginia,Average mentally unhealthy days among adults,Race/Ethnicity,"Asian, non-Hispanic",4.0
2022,Vermont,Depression among adults,Race/Ethnicity,"White, non-Hispanic",24.9
2022,Wisconsin,Frequent mental distress among adults,Race/Ethnicity,Hispanic,18.7
2022,Wyoming,Frequent mental distress among adults,Sex,Male,10.3
2022,Vermont,Frequent mental distress among adults,Overall,Overall,16.2
2022,Vermont,Depression among adults,Overall,Overall,25.9
2022,Virgin Islands,Average mentally unhealthy days among adults,Race/Ethnicity,Hispanic,3.4
2022,Wyoming,Frequent mental distress among adults,Overall,Overall,15.3
2022,Virginia,Frequent mental distress among adults,Race/Ethnicity,"Multiracial, non-Hispanic",20.1
2022,Virginia,Average mentally unhealthy days among adults,Sex,Male,4.3
2022,Wyoming,Depression among adults,Race/Ethnicity,"White, non-Hispanic",23.5
2022,Wisconsin,Average mentally unhealthy days among adults,Race/Ethnicity,"White, non-Hispanic",5.3
2022,Wyoming,Average mentally unhealthy days among adults,Age,Age 18-44,5.8
2022,West Virginia,Average mentally unhealthy days among adults,Overall,Overall,6.2
2022,West Virginia,Depression among adults,Overall,Overall,26.9
2022,Washington,Frequent mental distress among adults,Overall,Overall,17.1
2022,West Virginia,Depression among adults,Race/Ethnicity,"White, non-Hispanic",27.1
2022,Washington,Depression among adults,Race/Ethnicity,"Multiracial, non-Hispanic",33.6
2022,West Virginia,Depression among adults,Race/Ethnicity,"Multiracial, non-Hispanic",29.8
2022,Washington,Depression among adults,Race/Ethnicity,"White, non-Hispanic",27.4
2022,Virginia,Depression among adults,Race/Ethnicity,"Asian, non-Hispanic",15.4
2022,Washington,Frequent mental distress among adults,Race/Ethnicity,"Asian, non-Hispanic",9.9
2022,Vermont,Frequent mental distress among adults,Race/Ethnicity,Hispanic,31.8
2022,Wisconsin,Average mentally unhealthy days among adults,Age,Age 18-44,7.0
2022,Wisconsin,Depression among adults,Age,Age 45-64,21.3
2022,Wyoming,Average mentally unhealthy days among adults,Race/Ethnicity,"American Indian or Alaska Native, non-Hispanic",5.3
2022,Washington,Frequent mental distress among adults,Sex,Male,13.6
2022,Wisconsin,Frequent mental distress among adults,Sex,Female,20.7
2022,Virginia,Depression among adults,Age,Age 45-64,19.4
2022,Vermont,Depression among adults,Race/Ethnicity,Hispanic,34.9
2022,Wisconsin,Frequent mental distress among adults,Race/Ethnicity,"Black, non-Hispanic",21.6
2022,Wyoming,Depression among adults,Race/Ethnicity,"White, non-Hispanic",21.9
2022,Washington,Depression among adults,Age,Age >=65,17.7
2022,Vermont,Average mentally unhealthy days among adults,Sex,Male,4.3
2022,Virgin Islands,Average mentally unhealthy days among adults,Overall,Overall,3.1
2022,Virgin Islands,Frequent mental distress among adults,Age,Age 45-64,5.8
2022,Virginia,Average mentally unhealthy days among adults,Race/Ethnicity,"White, non-Hispanic",5.8
2022,Vermont,Average mentally unhealthy days among adults,Race/Ethnicity,"American Indian or Alaska Native, non-Hispanic",8.2
2022,West Virginia,Depression among adults,Age,Age >=65,19.0
2022,Wyoming,Average mentally unhealthy days among adults,Sex,Male,3.3
2022,Washington,Average mentally unhealthy days among adults,Race/Ethnicity,Hispanic,4.7
2022,Virginia,Frequent mental distress among adults,Race/Ethnicity,"Black, non-Hispanic",16.5
2022,Virgin Islands,Depression among adults,Sex,Male,8.4
2022,Washington,Depression among adults,Sex,Male,18.5
2022,Washington,Frequent mental distress among adults,Race/Ethnicity,"Hawaiian or Pacific Islander, non-Hispanic",19.2
2022,Wisconsin,Depression among adults,Race/Ethnicity,"White, non-Hispanic",23.4
2022,Washington,Frequent mental distress among adults,Age,Age 18-44,22.3
2022,West Virginia,Frequent mental distress among adults,Race/Ethnicity,"Multiracial, non-Hispanic",27.6
2022,Virginia,Frequent mental distress among adults,Race/Ethnicity,"Asian, non-Hispanic",12.8
2022,Washington,Frequent mental distress among adults,Race/Ethnicity,"White, non-Hispanic",16.5
2022,West Virginia,Frequent mental distress among adults,Sex,Male,17.7
2022,Virginia,Average mentally unhealthy days among adults,Age,Age >=65,3.0
2022,Vermont,Average mentally unhealthy days among adults,Age,Age 45-64,4.2
2022,Washington,Depression among adults,Overall,Overall,25.0
2022,Virgin Islands,Average mentally unhealthy days among adults,Sex,Male,2.9
2022,West Virginia,Frequent mental distress among adults,Age,Age 45-64,23.4
2022,Wyoming,Frequent mental distress among adults,Overall,Overall,14.8
2022,Wisconsin,Frequent mental distress among adults,Overall,Overall,17.0
2022,Virginia,Frequent mental distress among adults,Race/Ethnicity,"Multiracial, non-Hispanic",22.4
2022,Vermont,Average mentally unhealthy days among adults,Race/Ethnicity,"White, non-Hispanic",4.9
2022,Washington,Average mentally unhealthy days among adults,Race/Ethnicity,"Black, non-Hispanic",5.3
2022,Wisconsin,Average mentally unhealthy days among adults,Race/Ethnicity,"Multiracial, non-Hispanic",6.3
2022,West Virginia,Frequent mental distress among adults,Race/Ethnicity,"White, non-Hispanic",20.6
2022,Washington,Frequent mental distress among adults,Race/Ethnicity,"Multiracial, non-Hispanic",29.6
2022,Vermont,Depression among adults,Age,Age 18-44,29.9
2022,Vermont,Average mentally unhealthy days among adults,Race/Ethnicity,"Multiracial, non-Hispanic",8.0
2022,Wyoming,Frequent mental distress among adults,Sex,Male,10.6
2022,Vermont,Frequent mental distress among adults,Overall,Overall,17.3
2022,Vermont,Depression among adults,Race/Ethnicity,"White, non-Hispanic",26.4
2022,Wisconsin,Depression among adults,Race/Ethnicity,"Black, non-Hispanic",21.1
2022,Wisconsin,Depression among adults,Sex,Male,16.3
2022,West Virginia,Average mentally unhealthy days among adults,Overall,Overall,6.6
2022,Wisconsin,Frequent mental distress among adults,Age,Age 45-64,13.9
2022,Wyoming,Average mentally unhealthy days among adults,Race/Ethnicity,Hispanic,4.2
2022,Vermont,Depression among adults,Sex,Female,30.6
2022,Wisconsin,Depression among adults,Race/Ethnicity,"Multiracial, non-Hispanic",37.3
2022,Wyoming,Depression among adults,Sex,Female,29.9
2022,Virginia,Average mentally unhealthy days among adults,Sex,Female,6.3
2022,Virginia,Depression among adults,Overall,Overall,22.3
2022,Washington,Average mentally unhealthy days among adults,Sex,Male,4.3
2022,Wyoming,Depression among adults,Sex,Male,14.7
2022,Virginia,Average mentally unhealthy days among adults,Race/Ethnicity,"Asian, non-Hispanic",3.7
2022,Virginia,Frequent mental distress among adults,Age,Age >=65,9.0
2022,Wisconsin,Average mentally unhealthy days among adults,Sex,Female,6.4
2022,West Virginia,Frequent mental distress among adults,Race/Ethnicity,Hispanic,30.1
2022,Washington,Average mentally unhealthy days among adults,Race/Ethnicity,"American Indian or Alaska Native, non-Hispanic",6.5
2022,Virginia,Frequent mental distress among adults,Sex,Male,13.4
2022,West Virginia,Depression among adults,Sex,Female,33.8
2022,Virgin Islands,Depression among adults,Sex,Female,13.2
2022,Vermont,Average mentally unhealthy days among adults,Sex,Female,5.9
2022,Vermont,Average mentally unhealthy days among adults,Sex,Male,4.5
2022,Washington,Depression among adults,Race/Ethnicity,"Hawaiian or Pacific Islander, non-Hispanic",27.4
2022,Virginia,Frequent mental distress among adults,Race/Ethnicity,"White, non-Hispanic",16.7
2022,Washington,Frequent mental distress among adults,Race/Ethnicity,"Black, non-Hispanic",16.0
2022,Wisconsin,Average mentally unhealthy days among adults,Age,Age 45-64,4.3
2022,Washington,Average mentally unhealthy days among adults,Race/Ethnicity,"Hawaiian or Pacific Islander, non-Hispanic",6.1
2022,Wyoming,Depression among adults,Overall,Overall,22.9
2022,Wyoming,Average mentally unhealthy days among adults,Age,Age 45-64,4.2
2022,Vermont,Frequent mental distress among adults,Sex,Female,21.1
2022,Washington,Depression among adults,Race/Ethnicity,"Asian, non-Hispanic",11.9
2022,Virginia,Average mentally unhealthy days among adults,Race/Ethnicity,"American Indian or Alaska Native, non-Hispanic",10.3
2022,Vermont,Average mentally unhealthy days among adults,Race/Ethnicity,"Black, non-Hispanic",3.0
2022,Wyoming,Average mentally unhealthy days among adults,Race/Ethnicity,"White, non-Hispanic",4.8
2022,Washington,Average mentally unhealthy days among adults,Race/Ethnicity,"Multiracial, non-Hispanic",8.3
2022,Washington,Frequent mental distress among adults,Sex,Female,20.4
2022,Vermont,Depression among adults,Race/Ethnicity,"Asian, non-Hispanic",12.2
2022,West Virginia,Average mentally unhealthy days among adults,Race/Ethnicity,"White, non-Hispanic",6.5
2022,Washington,Average mentally unhealthy days among adults,Age,Age 18-44,6.7
2022,Virginia,Depression among adults,Race/Ethnicity,Hispanic,14.9
2022,Virginia,Frequent mental distress among adults,Overall,Overall,17.1
2022,Vermont,Depression among adults,Age,Age 45-64,23.1
2022,Virgin Islands,Average mentally unhealthy days among adults,Age,Age 18-44,4.4
2022,Washington,Average mentally unhealthy days among adults,Race/Ethnicity,"Black, non-Hispanic",5.1
2022,Virginia,Frequent mental distress among adults,Race/Ethnicity,"Asian, non-Hispanic",13.4
2022,West Virginia,Depression among adults,Race/Ethnicity,"Multiracial, non-Hispanic",29.3
2022,Washington,Depression among adults,Race/Ethnicity,"Multiracial, non-Hispanic",36.5
2022,Washington,Frequent mental distress among adults,Race/Ethnicity,"American Indian or Alaska Native, non-Hispanic",23.7
2022,Wyoming,Frequent mental distress among adults,Race/Ethnicity,Hispanic,17.9
2022,Vermont,Average mentally unhealthy days among adults,Race/Ethnicity,"American Indian or Alaska Native, non-Hispanic",7.6
2022,Wyoming,Average mentally unhealthy days among adults,Race/Ethnicity,"American Indian or Alaska Native, non-Hispanic",5.8
2022,Washington,Frequent mental distress among adults,Sex,Male,13.9
2022,Wisconsin,Frequent mental distress among adults,Sex,Female,19.3
2022,Virginia,Depression among adults,Overall,Overall,21.8
2022,Washington,Average mentally unhealthy days among adults,Race/Ethnicity,"Hawaiian or Pacific Islander, non-Hispanic",5.9
2022,West Virginia,Average mentally unhealthy days among adults,Sex,Male,5.7
2022,Washington,Depression among adults,Sex,Female,31.9
2022,West Virginia,Average mentally unhealthy days among adults,Race/Ethnicity,"Multiracial, non-Hispanic",8.1
2022,Virginia,Depression among adults,Race/Ethnicity,"White, non-Hispanic",27.4
2022,Vermont,Frequent mental distress among adults,Race/Ethnicity,"Multiracial, non-Hispanic",27.3
2022,Wisconsin,Frequent mental distress among adults,Race/Ethnicity,"White, non-Hispanic",17.0
2022,Virgin Islands,Frequent mental distress among adults,Age,Age 18-44,14.0
2022,Wisconsin,Depression among adults,Age,Age 18-44,29.4
2022,Virgin Islands,Average mentally unhealthy days among adults,Sex,Female,3.5
2022,Wyoming,Frequent mental distress among adults,Sex,Female,19.4
2022,Vermont,Depression among adults,Sex,Female,32.3
2022,Wyoming,Frequent mental distress among adults,Age,Age 45-64,13.1
2022,Wyoming,Average mentally unhealthy days among adults,Sex,Female,5.9
2022,Virginia,Frequent mental distress among adults,Race/Ethnicity,Hispanic,14.4
2022,Vermont,Depression among adults,Race/Ethnicity,Hispanic,34.9
2022,Washington,Depression among adults,Overall,Overall,25.6
2022,Vermont,Frequent mental distress among adults,Age,Age >=65,9.2
2022,Wisconsin,Depression among adults,Race/Ethnicity,"American Indian or Alaska Native, non-Hispanic",23.9
2022,Virgin Islands,Average mentally unhealthy days among adults,Overall,Overall,3.4
2022,West Virginia,Depression among adults,Overall,Overall,28.0
2022,West Virginia,Frequent mental distress among adults,Sex,Female,24.4
2022,Vermont,Average mentally unhealthy days among adults,Age,Age 18-44,7.2
2022,Wisconsin,Depression among adults,Sex,Female,29.6
2022,Wyoming,Depression among adults,Age,Age 18-44,27.4
2022,Virginia,Depression among adults,Sex,Male,16.2
2022,Washington,Depression among adults,Age,Age 18-44,29.9
2022,Virginia,Depression among adults,Race/Ethnicity,"Asian, non-Hispanic",14.4
2022,Wisconsin,Frequent mental distress among adults,Race/Ethnicity,"American Indian or Alaska Native, non-Hispanic",18.8
2022,Wisconsin,Average mentally unhealthy days among adults,Race/Ethnicity,"Black, non-Hispanic",6.6
2022,Washington,Frequent mental distress among adults,Age,Age 45-64,13.3
2022,Virginia,Average mentally unhealthy days among adults,Race/Ethnicity,"Multiracial, non-Hispanic",7.0
2022,Vermont,Frequent mental distress among adults,Race/Ethnicity,"American Indian or Alaska Native, non-Hispanic",24.5
2022,West Virginia,Average mentally unhealthy days among adults,Race/Ethnicity,"Black, non-Hispanic",5.9
2022,Virgin Islands,Average mentally unhealthy days among adults,Race/Ethnicity,"Black, non-Hispanic",3.2
2022,Virginia,Frequent mental distress among adults,Race/Ethnicity,"White, non-Hispanic",18.4
2022,Wisconsin,Depression among adults,Age,Age >=65,13.9
2022,Virginia,Average mentally unhealthy days among adults,Sex,Female,6.0
2022,West Virginia,Average mentally unhealthy days among adults,Age,Age 18-44,7.6
2022,Washington,Average mentally unhealthy days among adults,Race/Ethnicity,"Asian, non-Hispanic",3.1
2022,Wisconsin,Frequent mental distress among adults,Age,Age 18-44,22.4
2022,Wyoming,Average mentally unhealthy days among adults,Race/Ethnicity,Hispanic,4.8
2022,Washington,Average mentally unhealthy days among adults,Sex,Female,5.9
2022,West Virginia,Depression among adults,Race/Ethnicity,"Black, non-Hispanic",15.4
2022,Washington,Depression among adults,Race/Ethnicity,Hispanic,20.8
2022,Virginia,Average mentally unhealthy days among adults,Race/Ethnicity,Hispanic,4.1
2022,Wisconsin,Depression among adults,Sex,Male,16.9
2022,Virgin Islands,Frequent mental distress among adults,Overall,Overall,9.9
2022,Wisconsin,Depression among adults,Race/Ethnicity,"Multiracial, non-Hispanic",36.3
2022,Washington,Average mentally unhealthy days among adults,Sex,Male,4.4
2022,Wyoming,Depression among adults,Race/Ethnicity,Hispanic,18.9
2022,Washington,Frequent mental distress among adults,Race/Ethnicity,"Multiracial, non-Hispanic",26.7
2022,Virginia,Average mentally unhealthy days among adults,Race/Ethnicity,"Black, non-Hispanic",5.4
2022,Virgin Islands,Depression among adults,Race/Ethnicity,Hispanic,12.3
2022,Wisconsin,Average mentally unhealthy days among adults,Race/Ethnicity,"Black, non-Hispanic",6.6
2022,Virginia,Depression among adults,Race/Ethnicity,"Black, non-Hispanic",16.6
2022,Vermont,Frequent mental distress among adults,Sex,Female,19.2
2022,Virginia,Average mentally unhealthy days among adults,Overall,Overall,5.1
2022,Vermont,Depression among adults,Race/Ethnicity,"American Indian or Alaska Native, non-Hispanic",37.0
2022,Virgin Islands,Depression among adults,Overall,Overall,9.5
2022,Wisconsin,Average mentally unhealthy days among adults,Sex,Female,6.0
2022,Virgin Islands,Depression among adults,Sex,Female,10.5
2022,Vermont,Average mentally unhealthy days among adults,Race/Ethnicity,"Multiracial, non-Hispanic",7.2
2022,Washington,Depression among adults,Race/Ethnicity,"Black, non-Hispanic",19.1
2022,Wyoming,Average mentally unhealthy days among adults,Race/Ethnicity,"White, non-Hispanic",4.4
2022,West Virginia,Average mentally unhealthy days among adults,Race/Ethnicity,"White, non-Hispanic",6.1
2022,Washington,Frequent mental distress among adults,Race/Ethnicity,"Black, non-Hispanic",16.7
2022,Wisconsin,Average mentally unhealthy days among adults,Overall,Overall,5.3
2022,Washington,Average mentally unhealthy days among adults,Age,Age >=65,2.7
2022,Virginia,Depression among adults,Race/Ethnicity,"Multiracial, non-Hispanic",24.7
2022,Virginia,Frequent mental distress among adults,Age,Age 18-44,22.4
2022,West Virginia,Frequent mental distress among adults,Race/Ethnicity,"Black, non-Hispanic",21.0
2022,Virgin Islands,Depression among adults,Race/Ethnicity,"Black, non-Hispanic",7.7
2022,Virginia,Depression among adults,Age,Age >=65,16.4
2022,Vermont,Average mentally unhealthy days among adults,Age,Age >=65,3.0
2022,West Virginia,Frequent mental distress among adults,Race/Ethnicity,"Black, non-Hispanic",20.0
2022,Virginia,Frequent mental distress among adults,Race/Ethnicity,Hispanic,13.0
2022,Wisconsin,Frequent mental distress among adults,Sex,Male,13.4
2022,Vermont,Frequent mental distress among adults,Race/Ethnicity,Hispanic,28.1
2022,Wisconsin,Frequent mental distress among adults,Age,Age >=65,7.6
2022,Wyoming,Frequent mental distress among adults,Age,Age 18-44,19.2
2022,West Virginia,Frequent mental distress among adults,Race/Ethnicity,Hispanic,23.7
2022,Wisconsin,Frequent mental distress among adults,Race/Ethnicity,"Multiracial, non-Hispanic",21.4
2022,Wisconsin,Frequent mental distress among adults,Race/Ethnicity,"White, non-Hispanic",15.4
2022,Virgin Islands,Average mentally unhealthy days among adults,Sex,Female,3.6
2022,West Virginia,Frequent mental distress among adults,Overall,Overall,21.1
2022,Wisconsin,Average mentally unhealthy days among adults,Race/Ethnicity,"Multiracial, non-Hispanic",6.5
2022,Washington,Depression among adults,Race/Ethnicity,"American Indian or Alaska Native, non-Hispanic",30.1
2022,Wyoming,Average mentally unhealthy days among adults,Sex,Female,6.2
2022,Vermont,Average mentally unhealthy days among adults,Sex,Female,6.5
2022,Washington,Average mentally unhealthy days among adults,Race/Ethnicity,"Multiracial, non-Hispanic",7.6
2022,Wyoming,Depression among adults,Age,Age >=65,13.7
2022,West Virginia,Average mentally unhealthy days among adults,Sex,Male,5.3
2022,Washington,Depression among adults,Sex,Female,32.9
2022,West Virginia,Depression among adults,Sex,Female,35.4
2022,Wisconsin,Average mentally unhealthy days among adults,Race/Ethnicity,"American Indian or Alaska Native, non-Hispanic",6.1
2022,Virginia,Depression among adults,Sex,Female,28.3
2022,Washington,Frequent mental distress among adults,Race/Ethnicity,"American Indian or Alaska Native, non-Hispanic",27.3
2022,Wyoming,Depression among adults,Race/Ethnicity,"American Indian or Alaska Native, non-Hispanic",22.6
2022,Wyoming,Average mentally unhealthy days among adults,Overall,Overall,4.8
2022,Vermont,Depression among adults,Overall,Overall,24.8
2022,Vermont,Average mentally unhealthy days among adults,Overall,Overall,5.1
2022,Virginia,Average mentally unhealthy days among adults,Age,Age 45-64,4.1
2022,Virginia,Average mentally unhealthy days among adults,Race/Ethnicity,"Multiracial, non-Hispanic",6.3
2022,Vermont,Frequent mental distress among adults,Age,Age 18-44,23.6
2022,Washington,Depression among adults,Age,Age 45-64,22.8
2022,West Virginia,Average mentally unhealthy days among adults,Race/Ethnicity,Hispanic,7.1
2022,Wisconsin,Frequent mental distress among adults,Race/Ethnicity,"American Indian or Alaska Native, non-Hispanic",19.0
2022,Virgin Islands,Average mentally unhealthy days among adults,Race/Ethnicity,"Black, non-Hispanic",2.8
2022,Wyoming,Depression among adults,Sex,Male,14.4
2022,Vermont,Average mentally unhealthy days among adults,Race/Ethnicity,"Asian, non-Hispanic",1.7
2022,Wyoming,Frequent mental distress among adults,Race/Ethnicity,"White, non-Hispanic",14.7
2022,West Virginia,Depression among adults,Age,Age 45-64,29.9
2022,Virgin Islands,Depression among adults,Age,Age 18-44,14.2
2022,West Virginia,Average mentally unhealthy days among adults,Age,Age >=65,3.5
2022,West Virginia,Depression among adults,Race/Ethnicity,Hispanic,40.3
2022,Wisconsin,Average mentally unhealthy days among adults,Race/Ethnicity,"Asian, non-Hispanic",2.2
2022,Virginia,Depression among adults,Race/Ethnicity,"American Indian or Alaska Native, non-Hispanic",31.3
2022,Wyoming,Frequent mental distress among adults,Race/Ethnicity,Hispanic,15.8
2022,Wisconsin,Average mentally unhealthy days among adults,Race/Ethnicity,Hispanic,5.7
2022,Wisconsin,Depression among adults,Sex,Female,31.5
2022,Wisconsin,Depression among adults,Overall,Overall,24.2
2022,Vermont,Frequent mental distress among adults,Race/Ethnicity,"Multiracial, non-Hispanic",33.3
2022,Virginia,Average mentally unhealthy days among adults,Race/Ethnicity,Hispanic,4.4
2022,Vermont,Depression among adults,Race/Ethnicity,"Multiracial, non-Hispanic",36.1
2022,West Virginia,Frequent mental distress among adults,Sex,Female,26.0
